source_dataset,external_dataset,filename,true_label,pred_label,prob_0,prob_1,prob_2,prob_3,prob_4,confidence,usage,brightness_category,p50,variant,seed,abs_path,path_resolution_mode
EYEPACS,MESSIDOR2,20051020_43808_0100_PP.png,0,1,0.35222593,0.4090637,0.21201415,0.022513175,0.0041830535,0.4090637,external_test,ExtremelyDark,68.0,adaptive_feather,123,C:\Users\USER\Desktop\Articulo\Datasets\MESSIDOR2\adaptive_feather\r224\20051020_43808_0100_PP.png,direct_exact
EYEPACS,MESSIDOR2,20051020_43832_0100_PP.png,1,1,0.26635244,0.37217432,0.33097792,0.026003968,0.0044913087,0.37217432,external_test,VeryDark,70.0,adaptive_feather,123,C:\Users\USER\Desktop\Articulo\Datasets\MESSIDOR2\adaptive_feather\r224\20051020_43832_0100_PP.png,direct_exact
EYEPACS,MESSIDOR2,20051020_43882_0100_PP.png,1,1,0.29337546,0.40130365,0.19849141,0.100975014,0.0058544725,0.40130365,external_test,Bright,133.0,adaptive_feather,123,C:\Users\USER\Desktop\Articulo\Datasets\MESSIDOR2\adaptive_feather\r224\20051020_43882_0100_PP.png,direct_exact
EYEPACS,MESSIDOR2,20051020_43906_0100_PP.png,2,0,0.44359374,0.3348967,0.18174864,0.0329398,0.006821063,0.44359374,external_test,Bright,135.0,adaptive_feather,123,C:\Users\USER\Desktop\Articulo\Datasets\MESSIDOR2\adaptive_feather\r224\20051020_43906_0100_PP.png,direct_exact
EYEPACS,MESSIDOR2,20051020_44261_0100_PP.png,0,0,0.63925195,0.33244675,0.023948824,0.0029599597,0.0013925318,0.63925195,external_test,VeryDark,83.0,adaptive_feather,123,C:\Users\USER\Desktop\Articulo\Datasets\MESSIDOR2\adaptive_feather\r224\20051020_44261_0100_PP.png,direct_exact
EYEPACS,MESSIDOR2,20051020_44284_0100_PP.png,0,0,0.510744,0.44098815,0.044112943,0.0023465324,0.0018083483,0.510744,external_test,VeryDark,77.0,adaptive_feather,123,C:\Users\USER\Desktop\Articulo\Datasets\MESSIDOR2\adaptive_feather\r224\20051020_44284_0100_PP.png,direct_exact
EYEPACS,MESSIDOR2,20051020_44338_0100_PP.png,0,0,0.59967583,0.19052339,0.16742513,0.03646913,0.005906561,0.59967583,external_test,Dark,88.0,adaptive_feather,123,C:\Users\USER\Desktop\Articulo\Datasets\MESSIDOR2\adaptive_feather\r224\20051020_44338_0100_PP.png,direct_exact
EYEPACS,MESSIDOR2,20051020_44349_0100_PP.png,2,2,0.17782371,0.12248888,0.33368686,0.2869961,0.07900449,0.33368686,external_test,Dark,93.0,adaptive_feather,123,C:\Users\USER\Desktop\Articulo\Datasets\MESSIDOR2\adaptive_feather\r224\20051020_44349_0100_PP.png,direct_exact
EYEPACS,MESSIDOR2,20051020_44400_0100_PP.png,0,0,0.46206224,0.1768923,0.17996538,0.16681233,0.014267676,0.46206224,external_test,Dark,102.0,adaptive_feather,123,C:\Users\USER\Desktop\Articulo\Datasets\MESSIDOR2\adaptive_feather\r224\20051020_44400_0100_PP.png,direct_exact
EYEPACS,MESSIDOR2,20051020_44431_0100_PP.png,0,0,0.44529113,0.2032994,0.25910828,0.055498704,0.036802433,0.44529113,external_test,Dark,91.0,adaptive_feather,123,C:\Users\USER\Desktop\Articulo\Datasets\MESSIDOR2\adaptive_feather\r224\20051020_44431_0100_PP.png,direct_exact
EYEPACS,MESSIDOR2,20051020_44598_0100_PP.png,2,0,0.43557093,0.4329422,0.11102791,0.016786141,0.0036727996,0.43557093,external_test,Dark,85.0,adaptive_feather,123,C:\Users\USER\Desktop\Articulo\Datasets\MESSIDOR2\adaptive_feather\r224\20051020_44598_0100_PP.png,direct_exact
EYEPACS,MESSIDOR2,20051020_44636_0100_PP.png,2,0,0.36456415,0.2737875,0.32186908,0.0342143,0.0055649513,0.36456415,external_test,VeryDark,76.0,adaptive_feather,123,C:\Users\USER\Desktop\Articulo\Datasets\MESSIDOR2\adaptive_feather\r224\20051020_44636_0100_PP.png,direct_exact
EYEPACS,MESSIDOR2,20051020_44692_0100_PP.png,0,0,0.34232888,0.32310292,0.23993222,0.0543146,0.04032133,0.34232888,external_test,Dark,97.0,adaptive_feather,123,C:\Users\USER\Desktop\Articulo\Datasets\MESSIDOR2\adaptive_feather\r224\20051020_44692_0100_PP.png,direct_exact
EYEPACS,MESSIDOR2,20051020_44714_0100_PP.png,0,0,0.46598998,0.29372588,0.22224921,0.010651348,0.0073835975,0.46598998,external_test,Dark,93.0,adaptive_feather,123,C:\Users\USER\Desktop\Articulo\Datasets\MESSIDOR2\adaptive_feather\r224\20051020_44714_0100_PP.png,direct_exact
EYEPACS,MESSIDOR2,20051020_44762_0100_PP.png,1,0,0.46221867,0.25793505,0.25508597,0.02243777,0.002322538,0.46221867,external_test,Dark,106.0,adaptive_feather,123,C:\Users\USER\Desktop\Articulo\Datasets\MESSIDOR2\adaptive_feather\r224\20051020_44762_0100_PP.png,direct_exact
EYEPACS,MESSIDOR2,20051020_44782_0100_PP.png,1,0,0.5374218,0.28508794,0.16488378,0.010766664,0.0018397833,0.5374218,external_test,Dark,103.0,adaptive_feather,123,C:\Users\USER\Desktop\Articulo\Datasets\MESSIDOR2\adaptive_feather\r224\20051020_44782_0100_PP.png,direct_exact
EYEPACS,MESSIDOR2,20051020_44901_0100_PP.png,2,2,0.30033392,0.2934221,0.38049886,0.01945716,0.006287926,0.38049886,external_test,Dark,95.0,adaptive_feather,123,C:\Users\USER\Desktop\Articulo\Datasets\MESSIDOR2\adaptive_feather\r224\20051020_44901_0100_PP.png,direct_exact
EYEPACS,MESSIDOR2,20051020_44923_0100_PP.png,2,2,0.22448888,0.20559536,0.5352259,0.022627857,0.012061954,0.5352259,external_test,Dark,98.0,adaptive_feather,123,C:\Users\USER\Desktop\Articulo\Datasets\MESSIDOR2\adaptive_feather\r224\20051020_44923_0100_PP.png,direct_exact
EYEPACS,MESSIDOR2,20051020_44982_0100_PP.png,0,0,0.58484304,0.29530528,0.108593486,0.009322997,0.0019352732,0.58484304,external_test,VeryDark,82.0,adaptive_feather,123,C:\Users\USER\Desktop\Articulo\Datasets\MESSIDOR2\adaptive_feather\r224\20051020_44982_0100_PP.png,direct_exact
EYEPACS,MESSIDOR2,20051020_45004_0100_PP.png,1,0,0.44441083,0.3883173,0.159035,0.006460419,0.0017764069,0.44441083,external_test,VeryDark,79.0,adaptive_feather,123,C:\Users\USER\Desktop\Articulo\Datasets\MESSIDOR2\adaptive_feather\r224\20051020_45004_0100_PP.png,direct_exact
EYEPACS,MESSIDOR2,20051020_45050_0100_PP.png,3,3,0.03796827,0.030612035,0.27561572,0.49615937,0.15964459,0.49615937,external_test,Normal,127.0,adaptive_feather,123,C:\Users\USER\Desktop\Articulo\Datasets\MESSIDOR2\adaptive_feather\r224\20051020_45050_0100_PP.png,direct_exact
EYEPACS,MESSIDOR2,20051020_45068_0100_PP.png,3,2,0.07052437,0.028627923,0.4379364,0.3449763,0.11793498,0.4379364,external_test,Normal,124.0,adaptive_feather,123,C:\Users\USER\Desktop\Articulo\Datasets\MESSIDOR2\adaptive_feather\r224\20051020_45068_0100_PP.png,direct_exact
EYEPACS,MESSIDOR2,20051020_45110_0100_PP.png,4,3,0.04263689,0.054318655,0.15857814,0.58274055,0.16172577,0.58274055,external_test,Normal,110.0,adaptive_feather,123,C:\Users\USER\Desktop\Articulo\Datasets\MESSIDOR2\adaptive_feather\r224\20051020_45110_0100_PP.png,direct_exact
EYEPACS,MESSIDOR2,20051020_45137_0100_PP.png,4,3,0.09731395,0.050874062,0.20777091,0.52290356,0.12113748,0.52290356,external_test,Normal,114.0,adaptive_feather,123,C:\Users\USER\Desktop\Articulo\Datasets\MESSIDOR2\adaptive_feather\r224\20051020_45137_0100_PP.png,direct_exact
EYEPACS,MESSIDOR2,20051020_53062_0100_PP.png,3,2,0.041576497,0.08955807,0.62570125,0.23343807,0.009726076,0.62570125,external_test,VeryDark,73.0,adaptive_feather,123,C:\Users\USER\Desktop\Articulo\Datasets\MESSIDOR2\adaptive_feather\r224\20051020_53062_0100_PP.png,direct_exact
EYEPACS,MESSIDOR2,20051020_53178_0100_PP.png,3,2,0.034690525,0.08668747,0.48266253,0.3137563,0.08220321,0.48266253,external_test,VeryDark,76.0,adaptive_feather,123,C:\Users\USER\Desktop\Articulo\Datasets\MESSIDOR2\adaptive_feather\r224\20051020_53178_0100_PP.png,direct_exact
EYEPACS,MESSIDOR2,20051020_54209_0100_PP.png,3,3,0.0015030117,0.004244282,0.010822584,0.5474029,0.43602717,0.5474029,external_test,VeryDark,80.0,adaptive_feather,123,C:\Users\USER\Desktop\Articulo\Datasets\MESSIDOR2\adaptive_feather\r224\20051020_54209_0100_PP.png,direct_exact
EYEPACS,MESSIDOR2,20051020_55346_0100_PP.png,3,3,0.116353326,0.015621079,0.03868406,0.67159754,0.15774405,0.67159754,external_test,Dark,88.0,adaptive_feather,123,C:\Users\USER\Desktop\Articulo\Datasets\MESSIDOR2\adaptive_feather\r224\20051020_55346_0100_PP.png,direct_exact
EYEPACS,MESSIDOR2,20051020_55701_0100_PP.png,1,2,0.19675428,0.27277473,0.50398314,0.02229405,0.0041938396,0.50398314,external_test,Dark,97.0,adaptive_feather,123,C:\Users\USER\Desktop\Articulo\Datasets\MESSIDOR2\adaptive_feather\r224\20051020_55701_0100_PP.png,direct_exact
EYEPACS,MESSIDOR2,20051020_56592_0100_PP.png,1,1,0.3567469,0.4151619,0.21557605,0.008576989,0.003938152,0.4151619,external_test,VeryDark,83.0,adaptive_feather,123,C:\Users\USER\Desktop\Articulo\Datasets\MESSIDOR2\adaptive_feather\r224\20051020_56592_0100_PP.png,direct_exact
EYEPACS,MESSIDOR2,20051020_56791_0100_PP.png,0,2,0.26703754,0.30323502,0.3760472,0.037577126,0.016103128,0.3760472,external_test,Dark,101.0,adaptive_feather,123,C:\Users\USER\Desktop\Articulo\Datasets\MESSIDOR2\adaptive_feather\r224\20051020_56791_0100_PP.png,direct_exact
EYEPACS,MESSIDOR2,20051020_57157_0100_PP.png,0,2,0.1614035,0.1185391,0.49079362,0.18025152,0.0490123,0.49079362,external_test,Dark,108.0,adaptive_feather,123,C:\Users\USER\Desktop\Articulo\Datasets\MESSIDOR2\adaptive_feather\r224\20051020_57157_0100_PP.png,direct_exact
EYEPACS,MESSIDOR2,20051020_57566_0100_PP.png,2,2,0.0505395,0.030992903,0.46479648,0.42226884,0.031402245,0.46479648,external_test,Normal,110.0,adaptive_feather,123,C:\Users\USER\Desktop\Articulo\Datasets\MESSIDOR2\adaptive_feather\r224\20051020_57566_0100_PP.png,direct_exact
EYEPACS,MESSIDOR2,20051020_57622_0100_PP.png,2,3,0.030201685,0.02139896,0.24373679,0.6828092,0.02185338,0.6828092,external_test,Normal,110.0,adaptive_feather,123,C:\Users\USER\Desktop\Articulo\Datasets\MESSIDOR2\adaptive_feather\r224\20051020_57622_0100_PP.png,direct_exact
EYEPACS,MESSIDOR2,20051020_57761_0100_PP.png,3,2,0.33106434,0.22802638,0.40940645,0.026513109,0.004989679,0.40940645,external_test,Normal,112.0,adaptive_feather,123,C:\Users\USER\Desktop\Articulo\Datasets\MESSIDOR2\adaptive_feather\r224\20051020_57761_0100_PP.png,direct_exact
EYEPACS,MESSIDOR2,20051020_57844_0100_PP.png,2,2,0.18303995,0.123253144,0.4911544,0.14999904,0.05255345,0.4911544,external_test,Normal,112.0,adaptive_feather,123,C:\Users\USER\Desktop\Articulo\Datasets\MESSIDOR2\adaptive_feather\r224\20051020_57844_0100_PP.png,direct_exact
EYEPACS,MESSIDOR2,20051020_57967_0100_PP.png,0,0,0.32832062,0.21388106,0.28569785,0.15893207,0.01316832,0.32832062,external_test,VeryDark,70.0,adaptive_feather,123,C:\Users\USER\Desktop\Articulo\Datasets\MESSIDOR2\adaptive_feather\r224\20051020_57967_0100_PP.png,direct_exact
EYEPACS,MESSIDOR2,20051020_58065_0100_PP.png,0,1,0.18348472,0.36684385,0.17486827,0.15100104,0.123802125,0.36684385,external_test,Dark,90.0,adaptive_feather,123,C:\Users\USER\Desktop\Articulo\Datasets\MESSIDOR2\adaptive_feather\r224\20051020_58065_0100_PP.png,direct_exact
EYEPACS,MESSIDOR2,20051020_58214_0100_PP.png,2,1,0.13630138,0.3116226,0.21788622,0.30367577,0.030514061,0.3116226,external_test,Dark,92.0,adaptive_feather,123,C:\Users\USER\Desktop\Articulo\Datasets\MESSIDOR2\adaptive_feather\r224\20051020_58214_0100_PP.png,direct_exact
EYEPACS,MESSIDOR2,20051020_58276_0100_PP.png,2,1,0.28938633,0.31610507,0.24141753,0.13110185,0.021989278,0.31610507,external_test,Dark,96.0,adaptive_feather,123,C:\Users\USER\Desktop\Articulo\Datasets\MESSIDOR2\adaptive_feather\r224\20051020_58276_0100_PP.png,direct_exact
EYEPACS,MESSIDOR2,20051020_61757_0100_PP.png,0,0,0.33604476,0.3348161,0.27435353,0.052844632,0.0019409698,0.33604476,external_test,VeryDark,72.0,adaptive_feather,123,C:\Users\USER\Desktop\Articulo\Datasets\MESSIDOR2\adaptive_feather\r224\20051020_61757_0100_PP.png,direct_exact
EYEPACS,MESSIDOR2,20051020_61804_0100_PP.png,1,0,0.42261553,0.37651607,0.18687579,0.010505149,0.0034873511,0.42261553,external_test,VeryDark,76.0,adaptive_feather,123,C:\Users\USER\Desktop\Articulo\Datasets\MESSIDOR2\adaptive_feather\r224\20051020_61804_0100_PP.png,direct_exact
EYEPACS,MESSIDOR2,20051020_61998_0100_PP.png,4,2,0.20013854,0.17753752,0.4283065,0.12959066,0.0644268,0.4283065,external_test,ExtremelyDark,68.0,adaptive_feather,123,C:\Users\USER\Desktop\Articulo\Datasets\MESSIDOR2\adaptive_feather\r224\20051020_61998_0100_PP.png,direct_exact
EYEPACS,MESSIDOR2,20051020_62014_0100_PP.png,2,2,0.2625033,0.21066634,0.410158,0.104350545,0.012321879,0.410158,external_test,ExtremelyDark,50.0,adaptive_feather,123,C:\Users\USER\Desktop\Articulo\Datasets\MESSIDOR2\adaptive_feather\r224\20051020_62014_0100_PP.png,direct_exact
EYEPACS,MESSIDOR2,20051020_62337_0100_PP.png,2,3,0.055182513,0.037856605,0.35862458,0.45868823,0.08964809,0.45868823,external_test,Dark,104.0,adaptive_feather,123,C:\Users\USER\Desktop\Articulo\Datasets\MESSIDOR2\adaptive_feather\r224\20051020_62337_0100_PP.png,direct_exact
EYEPACS,MESSIDOR2,20051020_62385_0100_PP.png,3,3,0.045836475,0.01591822,0.16128042,0.68937796,0.08758701,0.68937796,external_test,Dark,107.0,adaptive_feather,123,C:\Users\USER\Desktop\Articulo\Datasets\MESSIDOR2\adaptive_feather\r224\20051020_62385_0100_PP.png,direct_exact
EYEPACS,MESSIDOR2,20051020_62461_0100_PP.png,0,0,0.3248643,0.31432715,0.28564265,0.061992,0.013173878,0.3248643,external_test,Dark,104.0,adaptive_feather,123,C:\Users\USER\Desktop\Articulo\Datasets\MESSIDOR2\adaptive_feather\r224\20051020_62461_0100_PP.png,direct_exact
EYEPACS,MESSIDOR2,20051020_62510_0100_PP.png,0,2,0.30804068,0.21786267,0.34414825,0.069649585,0.060298797,0.34414825,external_test,Dark,108.0,adaptive_feather,123,C:\Users\USER\Desktop\Articulo\Datasets\MESSIDOR2\adaptive_feather\r224\20051020_62510_0100_PP.png,direct_exact
EYEPACS,MESSIDOR2,20051020_62577_0100_PP.png,0,0,0.4819866,0.31206703,0.14148735,0.05695031,0.0075085796,0.4819866,external_test,Dark,87.0,adaptive_feather,123,C:\Users\USER\Desktop\Articulo\Datasets\MESSIDOR2\adaptive_feather\r224\20051020_62577_0100_PP.png,direct_exact
EYEPACS,MESSIDOR2,20051020_62615_0100_PP.png,0,0,0.49232134,0.23264389,0.21478917,0.048698086,0.011547414,0.49232134,external_test,Dark,90.0,adaptive_feather,123,C:\Users\USER\Desktop\Articulo\Datasets\MESSIDOR2\adaptive_feather\r224\20051020_62615_0100_PP.png,direct_exact
EYEPACS,MESSIDOR2,20051020_62709_0100_PP.png,4,2,0.13623415,0.20368539,0.40941417,0.14888336,0.10178291,0.40941417,external_test,Dark,91.0,adaptive_feather,123,C:\Users\USER\Desktop\Articulo\Datasets\MESSIDOR2\adaptive_feather\r224\20051020_62709_0100_PP.png,direct_exact
EYEPACS,MESSIDOR2,20051020_62802_0100_PP.png,4,4,0.028675372,0.057753272,0.19722113,0.13649848,0.5798518,0.5798518,external_test,Dark,88.0,adaptive_feather,123,C:\Users\USER\Desktop\Articulo\Datasets\MESSIDOR2\adaptive_feather\r224\20051020_62802_0100_PP.png,direct_exact
EYEPACS,MESSIDOR2,20051020_62878_0100_PP.png,2,2,0.11969985,0.18205549,0.41639683,0.14920661,0.1326413,0.41639683,external_test,Dark,87.0,adaptive_feather,123,C:\Users\USER\Desktop\Articulo\Datasets\MESSIDOR2\adaptive_feather\r224\20051020_62878_0100_PP.png,direct_exact
EYEPACS,MESSIDOR2,20051020_63045_0100_PP.png,1,2,0.20225477,0.26442307,0.32529345,0.15105219,0.05697654,0.32529345,external_test,Dark,85.0,adaptive_feather,123,C:\Users\USER\Desktop\Articulo\Datasets\MESSIDOR2\adaptive_feather\r224\20051020_63045_0100_PP.png,direct_exact
EYEPACS,MESSIDOR2,20051020_63269_0100_PP.png,0,0,0.55445176,0.38945693,0.050295737,0.004041086,0.0017544305,0.55445176,external_test,Dark,95.0,adaptive_feather,123,C:\Users\USER\Desktop\Articulo\Datasets\MESSIDOR2\adaptive_feather\r224\20051020_63269_0100_PP.png,direct_exact
EYEPACS,MESSIDOR2,20051020_63337_0100_PP.png,0,0,0.57107735,0.30393228,0.1017823,0.013577632,0.009630394,0.57107735,external_test,Dark,87.0,adaptive_feather,123,C:\Users\USER\Desktop\Articulo\Datasets\MESSIDOR2\adaptive_feather\r224\20051020_63337_0100_PP.png,direct_exact
EYEPACS,MESSIDOR2,20051020_63711_0100_PP.png,2,0,0.35373855,0.29545206,0.3186926,0.019803625,0.012313176,0.35373855,external_test,Dark,106.0,adaptive_feather,123,C:\Users\USER\Desktop\Articulo\Datasets\MESSIDOR2\adaptive_feather\r224\20051020_63711_0100_PP.png,direct_exact
EYEPACS,MESSIDOR2,20051020_63829_0100_PP.png,1,2,0.27689633,0.14979449,0.46422774,0.08146949,0.027611949,0.46422774,external_test,Normal,113.0,adaptive_feather,123,C:\Users\USER\Desktop\Articulo\Datasets\MESSIDOR2\adaptive_feather\r224\20051020_63829_0100_PP.png,direct_exact
EYEPACS,MESSIDOR2,20051020_63936_0100_PP.png,1,1,0.2576665,0.3604495,0.33173773,0.04540403,0.0047422005,0.3604495,external_test,VeryDark,78.0,adaptive_feather,123,C:\Users\USER\Desktop\Articulo\Datasets\MESSIDOR2\adaptive_feather\r224\20051020_63936_0100_PP.png,direct_exact
EYEPACS,MESSIDOR2,20051020_64007_0100_PP.png,3,2,0.10884338,0.110893704,0.48853698,0.26290777,0.02881813,0.48853698,external_test,Dark,90.0,adaptive_feather,123,C:\Users\USER\Desktop\Articulo\Datasets\MESSIDOR2\adaptive_feather\r224\20051020_64007_0100_PP.png,direct_exact
EYEPACS,MESSIDOR2,20051020_64249_0100_PP.png,0,1,0.32645893,0.4939346,0.15770976,0.017068865,0.0048278556,0.4939346,external_test,VeryDark,84.0,adaptive_feather,123,C:\Users\USER\Desktop\Articulo\Datasets\MESSIDOR2\adaptive_feather\r224\20051020_64249_0100_PP.png,direct_exact
EYEPACS,MESSIDOR2,20051020_64388_0100_PP.png,0,0,0.5201276,0.31964606,0.11765443,0.023118306,0.01945356,0.5201276,external_test,Dark,89.0,adaptive_feather,123,C:\Users\USER\Desktop\Articulo\Datasets\MESSIDOR2\adaptive_feather\r224\20051020_64388_0100_PP.png,direct_exact
EYEPACS,MESSIDOR2,20051020_64518_0100_PP.png,2,1,0.40132585,0.43964207,0.11380262,0.03713655,0.008092881,0.43964207,external_test,Dark,94.0,adaptive_feather,123,C:\Users\USER\Desktop\Articulo\Datasets\MESSIDOR2\adaptive_feather\r224\20051020_64518_0100_PP.png,direct_exact
EYEPACS,MESSIDOR2,20051020_64570_0100_PP.png,2,0,0.48275024,0.18338744,0.23992811,0.044930384,0.049003795,0.48275024,external_test,Dark,103.0,adaptive_feather,123,C:\Users\USER\Desktop\Articulo\Datasets\MESSIDOR2\adaptive_feather\r224\20051020_64570_0100_PP.png,direct_exact
EYEPACS,MESSIDOR2,20051020_64653_0100_PP.png,0,2,0.31363976,0.08772044,0.55326563,0.040826537,0.0045475694,0.55326563,external_test,ExtremelyDark,63.0,adaptive_feather,123,C:\Users\USER\Desktop\Articulo\Datasets\MESSIDOR2\adaptive_feather\r224\20051020_64653_0100_PP.png,direct_exact
EYEPACS,MESSIDOR2,20051020_64703_0100_PP.png,1,1,0.31370965,0.33555904,0.33213297,0.015091574,0.0035068928,0.33555904,external_test,ExtremelyDark,64.0,adaptive_feather,123,C:\Users\USER\Desktop\Articulo\Datasets\MESSIDOR2\adaptive_feather\r224\20051020_64703_0100_PP.png,direct_exact
EYEPACS,MESSIDOR2,20051020_64775_0100_PP.png,0,0,0.47246078,0.36215597,0.14289814,0.021423653,0.0010616021,0.47246078,external_test,ExtremelyDark,53.0,adaptive_feather,123,C:\Users\USER\Desktop\Articulo\Datasets\MESSIDOR2\adaptive_feather\r224\20051020_64775_0100_PP.png,direct_exact
EYEPACS,MESSIDOR2,20051020_64836_0100_PP.png,0,0,0.48178837,0.39712042,0.11210413,0.0061252834,0.0028617927,0.48178837,external_test,ExtremelyDark,57.0,adaptive_feather,123,C:\Users\USER\Desktop\Articulo\Datasets\MESSIDOR2\adaptive_feather\r224\20051020_64836_0100_PP.png,direct_exact
EYEPACS,MESSIDOR2,20051020_64945_0100_PP.png,1,1,0.35574317,0.35705504,0.21784982,0.059276298,0.010075705,0.35705504,external_test,Dark,105.0,adaptive_feather,123,C:\Users\USER\Desktop\Articulo\Datasets\MESSIDOR2\adaptive_feather\r224\20051020_64945_0100_PP.png,direct_exact
EYEPACS,MESSIDOR2,20051020_64993_0100_PP.png,1,2,0.25432795,0.24758203,0.45515674,0.0385866,0.004346643,0.45515674,external_test,Dark,107.0,adaptive_feather,123,C:\Users\USER\Desktop\Articulo\Datasets\MESSIDOR2\adaptive_feather\r224\20051020_64993_0100_PP.png,direct_exact
EYEPACS,MESSIDOR2,20051020_65166_0100_PP.png,2,2,0.29562545,0.14174822,0.31926754,0.17161524,0.07174355,0.31926754,external_test,Dark,97.0,adaptive_feather,123,C:\Users\USER\Desktop\Articulo\Datasets\MESSIDOR2\adaptive_feather\r224\20051020_65166_0100_PP.png,direct_exact
EYEPACS,MESSIDOR2,20051020_65230_0100_PP.png,2,2,0.19248633,0.045689195,0.41505203,0.13707475,0.20969765,0.41505203,external_test,Dark,98.0,adaptive_feather,123,C:\Users\USER\Desktop\Articulo\Datasets\MESSIDOR2\adaptive_feather\r224\20051020_65230_0100_PP.png,direct_exact
EYEPACS,MESSIDOR2,20051021_36097_0100_PP.png,2,2,0.1379379,0.22114724,0.48314312,0.124155626,0.033616077,0.48314312,external_test,Dark,100.0,adaptive_feather,123,C:\Users\USER\Desktop\Articulo\Datasets\MESSIDOR2\adaptive_feather\r224\20051021_36097_0100_PP.png,direct_exact
EYEPACS,MESSIDOR2,20051021_36208_0100_PP.png,3,2,0.08369241,0.047142442,0.62796825,0.21531652,0.025880504,0.62796825,external_test,Dark,99.0,adaptive_feather,123,C:\Users\USER\Desktop\Articulo\Datasets\MESSIDOR2\adaptive_feather\r224\20051021_36208_0100_PP.png,direct_exact
EYEPACS,MESSIDOR2,20051021_36380_0100_PP.png,0,0,0.3767202,0.23696832,0.31853405,0.040314768,0.02746268,0.3767202,external_test,Dark,98.0,adaptive_feather,123,C:\Users\USER\Desktop\Articulo\Datasets\MESSIDOR2\adaptive_feather\r224\20051021_36380_0100_PP.png,direct_exact
EYEPACS,MESSIDOR2,20051021_36476_0100_PP.png,0,0,0.42828298,0.26070192,0.2948131,0.011699324,0.004502624,0.42828298,external_test,Dark,101.0,adaptive_feather,123,C:\Users\USER\Desktop\Articulo\Datasets\MESSIDOR2\adaptive_feather\r224\20051021_36476_0100_PP.png,direct_exact
EYEPACS,MESSIDOR2,20051021_39222_0100_PP.png,2,2,0.08553792,0.033844106,0.50232196,0.26163432,0.11666169,0.50232196,external_test,Dark,90.0,adaptive_feather,123,C:\Users\USER\Desktop\Articulo\Datasets\MESSIDOR2\adaptive_feather\r224\20051021_39222_0100_PP.png,direct_exact
EYEPACS,MESSIDOR2,20051021_39314_0100_PP.png,2,2,0.049815483,0.076255076,0.4521449,0.36893848,0.052845996,0.4521449,external_test,Dark,93.0,adaptive_feather,123,C:\Users\USER\Desktop\Articulo\Datasets\MESSIDOR2\adaptive_feather\r224\20051021_39314_0100_PP.png,direct_exact
EYEPACS,MESSIDOR2,20051021_39482_0100_PP.png,1,2,0.2442514,0.09353144,0.33403462,0.2561279,0.07205471,0.33403462,external_test,Dark,94.0,adaptive_feather,123,C:\Users\USER\Desktop\Articulo\Datasets\MESSIDOR2\adaptive_feather\r224\20051021_39482_0100_PP.png,direct_exact
EYEPACS,MESSIDOR2,20051021_39552_0100_PP.png,2,3,0.101680346,0.038376786,0.35800922,0.43602988,0.065903686,0.43602988,external_test,Dark,100.0,adaptive_feather,123,C:\Users\USER\Desktop\Articulo\Datasets\MESSIDOR2\adaptive_feather\r224\20051021_39552_0100_PP.png,direct_exact
EYEPACS,MESSIDOR2,20051021_39661_0100_PP.png,2,0,0.46747184,0.24530001,0.18773182,0.07710872,0.022387503,0.46747184,external_test,Dark,86.0,adaptive_feather,123,C:\Users\USER\Desktop\Articulo\Datasets\MESSIDOR2\adaptive_feather\r224\20051021_39661_0100_PP.png,direct_exact
EYEPACS,MESSIDOR2,20051021_39719_0100_PP.png,2,2,0.23976661,0.31253117,0.314336,0.11469834,0.018667897,0.314336,external_test,Dark,86.0,adaptive_feather,123,C:\Users\USER\Desktop\Articulo\Datasets\MESSIDOR2\adaptive_feather\r224\20051021_39719_0100_PP.png,direct_exact
EYEPACS,MESSIDOR2,20051021_39845_0100_PP.png,0,1,0.3814213,0.42953306,0.17123511,0.01075535,0.0070552696,0.42953306,external_test,VeryDark,76.0,adaptive_feather,123,C:\Users\USER\Desktop\Articulo\Datasets\MESSIDOR2\adaptive_feather\r224\20051021_39845_0100_PP.png,direct_exact
EYEPACS,MESSIDOR2,20051021_39914_0100_PP.png,0,0,0.5205733,0.31359676,0.14448568,0.01821029,0.003133922,0.5205733,external_test,VeryDark,75.0,adaptive_feather,123,C:\Users\USER\Desktop\Articulo\Datasets\MESSIDOR2\adaptive_feather\r224\20051021_39914_0100_PP.png,direct_exact
EYEPACS,MESSIDOR2,20051021_40018_0100_PP.png,1,0,0.40631393,0.17986491,0.30557522,0.06537741,0.042868577,0.40631393,external_test,Dark,87.0,adaptive_feather,123,C:\Users\USER\Desktop\Articulo\Datasets\MESSIDOR2\adaptive_feather\r224\20051021_40018_0100_PP.png,direct_exact
EYEPACS,MESSIDOR2,20051021_40074_0100_PP.png,2,0,0.38982463,0.26883322,0.2612136,0.05511161,0.025017023,0.38982463,external_test,Dark,91.0,adaptive_feather,123,C:\Users\USER\Desktop\Articulo\Datasets\MESSIDOR2\adaptive_feather\r224\20051021_40074_0100_PP.png,direct_exact
EYEPACS,MESSIDOR2,20051021_40180_0100_PP.png,2,0,0.49742883,0.23289777,0.23715626,0.027907193,0.004609979,0.49742883,external_test,VeryDark,82.0,adaptive_feather,123,C:\Users\USER\Desktop\Articulo\Datasets\MESSIDOR2\adaptive_feather\r224\20051021_40180_0100_PP.png,direct_exact
EYEPACS,MESSIDOR2,20051021_40248_0100_PP.png,2,0,0.5516107,0.15789916,0.27574337,0.009066088,0.005680749,0.5516107,external_test,Normal,112.0,adaptive_feather,123,C:\Users\USER\Desktop\Articulo\Datasets\MESSIDOR2\adaptive_feather\r224\20051021_40248_0100_PP.png,direct_exact
EYEPACS,MESSIDOR2,20051021_40377_0100_PP.png,4,3,0.028182542,0.03729377,0.29115066,0.4435383,0.1998347,0.4435383,external_test,VeryDark,82.0,adaptive_feather,123,C:\Users\USER\Desktop\Articulo\Datasets\MESSIDOR2\adaptive_feather\r224\20051021_40377_0100_PP.png,direct_exact
EYEPACS,MESSIDOR2,20051021_40450_0100_PP.png,4,2,0.1285393,0.1426272,0.43991533,0.18754484,0.1013733,0.43991533,external_test,VeryDark,80.0,adaptive_feather,123,C:\Users\USER\Desktop\Articulo\Datasets\MESSIDOR2\adaptive_feather\r224\20051021_40450_0100_PP.png,direct_exact
EYEPACS,MESSIDOR2,20051021_51418_0100_PP.png,0,0,0.57457715,0.34957543,0.0657731,0.008397476,0.0016769056,0.57457715,external_test,VeryDark,71.0,adaptive_feather,123,C:\Users\USER\Desktop\Articulo\Datasets\MESSIDOR2\adaptive_feather\r224\20051021_51418_0100_PP.png,direct_exact
EYEPACS,MESSIDOR2,20051021_51476_0100_PP.png,0,0,0.6545037,0.26057598,0.059398506,0.018170008,0.00735175,0.6545037,external_test,ExtremelyDark,65.0,adaptive_feather,123,C:\Users\USER\Desktop\Articulo\Datasets\MESSIDOR2\adaptive_feather\r224\20051021_51476_0100_PP.png,direct_exact
EYEPACS,MESSIDOR2,20051021_51561_0100_PP.png,2,0,0.35342818,0.24444123,0.33543137,0.04592269,0.020776508,0.35342818,external_test,Dark,90.0,adaptive_feather,123,C:\Users\USER\Desktop\Articulo\Datasets\MESSIDOR2\adaptive_feather\r224\20051021_51561_0100_PP.png,direct_exact
EYEPACS,MESSIDOR2,20051021_51625_0100_PP.png,2,0,0.39379296,0.21695513,0.20741305,0.115787975,0.066050924,0.39379296,external_test,Dark,90.0,adaptive_feather,123,C:\Users\USER\Desktop\Articulo\Datasets\MESSIDOR2\adaptive_feather\r224\20051021_51625_0100_PP.png,direct_exact
EYEPACS,MESSIDOR2,20051021_51748_0100_PP.png,2,2,0.14535113,0.08275956,0.2692275,0.26784647,0.23481534,0.2692275,external_test,VeryDark,82.0,adaptive_feather,123,C:\Users\USER\Desktop\Articulo\Datasets\MESSIDOR2\adaptive_feather\r224\20051021_51748_0100_PP.png,direct_exact
EYEPACS,MESSIDOR2,20051021_51804_0100_PP.png,3,0,0.34721628,0.087150924,0.288944,0.10086992,0.17581886,0.34721628,external_test,Dark,85.0,adaptive_feather,123,C:\Users\USER\Desktop\Articulo\Datasets\MESSIDOR2\adaptive_feather\r224\20051021_51804_0100_PP.png,direct_exact
EYEPACS,MESSIDOR2,20051021_51936_0100_PP.png,0,1,0.39221406,0.44247144,0.15845722,0.005345555,0.0015117605,0.44247144,external_test,Dark,90.0,adaptive_feather,123,C:\Users\USER\Desktop\Articulo\Datasets\MESSIDOR2\adaptive_feather\r224\20051021_51936_0100_PP.png,direct_exact
EYEPACS,MESSIDOR2,20051021_51994_0100_PP.png,0,0,0.40665516,0.33048972,0.23680575,0.02212867,0.003920627,0.40665516,external_test,Dark,85.0,adaptive_feather,123,C:\Users\USER\Desktop\Articulo\Datasets\MESSIDOR2\adaptive_feather\r224\20051021_51994_0100_PP.png,direct_exact
EYEPACS,MESSIDOR2,20051021_52075_0100_PP.png,3,2,0.22503053,0.24596043,0.27126822,0.22371116,0.034029644,0.27126822,external_test,Dark,100.0,adaptive_feather,123,C:\Users\USER\Desktop\Articulo\Datasets\MESSIDOR2\adaptive_feather\r224\20051021_52075_0100_PP.png,direct_exact
EYEPACS,MESSIDOR2,20051021_52127_0100_PP.png,4,3,0.10615861,0.047399055,0.34637746,0.41450623,0.0855586,0.41450623,external_test,Dark,105.0,adaptive_feather,123,C:\Users\USER\Desktop\Articulo\Datasets\MESSIDOR2\adaptive_feather\r224\20051021_52127_0100_PP.png,direct_exact
EYEPACS,MESSIDOR2,20051021_57798_0100_PP.png,0,0,0.333614,0.31111628,0.30178177,0.04925774,0.00423021,0.333614,external_test,Dark,98.0,adaptive_feather,123,C:\Users\USER\Desktop\Articulo\Datasets\MESSIDOR2\adaptive_feather\r224\20051021_57798_0100_PP.png,direct_exact
EYEPACS,MESSIDOR2,20051021_57862_0100_PP.png,0,0,0.42068607,0.2572697,0.28140938,0.032526985,0.00810795,0.42068607,external_test,Dark,97.0,adaptive_feather,123,C:\Users\USER\Desktop\Articulo\Datasets\MESSIDOR2\adaptive_feather\r224\20051021_57862_0100_PP.png,direct_exact
EYEPACS,MESSIDOR2,20051021_57975_0100_PP.png,0,0,0.54739904,0.31448978,0.096224464,0.033194646,0.008692041,0.54739904,external_test,VeryDark,76.0,adaptive_feather,123,C:\Users\USER\Desktop\Articulo\Datasets\MESSIDOR2\adaptive_feather\r224\20051021_57975_0100_PP.png,direct_exact
EYEPACS,MESSIDOR2,20051021_58035_0100_PP.png,0,0,0.43471596,0.2635846,0.23562212,0.034418628,0.03165874,0.43471596,external_test,Dark,94.0,adaptive_feather,123,C:\Users\USER\Desktop\Articulo\Datasets\MESSIDOR2\adaptive_feather\r224\20051021_58035_0100_PP.png,direct_exact
EYEPACS,MESSIDOR2,20051021_58178_0100_PP.png,2,0,0.38810512,0.34099817,0.2029643,0.045722805,0.022209555,0.38810512,external_test,Dark,85.0,adaptive_feather,123,C:\Users\USER\Desktop\Articulo\Datasets\MESSIDOR2\adaptive_feather\r224\20051021_58178_0100_PP.png,direct_exact
EYEPACS,MESSIDOR2,20051021_58316_0100_PP.png,1,2,0.07811017,0.12221143,0.4613336,0.2979646,0.04038021,0.4613336,external_test,Dark,90.0,adaptive_feather,123,C:\Users\USER\Desktop\Articulo\Datasets\MESSIDOR2\adaptive_feather\r224\20051021_58316_0100_PP.png,direct_exact
EYEPACS,MESSIDOR2,20051021_58388_0100_PP.png,0,0,0.39674595,0.39170623,0.19742987,0.009144818,0.0049731773,0.39674595,external_test,Dark,86.0,adaptive_feather,123,C:\Users\USER\Desktop\Articulo\Datasets\MESSIDOR2\adaptive_feather\r224\20051021_58388_0100_PP.png,direct_exact
EYEPACS,MESSIDOR2,20051021_58522_0100_PP.png,0,0,0.5841804,0.37770328,0.035148155,0.0010807363,0.0018874179,0.5841804,external_test,Dark,90.0,adaptive_feather,123,C:\Users\USER\Desktop\Articulo\Datasets\MESSIDOR2\adaptive_feather\r224\20051021_58522_0100_PP.png,direct_exact
EYEPACS,MESSIDOR2,20051021_58683_0100_PP.png,3,3,0.00481317,0.014703538,0.05085415,0.8753414,0.05428764,0.8753414,external_test,Dark,107.0,adaptive_feather,123,C:\Users\USER\Desktop\Articulo\Datasets\MESSIDOR2\adaptive_feather\r224\20051021_58683_0100_PP.png,direct_exact
EYEPACS,MESSIDOR2,20051021_58802_0100_PP.png,2,3,0.047451917,0.022224078,0.22445425,0.62891763,0.0769521,0.62891763,external_test,Normal,123.0,adaptive_feather,123,C:\Users\USER\Desktop\Articulo\Datasets\MESSIDOR2\adaptive_feather\r224\20051021_58802_0100_PP.png,direct_exact
EYEPACS,MESSIDOR2,20051021_59136_0100_PP.png,2,2,0.27011725,0.21006815,0.3537582,0.15446214,0.011594225,0.3537582,external_test,VeryDark,80.0,adaptive_feather,123,C:\Users\USER\Desktop\Articulo\Datasets\MESSIDOR2\adaptive_feather\r224\20051021_59136_0100_PP.png,direct_exact
EYEPACS,MESSIDOR2,20051021_59243_0100_PP.png,3,3,0.04510262,0.03589504,0.2647272,0.60068965,0.053585473,0.60068965,external_test,VeryDark,83.0,adaptive_feather,123,C:\Users\USER\Desktop\Articulo\Datasets\MESSIDOR2\adaptive_feather\r224\20051021_59243_0100_PP.png,direct_exact
EYEPACS,MESSIDOR2,20051021_59459_0100_PP.png,4,2,0.07500614,0.024269328,0.55726665,0.20801985,0.13543798,0.55726665,external_test,Normal,114.0,adaptive_feather,123,C:\Users\USER\Desktop\Articulo\Datasets\MESSIDOR2\adaptive_feather\r224\20051021_59459_0100_PP.png,direct_exact
EYEPACS,MESSIDOR2,20051021_59504_0100_PP.png,4,3,0.018558782,0.010877164,0.07649201,0.6190964,0.2749756,0.6190964,external_test,Dark,107.0,adaptive_feather,123,C:\Users\USER\Desktop\Articulo\Datasets\MESSIDOR2\adaptive_feather\r224\20051021_59504_0100_PP.png,direct_exact
EYEPACS,MESSIDOR2,20051109_57451_0400_PP.png,1,1,0.2541788,0.44101143,0.19253036,0.073953815,0.038325604,0.44101143,external_test,Dark,108.0,adaptive_feather,123,C:\Users\USER\Desktop\Articulo\Datasets\MESSIDOR2\adaptive_feather\r224\20051109_57451_0400_PP.png,direct_exact
EYEPACS,MESSIDOR2,20051109_57843_0400_PP.png,0,1,0.35605335,0.370348,0.17281279,0.07999247,0.020793384,0.370348,external_test,Dark,94.0,adaptive_feather,123,C:\Users\USER\Desktop\Articulo\Datasets\MESSIDOR2\adaptive_feather\r224\20051109_57843_0400_PP.png,direct_exact
EYEPACS,MESSIDOR2,20051109_59751_0400_PP.png,1,0,0.46355474,0.35441452,0.16018184,0.015918363,0.005930638,0.46355474,external_test,Normal,115.0,adaptive_feather,123,C:\Users\USER\Desktop\Articulo\Datasets\MESSIDOR2\adaptive_feather\r224\20051109_59751_0400_PP.png,direct_exact
EYEPACS,MESSIDOR2,20051109_59864_0400_PP.png,1,0,0.40415695,0.27033678,0.27217758,0.03794485,0.015383971,0.40415695,external_test,Normal,121.0,adaptive_feather,123,C:\Users\USER\Desktop\Articulo\Datasets\MESSIDOR2\adaptive_feather\r224\20051109_59864_0400_PP.png,direct_exact
EYEPACS,MESSIDOR2,20051109_59969_0400_PP.png,0,0,0.31951207,0.21478985,0.3004324,0.124274634,0.040990982,0.31951207,external_test,Dark,86.0,adaptive_feather,123,C:\Users\USER\Desktop\Articulo\Datasets\MESSIDOR2\adaptive_feather\r224\20051109_59969_0400_PP.png,direct_exact
EYEPACS,MESSIDOR2,20051109_60031_0400_PP.png,0,0,0.36497372,0.26734644,0.23559524,0.10161952,0.030465083,0.36497372,external_test,Dark,87.0,adaptive_feather,123,C:\Users\USER\Desktop\Articulo\Datasets\MESSIDOR2\adaptive_feather\r224\20051109_60031_0400_PP.png,direct_exact
EYEPACS,MESSIDOR2,20051109_60136_0400_PP.png,0,0,0.39346513,0.24405895,0.2729478,0.06601106,0.0235171,0.39346513,external_test,Dark,87.0,adaptive_feather,123,C:\Users\USER\Desktop\Articulo\Datasets\MESSIDOR2\adaptive_feather\r224\20051109_60136_0400_PP.png,direct_exact
EYEPACS,MESSIDOR2,20051110_33960_0400_PP.png,0,0,0.45794648,0.20421891,0.2452846,0.034975052,0.057575036,0.45794648,external_test,Dark,86.0,adaptive_feather,123,C:\Users\USER\Desktop\Articulo\Datasets\MESSIDOR2\adaptive_feather\r224\20051110_33960_0400_PP.png,direct_exact
EYEPACS,MESSIDOR2,20051110_34013_0400_PP.png,0,4,0.110283844,0.0626271,0.2097763,0.28173542,0.33557734,0.33557734,external_test,Normal,111.0,adaptive_feather,123,C:\Users\USER\Desktop\Articulo\Datasets\MESSIDOR2\adaptive_feather\r224\20051110_34013_0400_PP.png,direct_exact
EYEPACS,MESSIDOR2,20051110_34071_0400_PP.png,1,2,0.36027786,0.17091924,0.3719137,0.052696776,0.044192385,0.3719137,external_test,Normal,114.0,adaptive_feather,123,C:\Users\USER\Desktop\Articulo\Datasets\MESSIDOR2\adaptive_feather\r224\20051110_34071_0400_PP.png,direct_exact
EYEPACS,MESSIDOR2,20051110_35239_0400_PP.png,0,1,0.4187473,0.47771725,0.0929513,0.0082148155,0.0023693992,0.47771725,external_test,Dark,99.0,adaptive_feather,123,C:\Users\USER\Desktop\Articulo\Datasets\MESSIDOR2\adaptive_feather\r224\20051110_35239_0400_PP.png,direct_exact
EYEPACS,MESSIDOR2,20051110_35279_0400_PP.png,0,0,0.4657655,0.46289068,0.064806,0.005644312,0.0008935123,0.4657655,external_test,Dark,99.0,adaptive_feather,123,C:\Users\USER\Desktop\Articulo\Datasets\MESSIDOR2\adaptive_feather\r224\20051110_35279_0400_PP.png,direct_exact
EYEPACS,MESSIDOR2,20051110_35332_0400_PP.png,0,1,0.34137163,0.4885246,0.13104884,0.03141078,0.007644276,0.4885246,external_test,Normal,121.0,adaptive_feather,123,C:\Users\USER\Desktop\Articulo\Datasets\MESSIDOR2\adaptive_feather\r224\20051110_35332_0400_PP.png,direct_exact
EYEPACS,MESSIDOR2,20051110_35926_0400_PP.png,1,1,0.18220252,0.36920127,0.31117594,0.10456957,0.032850694,0.36920127,external_test,Normal,118.0,adaptive_feather,123,C:\Users\USER\Desktop\Articulo\Datasets\MESSIDOR2\adaptive_feather\r224\20051110_35926_0400_PP.png,direct_exact
EYEPACS,MESSIDOR2,20051110_37992_0400_PP.png,0,1,0.3004326,0.51102346,0.16304623,0.018743139,0.0067546084,0.51102346,external_test,Dark,89.0,adaptive_feather,123,C:\Users\USER\Desktop\Articulo\Datasets\MESSIDOR2\adaptive_feather\r224\20051110_37992_0400_PP.png,direct_exact
EYEPACS,MESSIDOR2,20051110_38111_0400_PP.png,0,0,0.66716516,0.25817716,0.06865408,0.0031070684,0.0028964786,0.66716516,external_test,Dark,87.0,adaptive_feather,123,C:\Users\USER\Desktop\Articulo\Datasets\MESSIDOR2\adaptive_feather\r224\20051110_38111_0400_PP.png,direct_exact
EYEPACS,MESSIDOR2,20051110_38156_0400_PP.png,0,0,0.40566924,0.25691456,0.21721445,0.101422764,0.01877909,0.40566924,external_test,Normal,112.0,adaptive_feather,123,C:\Users\USER\Desktop\Articulo\Datasets\MESSIDOR2\adaptive_feather\r224\20051110_38156_0400_PP.png,direct_exact
EYEPACS,MESSIDOR2,20051110_38194_0400_PP.png,1,0,0.45273307,0.33465394,0.15796125,0.035645135,0.019006608,0.45273307,external_test,Normal,120.0,adaptive_feather,123,C:\Users\USER\Desktop\Articulo\Datasets\MESSIDOR2\adaptive_feather\r224\20051110_38194_0400_PP.png,direct_exact
EYEPACS,MESSIDOR2,20051110_38239_0400_PP.png,1,1,0.3052638,0.35852778,0.24882615,0.059289683,0.02809266,0.35852778,external_test,Dark,100.0,adaptive_feather,123,C:\Users\USER\Desktop\Articulo\Datasets\MESSIDOR2\adaptive_feather\r224\20051110_38239_0400_PP.png,direct_exact
EYEPACS,MESSIDOR2,20051110_38280_0400_PP.png,0,1,0.2245799,0.3748582,0.14605668,0.14528775,0.10921746,0.3748582,external_test,Dark,90.0,adaptive_feather,123,C:\Users\USER\Desktop\Articulo\Datasets\MESSIDOR2\adaptive_feather\r224\20051110_38280_0400_PP.png,direct_exact
EYEPACS,MESSIDOR2,20051110_38313_0400_PP.png,0,2,0.20961037,0.3251398,0.367965,0.084508546,0.012776346,0.367965,external_test,ExtremelyDark,66.0,adaptive_feather,123,C:\Users\USER\Desktop\Articulo\Datasets\MESSIDOR2\adaptive_feather\r224\20051110_38313_0400_PP.png,direct_exact
EYEPACS,MESSIDOR2,20051110_38352_0400_PP.png,0,0,0.34494004,0.32951292,0.27912778,0.036000874,0.010418343,0.34494004,external_test,VeryDark,72.0,adaptive_feather,123,C:\Users\USER\Desktop\Articulo\Datasets\MESSIDOR2\adaptive_feather\r224\20051110_38352_0400_PP.png,direct_exact
EYEPACS,MESSIDOR2,20051110_38472_0400_PP.png,0,0,0.47369692,0.15706292,0.3056702,0.027014889,0.036555015,0.47369692,external_test,Normal,119.0,adaptive_feather,123,C:\Users\USER\Desktop\Articulo\Datasets\MESSIDOR2\adaptive_feather\r224\20051110_38472_0400_PP.png,direct_exact
EYEPACS,MESSIDOR2,20051110_38507_0400_PP.png,0,2,0.3110063,0.17337094,0.33637372,0.11214748,0.06710162,0.33637372,external_test,Dark,93.0,adaptive_feather,123,C:\Users\USER\Desktop\Articulo\Datasets\MESSIDOR2\adaptive_feather\r224\20051110_38507_0400_PP.png,direct_exact
EYEPACS,MESSIDOR2,20051116_43388_0400_PP.png,0,0,0.5640534,0.19110876,0.19896498,0.030002952,0.015869873,0.5640534,external_test,Normal,127.0,adaptive_feather,123,C:\Users\USER\Desktop\Articulo\Datasets\MESSIDOR2\adaptive_feather\r224\20051116_43388_0400_PP.png,direct_exact
EYEPACS,MESSIDOR2,20051116_43585_0400_PP.png,0,0,0.41050866,0.2378568,0.29258087,0.037642132,0.02141151,0.41050866,external_test,Normal,124.0,adaptive_feather,123,C:\Users\USER\Desktop\Articulo\Datasets\MESSIDOR2\adaptive_feather\r224\20051116_43585_0400_PP.png,direct_exact
EYEPACS,MESSIDOR2,20051116_43710_0400_PP.png,0,2,0.22473054,0.24136817,0.46362805,0.05608985,0.014183385,0.46362805,external_test,ExtremelyDark,66.0,adaptive_feather,123,C:\Users\USER\Desktop\Articulo\Datasets\MESSIDOR2\adaptive_feather\r224\20051116_43710_0400_PP.png,direct_exact
EYEPACS,MESSIDOR2,20051116_43721_0400_PP.png,0,1,0.23814374,0.50502497,0.24190821,0.01269586,0.0022271455,0.50502497,external_test,ExtremelyDark,68.0,adaptive_feather,123,C:\Users\USER\Desktop\Articulo\Datasets\MESSIDOR2\adaptive_feather\r224\20051116_43721_0400_PP.png,direct_exact
EYEPACS,MESSIDOR2,20051116_43785_0400_PP.png,0,0,0.48737672,0.24285273,0.20424785,0.060186528,0.005336157,0.48737672,external_test,VeryDark,83.0,adaptive_feather,123,C:\Users\USER\Desktop\Articulo\Datasets\MESSIDOR2\adaptive_feather\r224\20051116_43785_0400_PP.png,direct_exact
EYEPACS,MESSIDOR2,20051116_43801_0400_PP.png,0,0,0.43737346,0.20213638,0.28152192,0.06287701,0.016091267,0.43737346,external_test,Dark,86.0,adaptive_feather,123,C:\Users\USER\Desktop\Articulo\Datasets\MESSIDOR2\adaptive_feather\r224\20051116_43801_0400_PP.png,direct_exact
EYEPACS,MESSIDOR2,20051116_43954_0400_PP.png,1,0,0.4095225,0.22343335,0.31823245,0.03203718,0.016774422,0.4095225,external_test,Dark,87.0,adaptive_feather,123,C:\Users\USER\Desktop\Articulo\Datasets\MESSIDOR2\adaptive_feather\r224\20051116_43954_0400_PP.png,direct_exact
EYEPACS,MESSIDOR2,20051116_43995_0400_PP.png,1,2,0.31384543,0.18130508,0.37626755,0.09604453,0.0325374,0.37626755,external_test,Dark,90.0,adaptive_feather,123,C:\Users\USER\Desktop\Articulo\Datasets\MESSIDOR2\adaptive_feather\r224\20051116_43995_0400_PP.png,direct_exact
EYEPACS,MESSIDOR2,20051116_44615_0400_PP.png,1,1,0.24706833,0.36799142,0.30608502,0.07043474,0.008420561,0.36799142,external_test,VeryDark,77.0,adaptive_feather,123,C:\Users\USER\Desktop\Articulo\Datasets\MESSIDOR2\adaptive_feather\r224\20051116_44615_0400_PP.png,direct_exact
EYEPACS,MESSIDOR2,20051116_44648_0400_PP.png,0,2,0.22195645,0.25096804,0.3622121,0.14758411,0.01727929,0.3622121,external_test,VeryDark,82.0,adaptive_feather,123,C:\Users\USER\Desktop\Articulo\Datasets\MESSIDOR2\adaptive_feather\r224\20051116_44648_0400_PP.png,direct_exact
EYEPACS,MESSIDOR2,20051116_44718_0400_PP.png,1,0,0.55853367,0.24133122,0.16445744,0.032985345,0.002692354,0.55853367,external_test,Dark,94.0,adaptive_feather,123,C:\Users\USER\Desktop\Articulo\Datasets\MESSIDOR2\adaptive_feather\r224\20051116_44718_0400_PP.png,direct_exact
EYEPACS,MESSIDOR2,20051116_44750_0400_PP.png,1,0,0.4409735,0.28368077,0.20833415,0.06115231,0.0058592376,0.4409735,external_test,Dark,95.0,adaptive_feather,123,C:\Users\USER\Desktop\Articulo\Datasets\MESSIDOR2\adaptive_feather\r224\20051116_44750_0400_PP.png,direct_exact
EYEPACS,MESSIDOR2,20051116_44804_0400_PP.png,1,0,0.4222164,0.22636771,0.30593303,0.035344847,0.0101381,0.4222164,external_test,Dark,88.0,adaptive_feather,123,C:\Users\USER\Desktop\Articulo\Datasets\MESSIDOR2\adaptive_feather\r224\20051116_44804_0400_PP.png,direct_exact
EYEPACS,MESSIDOR2,20051116_44816_0400_PP.png,1,2,0.21143007,0.26762444,0.33290237,0.16421376,0.023829363,0.33290237,external_test,Dark,91.0,adaptive_feather,123,C:\Users\USER\Desktop\Articulo\Datasets\MESSIDOR2\adaptive_feather\r224\20051116_44816_0400_PP.png,direct_exact
EYEPACS,MESSIDOR2,20051116_54429_0400_PP.png,2,2,0.32472944,0.24584241,0.35516933,0.05931521,0.0149435485,0.35516933,external_test,VeryDark,70.0,adaptive_feather,123,C:\Users\USER\Desktop\Articulo\Datasets\MESSIDOR2\adaptive_feather\r224\20051116_54429_0400_PP.png,direct_exact
EYEPACS,MESSIDOR2,20051116_54454_0400_PP.png,2,2,0.13341856,0.10314619,0.53745615,0.19226037,0.033718716,0.53745615,external_test,VeryDark,72.0,adaptive_feather,123,C:\Users\USER\Desktop\Articulo\Datasets\MESSIDOR2\adaptive_feather\r224\20051116_54454_0400_PP.png,direct_exact
EYEPACS,MESSIDOR2,20051116_54484_0400_PP.png,1,0,0.32303536,0.30218762,0.29539526,0.05889886,0.020482928,0.32303536,external_test,Dark,85.0,adaptive_feather,123,C:\Users\USER\Desktop\Articulo\Datasets\MESSIDOR2\adaptive_feather\r224\20051116_54484_0400_PP.png,direct_exact
EYEPACS,MESSIDOR2,20051116_54587_0400_PP.png,1,2,0.28422457,0.26957616,0.3766087,0.05205804,0.017532539,0.3766087,external_test,Dark,86.0,adaptive_feather,123,C:\Users\USER\Desktop\Articulo\Datasets\MESSIDOR2\adaptive_feather\r224\20051116_54587_0400_PP.png,direct_exact
EYEPACS,MESSIDOR2,20051116_54642_0400_PP.png,1,0,0.32883844,0.32074812,0.262221,0.06355396,0.024638435,0.32883844,external_test,Dark,87.0,adaptive_feather,123,C:\Users\USER\Desktop\Articulo\Datasets\MESSIDOR2\adaptive_feather\r224\20051116_54642_0400_PP.png,direct_exact
EYEPACS,MESSIDOR2,20051116_54663_0400_PP.png,1,0,0.37540564,0.29302093,0.26168498,0.033693932,0.03619457,0.37540564,external_test,Dark,89.0,adaptive_feather,123,C:\Users\USER\Desktop\Articulo\Datasets\MESSIDOR2\adaptive_feather\r224\20051116_54663_0400_PP.png,direct_exact
EYEPACS,MESSIDOR2,20051116_54692_0400_PP.png,1,2,0.21046935,0.14092314,0.4195694,0.18827721,0.04076089,0.4195694,external_test,Dark,91.0,adaptive_feather,123,C:\Users\USER\Desktop\Articulo\Datasets\MESSIDOR2\adaptive_feather\r224\20051116_54692_0400_PP.png,direct_exact
EYEPACS,MESSIDOR2,20051116_54825_0400_PP.png,2,2,0.31404275,0.24456464,0.37127796,0.06319422,0.0069204927,0.37127796,external_test,Dark,93.0,adaptive_feather,123,C:\Users\USER\Desktop\Articulo\Datasets\MESSIDOR2\adaptive_feather\r224\20051116_54825_0400_PP.png,direct_exact
EYEPACS,MESSIDOR2,20051116_54832_0400_PP.png,2,0,0.4563091,0.23794432,0.26444876,0.031601958,0.009695856,0.4563091,external_test,Dark,89.0,adaptive_feather,123,C:\Users\USER\Desktop\Articulo\Datasets\MESSIDOR2\adaptive_feather\r224\20051116_54832_0400_PP.png,direct_exact
EYEPACS,MESSIDOR2,20051116_54839_0400_PP.png,2,0,0.3679775,0.24044415,0.28885883,0.077145614,0.02557386,0.3679775,external_test,Dark,90.0,adaptive_feather,123,C:\Users\USER\Desktop\Articulo\Datasets\MESSIDOR2\adaptive_feather\r224\20051116_54839_0400_PP.png,direct_exact
EYEPACS,MESSIDOR2,20051116_55649_0400_PP.png,2,0,0.55852515,0.25987116,0.14669065,0.026823072,0.008089972,0.55852515,external_test,VeryDark,83.0,adaptive_feather,123,C:\Users\USER\Desktop\Articulo\Datasets\MESSIDOR2\adaptive_feather\r224\20051116_55649_0400_PP.png,direct_exact
EYEPACS,MESSIDOR2,20051116_55656_0400_PP.png,2,0,0.46631813,0.27112988,0.22875613,0.02214129,0.011654541,0.46631813,external_test,VeryDark,81.0,adaptive_feather,123,C:\Users\USER\Desktop\Articulo\Datasets\MESSIDOR2\adaptive_feather\r224\20051116_55656_0400_PP.png,direct_exact
EYEPACS,MESSIDOR2,20051116_58804_0400_PP.png,2,0,0.39339626,0.33712864,0.1622691,0.06383346,0.043372557,0.39339626,external_test,Dark,108.0,adaptive_feather,123,C:\Users\USER\Desktop\Articulo\Datasets\MESSIDOR2\adaptive_feather\r224\20051116_58804_0400_PP.png,direct_exact
EYEPACS,MESSIDOR2,20051116_58816_0400_PP.png,2,3,0.13545926,0.1332008,0.25140387,0.39218077,0.087755315,0.39218077,external_test,VeryDark,77.0,adaptive_feather,123,C:\Users\USER\Desktop\Articulo\Datasets\MESSIDOR2\adaptive_feather\r224\20051116_58816_0400_PP.png,direct_exact
EYEPACS,MESSIDOR2,20051116_58828_0400_PP.png,2,2,0.1853817,0.34912643,0.37333655,0.073263854,0.018891446,0.37333655,external_test,VeryDark,82.0,adaptive_feather,123,C:\Users\USER\Desktop\Articulo\Datasets\MESSIDOR2\adaptive_feather\r224\20051116_58828_0400_PP.png,direct_exact
EYEPACS,MESSIDOR2,20051116_58835_0400_PP.png,2,2,0.09490514,0.12974335,0.64867854,0.09907037,0.027602656,0.64867854,external_test,VeryDark,71.0,adaptive_feather,123,C:\Users\USER\Desktop\Articulo\Datasets\MESSIDOR2\adaptive_feather\r224\20051116_58835_0400_PP.png,direct_exact
EYEPACS,MESSIDOR2,20051116_58864_0400_PP.png,2,2,0.15488076,0.18021847,0.57694817,0.06903704,0.018915562,0.57694817,external_test,VeryDark,80.0,adaptive_feather,123,C:\Users\USER\Desktop\Articulo\Datasets\MESSIDOR2\adaptive_feather\r224\20051116_58864_0400_PP.png,direct_exact
EYEPACS,MESSIDOR2,20051116_58872_0400_PP.png,2,2,0.0813704,0.11258028,0.44172361,0.32263145,0.04169423,0.44172361,external_test,VeryDark,78.0,adaptive_feather,123,C:\Users\USER\Desktop\Articulo\Datasets\MESSIDOR2\adaptive_feather\r224\20051116_58872_0400_PP.png,direct_exact
EYEPACS,MESSIDOR2,20051116_59150_0400_PP.png,2,2,0.17285411,0.23124534,0.48435947,0.10021898,0.01132215,0.48435947,external_test,VeryDark,84.0,adaptive_feather,123,C:\Users\USER\Desktop\Articulo\Datasets\MESSIDOR2\adaptive_feather\r224\20051116_59150_0400_PP.png,direct_exact
EYEPACS,MESSIDOR2,20051116_59168_0400_PP.png,2,3,0.033551462,0.06382862,0.16752423,0.5154057,0.21968995,0.5154057,external_test,VeryDark,83.0,adaptive_feather,123,C:\Users\USER\Desktop\Articulo\Datasets\MESSIDOR2\adaptive_feather\r224\20051116_59168_0400_PP.png,direct_exact
EYEPACS,MESSIDOR2,20051117_37042_0400_PP.png,0,3,0.12832503,0.1365697,0.24208018,0.28574774,0.20727737,0.28574774,external_test,Dark,85.0,adaptive_feather,123,C:\Users\USER\Desktop\Articulo\Datasets\MESSIDOR2\adaptive_feather\r224\20051117_37042_0400_PP.png,direct_exact
EYEPACS,MESSIDOR2,20051117_37051_0400_PP.png,0,4,0.13322593,0.13133778,0.3225444,0.050976343,0.36191556,0.36191556,external_test,VeryDark,84.0,adaptive_feather,123,C:\Users\USER\Desktop\Articulo\Datasets\MESSIDOR2\adaptive_feather\r224\20051117_37051_0400_PP.png,direct_exact
EYEPACS,MESSIDOR2,20051117_37078_0400_PP.png,0,2,0.28501296,0.26296315,0.4159793,0.032263245,0.0037812926,0.4159793,external_test,Dark,97.0,adaptive_feather,123,C:\Users\USER\Desktop\Articulo\Datasets\MESSIDOR2\adaptive_feather\r224\20051117_37078_0400_PP.png,direct_exact
EYEPACS,MESSIDOR2,20051117_37100_0400_PP.png,0,1,0.28603217,0.37472978,0.27466172,0.048988655,0.015587577,0.37472978,external_test,Dark,88.0,adaptive_feather,123,C:\Users\USER\Desktop\Articulo\Datasets\MESSIDOR2\adaptive_feather\r224\20051117_37100_0400_PP.png,direct_exact
EYEPACS,MESSIDOR2,20051117_37130_0400_PP.png,0,2,0.27819797,0.23171486,0.3560393,0.08202696,0.052020904,0.3560393,external_test,Normal,111.0,adaptive_feather,123,C:\Users\USER\Desktop\Articulo\Datasets\MESSIDOR2\adaptive_feather\r224\20051117_37130_0400_PP.png,direct_exact
EYEPACS,MESSIDOR2,20051117_37155_0400_PP.png,0,1,0.23661456,0.29600206,0.25765806,0.15719625,0.05252908,0.29600206,external_test,Dark,95.0,adaptive_feather,123,C:\Users\USER\Desktop\Articulo\Datasets\MESSIDOR2\adaptive_feather\r224\20051117_37155_0400_PP.png,direct_exact
EYEPACS,MESSIDOR2,20051117_37185_0400_PP.png,0,1,0.30984956,0.37936994,0.2640588,0.038502503,0.00821917,0.37936994,external_test,Dark,96.0,adaptive_feather,123,C:\Users\USER\Desktop\Articulo\Datasets\MESSIDOR2\adaptive_feather\r224\20051117_37185_0400_PP.png,direct_exact
EYEPACS,MESSIDOR2,20051117_37213_0400_PP.png,1,1,0.2064015,0.33601612,0.29892108,0.1447877,0.013873639,0.33601612,external_test,Dark,97.0,adaptive_feather,123,C:\Users\USER\Desktop\Articulo\Datasets\MESSIDOR2\adaptive_feather\r224\20051117_37213_0400_PP.png,direct_exact
EYEPACS,MESSIDOR2,20051117_37321_0400_PP.png,0,0,0.31428257,0.28956205,0.26930892,0.110772,0.016074365,0.31428257,external_test,Dark,97.0,adaptive_feather,123,C:\Users\USER\Desktop\Articulo\Datasets\MESSIDOR2\adaptive_feather\r224\20051117_37321_0400_PP.png,direct_exact
EYEPACS,MESSIDOR2,20051130_53586_0400_PP.png,0,0,0.4149075,0.33666122,0.17746672,0.061569136,0.009395467,0.4149075,external_test,ExtremelyDark,65.0,adaptive_feather,123,C:\Users\USER\Desktop\Articulo\Datasets\MESSIDOR2\adaptive_feather\r224\20051130_53586_0400_PP.png,direct_exact
EYEPACS,MESSIDOR2,20051130_53623_0400_PP.png,0,0,0.4684782,0.35919204,0.15519679,0.010089091,0.0070438697,0.4684782,external_test,VeryDark,84.0,adaptive_feather,123,C:\Users\USER\Desktop\Articulo\Datasets\MESSIDOR2\adaptive_feather\r224\20051130_53623_0400_PP.png,direct_exact
EYEPACS,MESSIDOR2,20051130_53663_0400_PP.png,0,1,0.23854095,0.42838418,0.29331374,0.031656325,0.008104771,0.42838418,external_test,Dark,85.0,adaptive_feather,123,C:\Users\USER\Desktop\Articulo\Datasets\MESSIDOR2\adaptive_feather\r224\20051130_53663_0400_PP.png,direct_exact
EYEPACS,MESSIDOR2,20051130_53991_0400_PP.png,0,0,0.55255204,0.31336123,0.12358033,0.008558212,0.0019481537,0.55255204,external_test,Dark,102.0,adaptive_feather,123,C:\Users\USER\Desktop\Articulo\Datasets\MESSIDOR2\adaptive_feather\r224\20051130_53991_0400_PP.png,direct_exact
EYEPACS,MESSIDOR2,20051130_54030_0400_PP.png,0,0,0.48152626,0.28482458,0.1849867,0.03280537,0.015857076,0.48152626,external_test,Dark,106.0,adaptive_feather,123,C:\Users\USER\Desktop\Articulo\Datasets\MESSIDOR2\adaptive_feather\r224\20051130_54030_0400_PP.png,direct_exact
EYEPACS,MESSIDOR2,20051130_54077_0400_PP.png,0,0,0.6104408,0.24500595,0.1064826,0.026139682,0.011930868,0.6104408,external_test,Normal,127.0,adaptive_feather,123,C:\Users\USER\Desktop\Articulo\Datasets\MESSIDOR2\adaptive_feather\r224\20051130_54077_0400_PP.png,direct_exact
EYEPACS,MESSIDOR2,20051130_54121_0400_PP.png,0,0,0.3733208,0.2345073,0.25635958,0.075017706,0.060794532,0.3733208,external_test,Normal,127.0,adaptive_feather,123,C:\Users\USER\Desktop\Articulo\Datasets\MESSIDOR2\adaptive_feather\r224\20051130_54121_0400_PP.png,direct_exact
EYEPACS,MESSIDOR2,20051130_54257_0400_PP.png,0,0,0.37694135,0.19714837,0.26085714,0.12617691,0.038876284,0.37694135,external_test,Normal,116.0,adaptive_feather,123,C:\Users\USER\Desktop\Articulo\Datasets\MESSIDOR2\adaptive_feather\r224\20051130_54257_0400_PP.png,direct_exact
EYEPACS,MESSIDOR2,20051130_54301_0400_PP.png,0,0,0.34263337,0.20575231,0.21466586,0.1362737,0.100674756,0.34263337,external_test,Dark,107.0,adaptive_feather,123,C:\Users\USER\Desktop\Articulo\Datasets\MESSIDOR2\adaptive_feather\r224\20051130_54301_0400_PP.png,direct_exact
EYEPACS,MESSIDOR2,20051130_54323_0400_PP.png,0,2,0.32567853,0.25855768,0.35578942,0.038537316,0.021437129,0.35578942,external_test,Dark,86.0,adaptive_feather,123,C:\Users\USER\Desktop\Articulo\Datasets\MESSIDOR2\adaptive_feather\r224\20051130_54323_0400_PP.png,direct_exact
EYEPACS,MESSIDOR2,20051130_54333_0400_PP.png,1,0,0.55993986,0.20373811,0.21273509,0.011265192,0.012321714,0.55993986,external_test,Dark,85.0,adaptive_feather,123,C:\Users\USER\Desktop\Articulo\Datasets\MESSIDOR2\adaptive_feather\r224\20051130_54333_0400_PP.png,direct_exact
EYEPACS,MESSIDOR2,20051130_54476_0400_PP.png,0,0,0.5592704,0.3862702,0.051533077,0.0008485409,0.002077872,0.5592704,external_test,Dark,97.0,adaptive_feather,123,C:\Users\USER\Desktop\Articulo\Datasets\MESSIDOR2\adaptive_feather\r224\20051130_54476_0400_PP.png,direct_exact
EYEPACS,MESSIDOR2,20051130_54498_0400_PP.png,0,0,0.5744691,0.28881237,0.12484635,0.0053376826,0.0065345196,0.5744691,external_test,Dark,97.0,adaptive_feather,123,C:\Users\USER\Desktop\Articulo\Datasets\MESSIDOR2\adaptive_feather\r224\20051130_54498_0400_PP.png,direct_exact
EYEPACS,MESSIDOR2,20051130_54595_0400_PP.png,0,3,0.074705854,0.10157336,0.25476524,0.3518165,0.21713902,0.3518165,external_test,VeryDark,71.0,adaptive_feather,123,C:\Users\USER\Desktop\Articulo\Datasets\MESSIDOR2\adaptive_feather\r224\20051130_54595_0400_PP.png,direct_exact
EYEPACS,MESSIDOR2,20051130_54616_0400_PP.png,1,4,0.14502795,0.051565923,0.2709507,0.13017812,0.4022773,0.4022773,external_test,Dark,94.0,adaptive_feather,123,C:\Users\USER\Desktop\Articulo\Datasets\MESSIDOR2\adaptive_feather\r224\20051130_54616_0400_PP.png,direct_exact
EYEPACS,MESSIDOR2,20051130_54802_0400_PP.png,0,0,0.7205991,0.24224351,0.033836488,0.0007147476,0.0026061458,0.7205991,external_test,VeryDark,83.0,adaptive_feather,123,C:\Users\USER\Desktop\Articulo\Datasets\MESSIDOR2\adaptive_feather\r224\20051130_54802_0400_PP.png,direct_exact
EYEPACS,MESSIDOR2,20051130_54846_0400_PP.png,0,0,0.5096021,0.42437056,0.0646341,0.0005997286,0.00079348864,0.5096021,external_test,Dark,86.0,adaptive_feather,123,C:\Users\USER\Desktop\Articulo\Datasets\MESSIDOR2\adaptive_feather\r224\20051130_54846_0400_PP.png,direct_exact
EYEPACS,MESSIDOR2,20051130_54943_0400_PP.png,0,0,0.44284937,0.41625944,0.13151151,0.005243444,0.0041361977,0.44284937,external_test,VeryDark,81.0,adaptive_feather,123,C:\Users\USER\Desktop\Articulo\Datasets\MESSIDOR2\adaptive_feather\r224\20051130_54943_0400_PP.png,direct_exact
EYEPACS,MESSIDOR2,20051130_54956_0400_PP.png,0,0,0.4728778,0.3915851,0.118138835,0.010511057,0.0068872566,0.4728778,external_test,VeryDark,82.0,adaptive_feather,123,C:\Users\USER\Desktop\Articulo\Datasets\MESSIDOR2\adaptive_feather\r224\20051130_54956_0400_PP.png,direct_exact
EYEPACS,MESSIDOR2,20051130_55004_0400_PP.png,0,0,0.4415176,0.24957807,0.26023763,0.025000859,0.0236658,0.4415176,external_test,Dark,92.0,adaptive_feather,123,C:\Users\USER\Desktop\Articulo\Datasets\MESSIDOR2\adaptive_feather\r224\20051130_55004_0400_PP.png,direct_exact
EYEPACS,MESSIDOR2,20051130_55012_0400_PP.png,0,0,0.38783482,0.2841821,0.2123627,0.06767085,0.047949497,0.38783482,external_test,Dark,92.0,adaptive_feather,123,C:\Users\USER\Desktop\Articulo\Datasets\MESSIDOR2\adaptive_feather\r224\20051130_55012_0400_PP.png,direct_exact
EYEPACS,MESSIDOR2,20051130_55037_0400_PP.png,0,1,0.34954143,0.4919378,0.13794047,0.011456524,0.009123844,0.4919378,external_test,Dark,86.0,adaptive_feather,123,C:\Users\USER\Desktop\Articulo\Datasets\MESSIDOR2\adaptive_feather\r224\20051130_55037_0400_PP.png,direct_exact
EYEPACS,MESSIDOR2,20051130_55048_0400_PP.png,0,1,0.35125792,0.5534833,0.09078105,0.0024397827,0.0020379685,0.5534833,external_test,Dark,85.0,adaptive_feather,123,C:\Users\USER\Desktop\Articulo\Datasets\MESSIDOR2\adaptive_feather\r224\20051130_55048_0400_PP.png,direct_exact
EYEPACS,MESSIDOR2,20051130_55074_0400_PP.png,0,1,0.3016486,0.5177485,0.13928337,0.031003477,0.010316155,0.5177485,external_test,Dark,95.0,adaptive_feather,123,C:\Users\USER\Desktop\Articulo\Datasets\MESSIDOR2\adaptive_feather\r224\20051130_55074_0400_PP.png,direct_exact
EYEPACS,MESSIDOR2,20051130_55086_0400_PP.png,0,0,0.47372913,0.3120822,0.15707843,0.030051388,0.027058754,0.47372913,external_test,Dark,101.0,adaptive_feather,123,C:\Users\USER\Desktop\Articulo\Datasets\MESSIDOR2\adaptive_feather\r224\20051130_55086_0400_PP.png,direct_exact
EYEPACS,MESSIDOR2,20051130_55107_0400_PP.png,0,0,0.3692642,0.2908046,0.18832888,0.05340584,0.0981965,0.3692642,external_test,Normal,109.0,adaptive_feather,123,C:\Users\USER\Desktop\Articulo\Datasets\MESSIDOR2\adaptive_feather\r224\20051130_55107_0400_PP.png,direct_exact
EYEPACS,MESSIDOR2,20051130_55124_0400_PP.png,1,0,0.3759707,0.34442005,0.22895375,0.03532057,0.01533488,0.3759707,external_test,Dark,86.0,adaptive_feather,123,C:\Users\USER\Desktop\Articulo\Datasets\MESSIDOR2\adaptive_feather\r224\20051130_55124_0400_PP.png,direct_exact
EYEPACS,MESSIDOR2,20051130_55160_0400_PP.png,0,0,0.46554014,0.30482277,0.19078821,0.018901804,0.019946972,0.46554014,external_test,Normal,124.0,adaptive_feather,123,C:\Users\USER\Desktop\Articulo\Datasets\MESSIDOR2\adaptive_feather\r224\20051130_55160_0400_PP.png,direct_exact
EYEPACS,MESSIDOR2,20051130_55269_0400_PP.png,0,0,0.57955664,0.22933485,0.15113059,0.022849696,0.017128149,0.57955664,external_test,Normal,119.0,adaptive_feather,123,C:\Users\USER\Desktop\Articulo\Datasets\MESSIDOR2\adaptive_feather\r224\20051130_55269_0400_PP.png,direct_exact
EYEPACS,MESSIDOR2,20051130_55311_0400_PP.png,0,0,0.6262298,0.2289088,0.12935649,0.010461014,0.005043925,0.6262298,external_test,Dark,87.0,adaptive_feather,123,C:\Users\USER\Desktop\Articulo\Datasets\MESSIDOR2\adaptive_feather\r224\20051130_55311_0400_PP.png,direct_exact
EYEPACS,MESSIDOR2,20051130_55323_0400_PP.png,0,1,0.2909606,0.34363595,0.24802503,0.08772603,0.029652404,0.34363595,external_test,VeryDark,83.0,adaptive_feather,123,C:\Users\USER\Desktop\Articulo\Datasets\MESSIDOR2\adaptive_feather\r224\20051130_55323_0400_PP.png,direct_exact
EYEPACS,MESSIDOR2,20051130_55381_0400_PP.png,0,1,0.371806,0.49880838,0.117993,0.008090971,0.0033016067,0.49880838,external_test,VeryDark,73.0,adaptive_feather,123,C:\Users\USER\Desktop\Articulo\Datasets\MESSIDOR2\adaptive_feather\r224\20051130_55381_0400_PP.png,direct_exact
EYEPACS,MESSIDOR2,20051130_55393_0400_PP.png,0,0,0.595362,0.35042158,0.052211743,0.00100544,0.0009992458,0.595362,external_test,VeryDark,71.0,adaptive_feather,123,C:\Users\USER\Desktop\Articulo\Datasets\MESSIDOR2\adaptive_feather\r224\20051130_55393_0400_PP.png,direct_exact
EYEPACS,MESSIDOR2,20051130_58716_0400_PP.png,0,2,0.23592983,0.36773393,0.37564975,0.014971155,0.005715435,0.37564975,external_test,VeryDark,72.0,adaptive_feather,123,C:\Users\USER\Desktop\Articulo\Datasets\MESSIDOR2\adaptive_feather\r224\20051130_58716_0400_PP.png,direct_exact
EYEPACS,MESSIDOR2,20051130_58824_0400_PP.png,0,2,0.12874876,0.27183455,0.55889016,0.03202446,0.008502091,0.55889016,external_test,ExtremelyDark,67.0,adaptive_feather,123,C:\Users\USER\Desktop\Articulo\Datasets\MESSIDOR2\adaptive_feather\r224\20051130_58824_0400_PP.png,direct_exact
EYEPACS,MESSIDOR2,20051130_58874_0400_PP.png,0,1,0.2978384,0.34547025,0.29260814,0.0466739,0.017409323,0.34547025,external_test,VeryDark,74.0,adaptive_feather,123,C:\Users\USER\Desktop\Articulo\Datasets\MESSIDOR2\adaptive_feather\r224\20051130_58874_0400_PP.png,direct_exact
EYEPACS,MESSIDOR2,20051130_58888_0400_PP.png,0,1,0.18077666,0.38870504,0.3197798,0.091354184,0.019384284,0.38870504,external_test,ExtremelyDark,62.0,adaptive_feather,123,C:\Users\USER\Desktop\Articulo\Datasets\MESSIDOR2\adaptive_feather\r224\20051130_58888_0400_PP.png,direct_exact
EYEPACS,MESSIDOR2,20051130_58921_0400_PP.png,1,0,0.40472132,0.19791012,0.3691749,0.024133746,0.0040598772,0.40472132,external_test,VeryDark,82.0,adaptive_feather,123,C:\Users\USER\Desktop\Articulo\Datasets\MESSIDOR2\adaptive_feather\r224\20051130_58921_0400_PP.png,direct_exact
EYEPACS,MESSIDOR2,20051130_58962_0400_PP.png,0,0,0.4476736,0.1820551,0.2897594,0.04594057,0.034571327,0.4476736,external_test,Dark,85.0,adaptive_feather,123,C:\Users\USER\Desktop\Articulo\Datasets\MESSIDOR2\adaptive_feather\r224\20051130_58962_0400_PP.png,direct_exact
EYEPACS,MESSIDOR2,20051130_58998_0400_PP.png,0,1,0.19446573,0.66234297,0.13711222,0.003960679,0.0021184867,0.66234297,external_test,ExtremelyDark,62.0,adaptive_feather,123,C:\Users\USER\Desktop\Articulo\Datasets\MESSIDOR2\adaptive_feather\r224\20051130_58998_0400_PP.png,direct_exact
EYEPACS,MESSIDOR2,20051130_59029_0400_PP.png,0,1,0.3421549,0.5484779,0.10455103,0.0020542857,0.0027619037,0.5484779,external_test,ExtremelyDark,59.0,adaptive_feather,123,C:\Users\USER\Desktop\Articulo\Datasets\MESSIDOR2\adaptive_feather\r224\20051130_59029_0400_PP.png,direct_exact
EYEPACS,MESSIDOR2,20051130_59186_0400_PP.png,0,0,0.6075435,0.25001466,0.09141104,0.03214473,0.018886006,0.6075435,external_test,Dark,95.0,adaptive_feather,123,C:\Users\USER\Desktop\Articulo\Datasets\MESSIDOR2\adaptive_feather\r224\20051130_59186_0400_PP.png,direct_exact
EYEPACS,MESSIDOR2,20051130_59284_0400_PP.png,0,0,0.7208418,0.21894528,0.051671598,0.0049737226,0.0035675936,0.7208418,external_test,Dark,95.0,adaptive_feather,123,C:\Users\USER\Desktop\Articulo\Datasets\MESSIDOR2\adaptive_feather\r224\20051130_59284_0400_PP.png,direct_exact
EYEPACS,MESSIDOR2,20051130_59374_0400_PP.png,0,0,0.44361585,0.28079048,0.2101823,0.0491159,0.01629536,0.44361585,external_test,Dark,94.0,adaptive_feather,123,C:\Users\USER\Desktop\Articulo\Datasets\MESSIDOR2\adaptive_feather\r224\20051130_59374_0400_PP.png,direct_exact
EYEPACS,MESSIDOR2,20051130_59404_0400_PP.png,0,0,0.4887687,0.324596,0.15477136,0.022788743,0.009075118,0.4887687,external_test,Dark,86.0,adaptive_feather,123,C:\Users\USER\Desktop\Articulo\Datasets\MESSIDOR2\adaptive_feather\r224\20051130_59404_0400_PP.png,direct_exact
EYEPACS,MESSIDOR2,20051130_59457_0400_PP.png,0,1,0.39495486,0.43243977,0.13943699,0.024870114,0.008298197,0.43243977,external_test,VeryDark,75.0,adaptive_feather,123,C:\Users\USER\Desktop\Articulo\Datasets\MESSIDOR2\adaptive_feather\r224\20051130_59457_0400_PP.png,direct_exact
EYEPACS,MESSIDOR2,20051130_59464_0400_PP.png,0,0,0.48773828,0.32501918,0.14930183,0.024656001,0.0132847205,0.48773828,external_test,Dark,90.0,adaptive_feather,123,C:\Users\USER\Desktop\Articulo\Datasets\MESSIDOR2\adaptive_feather\r224\20051130_59464_0400_PP.png,direct_exact
EYEPACS,MESSIDOR2,20051130_59749_0400_PP.png,0,2,0.26130486,0.20194548,0.38431042,0.12298793,0.029451285,0.38431042,external_test,Dark,102.0,adaptive_feather,123,C:\Users\USER\Desktop\Articulo\Datasets\MESSIDOR2\adaptive_feather\r224\20051130_59749_0400_PP.png,direct_exact
EYEPACS,MESSIDOR2,20051130_59775_0400_PP.png,0,0,0.42905676,0.2788098,0.22436127,0.054011885,0.013760215,0.42905676,external_test,Dark,108.0,adaptive_feather,123,C:\Users\USER\Desktop\Articulo\Datasets\MESSIDOR2\adaptive_feather\r224\20051130_59775_0400_PP.png,direct_exact
EYEPACS,MESSIDOR2,20051130_59793_0400_PP.png,0,1,0.3372963,0.37769127,0.20304905,0.054505203,0.02745813,0.37769127,external_test,Dark,100.0,adaptive_feather,123,C:\Users\USER\Desktop\Articulo\Datasets\MESSIDOR2\adaptive_feather\r224\20051130_59793_0400_PP.png,direct_exact
EYEPACS,MESSIDOR2,20051130_59802_0400_PP.png,0,0,0.42801684,0.30042237,0.21855013,0.030953763,0.022056933,0.42801684,external_test,Dark,98.0,adaptive_feather,123,C:\Users\USER\Desktop\Articulo\Datasets\MESSIDOR2\adaptive_feather\r224\20051130_59802_0400_PP.png,direct_exact
EYEPACS,MESSIDOR2,20051130_59850_0400_PP.png,0,0,0.4638754,0.4164059,0.085777916,0.021380402,0.012560331,0.4638754,external_test,Dark,89.0,adaptive_feather,123,C:\Users\USER\Desktop\Articulo\Datasets\MESSIDOR2\adaptive_feather\r224\20051130_59850_0400_PP.png,direct_exact
EYEPACS,MESSIDOR2,20051130_59869_0400_PP.png,0,2,0.2438267,0.28698093,0.30813593,0.118365325,0.04269105,0.30813593,external_test,Dark,91.0,adaptive_feather,123,C:\Users\USER\Desktop\Articulo\Datasets\MESSIDOR2\adaptive_feather\r224\20051130_59869_0400_PP.png,direct_exact
EYEPACS,MESSIDOR2,20051130_59916_0400_PP.png,1,2,0.26762614,0.1841095,0.40640718,0.112440385,0.02941684,0.40640718,external_test,Dark,94.0,adaptive_feather,123,C:\Users\USER\Desktop\Articulo\Datasets\MESSIDOR2\adaptive_feather\r224\20051130_59916_0400_PP.png,direct_exact
EYEPACS,MESSIDOR2,20051130_59930_0400_PP.png,1,0,0.34108713,0.118508905,0.33827394,0.096444026,0.10568598,0.34108713,external_test,Dark,92.0,adaptive_feather,123,C:\Users\USER\Desktop\Articulo\Datasets\MESSIDOR2\adaptive_feather\r224\20051130_59930_0400_PP.png,direct_exact
EYEPACS,MESSIDOR2,20051130_59964_0400_PP.png,0,0,0.50532806,0.32194126,0.16031186,0.01069266,0.0017261727,0.50532806,external_test,Normal,112.0,adaptive_feather,123,C:\Users\USER\Desktop\Articulo\Datasets\MESSIDOR2\adaptive_feather\r224\20051130_59964_0400_PP.png,direct_exact
EYEPACS,MESSIDOR2,20051130_59993_0400_PP.png,0,0,0.4646612,0.28141335,0.19001423,0.045420207,0.018491082,0.4646612,external_test,Dark,102.0,adaptive_feather,123,C:\Users\USER\Desktop\Articulo\Datasets\MESSIDOR2\adaptive_feather\r224\20051130_59993_0400_PP.png,direct_exact
EYEPACS,MESSIDOR2,20051130_60040_0400_PP.png,0,0,0.43932727,0.35666662,0.1740981,0.018711077,0.011196895,0.43932727,external_test,Dark,93.0,adaptive_feather,123,C:\Users\USER\Desktop\Articulo\Datasets\MESSIDOR2\adaptive_feather\r224\20051130_60040_0400_PP.png,direct_exact
EYEPACS,MESSIDOR2,20051130_60066_0400_PP.png,0,0,0.38126516,0.3730444,0.1808729,0.047801618,0.017015971,0.38126516,external_test,Dark,92.0,adaptive_feather,123,C:\Users\USER\Desktop\Articulo\Datasets\MESSIDOR2\adaptive_feather\r224\20051130_60066_0400_PP.png,direct_exact
EYEPACS,MESSIDOR2,20051130_60186_0400_PP.png,0,0,0.3375462,0.3311044,0.23074728,0.07710286,0.023499245,0.3375462,external_test,Dark,95.0,adaptive_feather,123,C:\Users\USER\Desktop\Articulo\Datasets\MESSIDOR2\adaptive_feather\r224\20051130_60186_0400_PP.png,direct_exact
EYEPACS,MESSIDOR2,20051130_60234_0400_PP.png,0,0,0.4075378,0.19817562,0.26655918,0.09818483,0.029542575,0.4075378,external_test,Dark,90.0,adaptive_feather,123,C:\Users\USER\Desktop\Articulo\Datasets\MESSIDOR2\adaptive_feather\r224\20051130_60234_0400_PP.png,direct_exact
EYEPACS,MESSIDOR2,20051130_60448_0400_PP.png,0,0,0.52734774,0.39685643,0.07485498,0.00035284538,0.0005880103,0.52734774,external_test,VeryDark,78.0,adaptive_feather,123,C:\Users\USER\Desktop\Articulo\Datasets\MESSIDOR2\adaptive_feather\r224\20051130_60448_0400_PP.png,direct_exact
EYEPACS,MESSIDOR2,20051130_60490_0400_PP.png,0,0,0.6133824,0.2793932,0.101985194,0.001167717,0.004071423,0.6133824,external_test,VeryDark,82.0,adaptive_feather,123,C:\Users\USER\Desktop\Articulo\Datasets\MESSIDOR2\adaptive_feather\r224\20051130_60490_0400_PP.png,direct_exact
EYEPACS,MESSIDOR2,20051130_60532_0400_PP.png,0,2,0.3476898,0.17765327,0.3605415,0.043766458,0.07034895,0.3605415,external_test,Dark,91.0,adaptive_feather,123,C:\Users\USER\Desktop\Articulo\Datasets\MESSIDOR2\adaptive_feather\r224\20051130_60532_0400_PP.png,direct_exact
EYEPACS,MESSIDOR2,20051130_60562_0400_PP.png,0,0,0.48657194,0.14195618,0.25539416,0.053494524,0.062583216,0.48657194,external_test,Dark,86.0,adaptive_feather,123,C:\Users\USER\Desktop\Articulo\Datasets\MESSIDOR2\adaptive_feather\r224\20051130_60562_0400_PP.png,direct_exact
EYEPACS,MESSIDOR2,20051130_60601_0400_PP.png,0,0,0.386972,0.38688692,0.16539207,0.055389382,0.005359677,0.386972,external_test,Dark,85.0,adaptive_feather,123,C:\Users\USER\Desktop\Articulo\Datasets\MESSIDOR2\adaptive_feather\r224\20051130_60601_0400_PP.png,direct_exact
EYEPACS,MESSIDOR2,20051130_60630_0400_PP.png,0,0,0.3774783,0.19125828,0.25200933,0.07554936,0.10370481,0.3774783,external_test,Dark,98.0,adaptive_feather,123,C:\Users\USER\Desktop\Articulo\Datasets\MESSIDOR2\adaptive_feather\r224\20051130_60630_0400_PP.png,direct_exact
EYEPACS,MESSIDOR2,20051130_60691_0400_PP.png,0,2,0.3640326,0.20121711,0.40480414,0.015304811,0.014641301,0.40480414,external_test,Dark,85.0,adaptive_feather,123,C:\Users\USER\Desktop\Articulo\Datasets\MESSIDOR2\adaptive_feather\r224\20051130_60691_0400_PP.png,direct_exact
EYEPACS,MESSIDOR2,20051130_60715_0400_PP.png,0,0,0.44427267,0.19994272,0.30912432,0.01917289,0.027487423,0.44427267,external_test,Dark,87.0,adaptive_feather,123,C:\Users\USER\Desktop\Articulo\Datasets\MESSIDOR2\adaptive_feather\r224\20051130_60715_0400_PP.png,direct_exact
EYEPACS,MESSIDOR2,20051130_60740_0400_PP.png,0,0,0.36956862,0.25057593,0.2836496,0.07315851,0.023047406,0.36956862,external_test,Dark,106.0,adaptive_feather,123,C:\Users\USER\Desktop\Articulo\Datasets\MESSIDOR2\adaptive_feather\r224\20051130_60740_0400_PP.png,direct_exact
EYEPACS,MESSIDOR2,20051130_60760_0400_PP.png,1,0,0.49448887,0.26383206,0.2057019,0.024814466,0.011162696,0.49448887,external_test,Dark,100.0,adaptive_feather,123,C:\Users\USER\Desktop\Articulo\Datasets\MESSIDOR2\adaptive_feather\r224\20051130_60760_0400_PP.png,direct_exact
EYEPACS,MESSIDOR2,20051130_60794_0400_PP.png,0,0,0.46465963,0.22063082,0.24282168,0.039476607,0.032411244,0.46465963,external_test,Dark,92.0,adaptive_feather,123,C:\Users\USER\Desktop\Articulo\Datasets\MESSIDOR2\adaptive_feather\r224\20051130_60794_0400_PP.png,direct_exact
EYEPACS,MESSIDOR2,20051130_60822_0400_PP.png,0,0,0.57153785,0.3386769,0.076552786,0.006238646,0.006993844,0.57153785,external_test,Dark,92.0,adaptive_feather,123,C:\Users\USER\Desktop\Articulo\Datasets\MESSIDOR2\adaptive_feather\r224\20051130_60822_0400_PP.png,direct_exact
EYEPACS,MESSIDOR2,20051201_37312_0400_PP.png,0,0,0.45400122,0.1949288,0.28959048,0.04010735,0.021372164,0.45400122,external_test,Dark,99.0,adaptive_feather,123,C:\Users\USER\Desktop\Articulo\Datasets\MESSIDOR2\adaptive_feather\r224\20051201_37312_0400_PP.png,direct_exact
EYEPACS,MESSIDOR2,20051201_37337_0400_PP.png,0,0,0.48594326,0.28506997,0.20443422,0.011963737,0.01258878,0.48594326,external_test,Dark,102.0,adaptive_feather,123,C:\Users\USER\Desktop\Articulo\Datasets\MESSIDOR2\adaptive_feather\r224\20051201_37337_0400_PP.png,direct_exact
EYEPACS,MESSIDOR2,20051201_37382_0400_PP.png,0,0,0.536364,0.31204084,0.08315174,0.04121367,0.02722972,0.536364,external_test,Normal,113.0,adaptive_feather,123,C:\Users\USER\Desktop\Articulo\Datasets\MESSIDOR2\adaptive_feather\r224\20051201_37382_0400_PP.png,direct_exact
EYEPACS,MESSIDOR2,20051201_37390_0400_PP.png,0,0,0.4519934,0.34029618,0.15886687,0.036706902,0.012136644,0.4519934,external_test,Normal,109.0,adaptive_feather,123,C:\Users\USER\Desktop\Articulo\Datasets\MESSIDOR2\adaptive_feather\r224\20051201_37390_0400_PP.png,direct_exact
EYEPACS,MESSIDOR2,20051201_37409_0400_PP.png,0,1,0.37507913,0.3817094,0.20240183,0.031964213,0.008845423,0.3817094,external_test,Dark,94.0,adaptive_feather,123,C:\Users\USER\Desktop\Articulo\Datasets\MESSIDOR2\adaptive_feather\r224\20051201_37409_0400_PP.png,direct_exact
EYEPACS,MESSIDOR2,20051201_37462_0400_PP.png,0,0,0.5312899,0.24985407,0.1541061,0.049924187,0.014825691,0.5312899,external_test,Dark,99.0,adaptive_feather,123,C:\Users\USER\Desktop\Articulo\Datasets\MESSIDOR2\adaptive_feather\r224\20051201_37462_0400_PP.png,direct_exact
EYEPACS,MESSIDOR2,20051201_37534_0400_PP.png,0,2,0.28801802,0.20726457,0.41726717,0.034898903,0.052551474,0.41726717,external_test,Dark,96.0,adaptive_feather,123,C:\Users\USER\Desktop\Articulo\Datasets\MESSIDOR2\adaptive_feather\r224\20051201_37534_0400_PP.png,direct_exact
EYEPACS,MESSIDOR2,20051201_37557_0400_PP.png,0,2,0.2706152,0.23497336,0.42554945,0.05467941,0.014182546,0.42554945,external_test,Dark,98.0,adaptive_feather,123,C:\Users\USER\Desktop\Articulo\Datasets\MESSIDOR2\adaptive_feather\r224\20051201_37557_0400_PP.png,direct_exact
EYEPACS,MESSIDOR2,20051201_38041_0400_PP.png,0,0,0.49965626,0.32821512,0.12021251,0.04295712,0.0089589795,0.49965626,external_test,Dark,96.0,adaptive_feather,123,C:\Users\USER\Desktop\Articulo\Datasets\MESSIDOR2\adaptive_feather\r224\20051201_38041_0400_PP.png,direct_exact
EYEPACS,MESSIDOR2,20051201_38081_0400_PP.png,0,2,0.2587184,0.33118924,0.37653118,0.025046205,0.008514979,0.37653118,external_test,Dark,93.0,adaptive_feather,123,C:\Users\USER\Desktop\Articulo\Datasets\MESSIDOR2\adaptive_feather\r224\20051201_38081_0400_PP.png,direct_exact
EYEPACS,MESSIDOR2,20051201_38103_0400_PP.png,0,2,0.3180425,0.16121557,0.32724968,0.115733944,0.07775839,0.32724968,external_test,Dark,106.0,adaptive_feather,123,C:\Users\USER\Desktop\Articulo\Datasets\MESSIDOR2\adaptive_feather\r224\20051201_38103_0400_PP.png,direct_exact
EYEPACS,MESSIDOR2,20051201_38137_0400_PP.png,0,0,0.46248767,0.18981425,0.31931382,0.020249797,0.00813437,0.46248767,external_test,Dark,105.0,adaptive_feather,123,C:\Users\USER\Desktop\Articulo\Datasets\MESSIDOR2\adaptive_feather\r224\20051201_38137_0400_PP.png,direct_exact
EYEPACS,MESSIDOR2,20051201_38155_0400_PP.png,0,2,0.20726164,0.3306581,0.36062974,0.080272116,0.0211784,0.36062974,external_test,ExtremelyDark,65.0,adaptive_feather,123,C:\Users\USER\Desktop\Articulo\Datasets\MESSIDOR2\adaptive_feather\r224\20051201_38155_0400_PP.png,direct_exact
EYEPACS,MESSIDOR2,20051201_38164_0400_PP.png,0,1,0.282031,0.4229644,0.2171071,0.069178656,0.008718954,0.4229644,external_test,ExtremelyDark,69.0,adaptive_feather,123,C:\Users\USER\Desktop\Articulo\Datasets\MESSIDOR2\adaptive_feather\r224\20051201_38164_0400_PP.png,direct_exact
EYEPACS,MESSIDOR2,20051201_38199_0400_PP.png,0,0,0.3583847,0.26657397,0.18624981,0.12070844,0.06808314,0.3583847,external_test,Dark,108.0,adaptive_feather,123,C:\Users\USER\Desktop\Articulo\Datasets\MESSIDOR2\adaptive_feather\r224\20051201_38199_0400_PP.png,direct_exact
EYEPACS,MESSIDOR2,20051201_38211_0400_PP.png,0,0,0.37706622,0.27388626,0.22728522,0.08919288,0.03256934,0.37706622,external_test,Normal,117.0,adaptive_feather,123,C:\Users\USER\Desktop\Articulo\Datasets\MESSIDOR2\adaptive_feather\r224\20051201_38211_0400_PP.png,direct_exact
EYEPACS,MESSIDOR2,20051201_38246_0400_PP.png,0,0,0.4836403,0.34933177,0.14527595,0.014062711,0.007689203,0.4836403,external_test,Normal,120.0,adaptive_feather,123,C:\Users\USER\Desktop\Articulo\Datasets\MESSIDOR2\adaptive_feather\r224\20051201_38246_0400_PP.png,direct_exact
EYEPACS,MESSIDOR2,20051201_38262_0400_PP.png,0,0,0.34156853,0.26233605,0.25725767,0.09115893,0.04767876,0.34156853,external_test,Dark,97.0,adaptive_feather,123,C:\Users\USER\Desktop\Articulo\Datasets\MESSIDOR2\adaptive_feather\r224\20051201_38262_0400_PP.png,direct_exact
EYEPACS,MESSIDOR2,20051201_38280_0400_PP.png,0,1,0.33972058,0.39724937,0.21955648,0.039523307,0.003950157,0.39724937,external_test,VeryDark,77.0,adaptive_feather,123,C:\Users\USER\Desktop\Articulo\Datasets\MESSIDOR2\adaptive_feather\r224\20051201_38280_0400_PP.png,direct_exact
EYEPACS,MESSIDOR2,20051201_38291_0400_PP.png,0,1,0.32796326,0.4258026,0.18162724,0.0395397,0.025067214,0.4258026,external_test,VeryDark,81.0,adaptive_feather,123,C:\Users\USER\Desktop\Articulo\Datasets\MESSIDOR2\adaptive_feather\r224\20051201_38291_0400_PP.png,direct_exact
EYEPACS,MESSIDOR2,20051201_38321_0400_PP.png,0,0,0.4817524,0.25028723,0.2059557,0.030723495,0.031281166,0.4817524,external_test,Dark,106.0,adaptive_feather,123,C:\Users\USER\Desktop\Articulo\Datasets\MESSIDOR2\adaptive_feather\r224\20051201_38321_0400_PP.png,direct_exact
EYEPACS,MESSIDOR2,20051201_38349_0400_PP.png,0,0,0.5607445,0.26411247,0.13952994,0.023942506,0.011670485,0.5607445,external_test,Normal,109.0,adaptive_feather,123,C:\Users\USER\Desktop\Articulo\Datasets\MESSIDOR2\adaptive_feather\r224\20051201_38349_0400_PP.png,direct_exact
EYEPACS,MESSIDOR2,20051201_38466_0400_PP.png,0,0,0.385951,0.32704628,0.20176698,0.05095158,0.03428412,0.385951,external_test,Dark,93.0,adaptive_feather,123,C:\Users\USER\Desktop\Articulo\Datasets\MESSIDOR2\adaptive_feather\r224\20051201_38466_0400_PP.png,direct_exact
EYEPACS,MESSIDOR2,20051201_38475_0400_PP.png,0,0,0.4255192,0.3545301,0.20192026,0.012693096,0.005337313,0.4255192,external_test,Dark,93.0,adaptive_feather,123,C:\Users\USER\Desktop\Articulo\Datasets\MESSIDOR2\adaptive_feather\r224\20051201_38475_0400_PP.png,direct_exact
EYEPACS,MESSIDOR2,20051201_38537_0400_PP.png,1,2,0.222888,0.29467058,0.39643338,0.07537722,0.010630861,0.39643338,external_test,Dark,85.0,adaptive_feather,123,C:\Users\USER\Desktop\Articulo\Datasets\MESSIDOR2\adaptive_feather\r224\20051201_38537_0400_PP.png,direct_exact
EYEPACS,MESSIDOR2,20051202_36970_0400_PP.png,1,1,0.34593794,0.4011552,0.2172637,0.026405124,0.009238158,0.4011552,external_test,Dark,86.0,adaptive_feather,123,C:\Users\USER\Desktop\Articulo\Datasets\MESSIDOR2\adaptive_feather\r224\20051202_36970_0400_PP.png,direct_exact
EYEPACS,MESSIDOR2,20051202_37162_0400_PP.png,0,3,0.12265387,0.14377613,0.29239407,0.38502082,0.05615504,0.38502082,external_test,Dark,87.0,adaptive_feather,123,C:\Users\USER\Desktop\Articulo\Datasets\MESSIDOR2\adaptive_feather\r224\20051202_37162_0400_PP.png,direct_exact
EYEPACS,MESSIDOR2,20051202_37199_0400_PP.png,1,2,0.24959676,0.3222316,0.34238946,0.06700784,0.018774284,0.34238946,external_test,Normal,112.0,adaptive_feather,123,C:\Users\USER\Desktop\Articulo\Datasets\MESSIDOR2\adaptive_feather\r224\20051202_37199_0400_PP.png,direct_exact
EYEPACS,MESSIDOR2,20051202_39630_0400_PP.png,1,0,0.5374705,0.25640008,0.19259933,0.011588157,0.0019418693,0.5374705,external_test,Dark,89.0,adaptive_feather,123,C:\Users\USER\Desktop\Articulo\Datasets\MESSIDOR2\adaptive_feather\r224\20051202_39630_0400_PP.png,direct_exact
EYEPACS,MESSIDOR2,20051202_39708_0400_PP.png,1,0,0.535325,0.20599335,0.21248363,0.042000424,0.004197544,0.535325,external_test,Dark,91.0,adaptive_feather,123,C:\Users\USER\Desktop\Articulo\Datasets\MESSIDOR2\adaptive_feather\r224\20051202_39708_0400_PP.png,direct_exact
EYEPACS,MESSIDOR2,20051202_41260_0400_PP.png,1,0,0.41534832,0.26351932,0.27744988,0.029248526,0.014433945,0.41534832,external_test,Dark,98.0,adaptive_feather,123,C:\Users\USER\Desktop\Articulo\Datasets\MESSIDOR2\adaptive_feather\r224\20051202_41260_0400_PP.png,direct_exact
EYEPACS,MESSIDOR2,20051202_48232_0400_PP.png,2,2,0.26809466,0.22099729,0.38785475,0.0770676,0.04598565,0.38785475,external_test,Dark,93.0,adaptive_feather,123,C:\Users\USER\Desktop\Articulo\Datasets\MESSIDOR2\adaptive_feather\r224\20051202_48232_0400_PP.png,direct_exact
EYEPACS,MESSIDOR2,20051202_48393_0400_PP.png,1,0,0.5783965,0.20629252,0.18245731,0.019396758,0.01345693,0.5783965,external_test,Normal,118.0,adaptive_feather,123,C:\Users\USER\Desktop\Articulo\Datasets\MESSIDOR2\adaptive_feather\r224\20051202_48393_0400_PP.png,direct_exact
EYEPACS,MESSIDOR2,20051202_48421_0400_PP.png,1,0,0.4715996,0.3676741,0.14816394,0.008190079,0.0043722657,0.4715996,external_test,Normal,122.0,adaptive_feather,123,C:\Users\USER\Desktop\Articulo\Datasets\MESSIDOR2\adaptive_feather\r224\20051202_48421_0400_PP.png,direct_exact
EYEPACS,MESSIDOR2,20051202_51518_0400_PP.png,2,0,0.5261848,0.23158409,0.1969845,0.029846739,0.015399926,0.5261848,external_test,Normal,110.0,adaptive_feather,123,C:\Users\USER\Desktop\Articulo\Datasets\MESSIDOR2\adaptive_feather\r224\20051202_51518_0400_PP.png,direct_exact
EYEPACS,MESSIDOR2,20051202_51574_0400_PP.png,1,0,0.5088289,0.2861896,0.123928376,0.05123349,0.029819667,0.5088289,external_test,Dark,99.0,adaptive_feather,123,C:\Users\USER\Desktop\Articulo\Datasets\MESSIDOR2\adaptive_feather\r224\20051202_51574_0400_PP.png,direct_exact
EYEPACS,MESSIDOR2,20051202_51599_0400_PP.png,0,0,0.45623535,0.24502735,0.25586265,0.032305453,0.010569283,0.45623535,external_test,Dark,85.0,adaptive_feather,123,C:\Users\USER\Desktop\Articulo\Datasets\MESSIDOR2\adaptive_feather\r224\20051202_51599_0400_PP.png,direct_exact
EYEPACS,MESSIDOR2,20051202_51616_0400_PP.png,0,0,0.41210288,0.3145799,0.2315144,0.030874573,0.010928323,0.41210288,external_test,Dark,94.0,adaptive_feather,123,C:\Users\USER\Desktop\Articulo\Datasets\MESSIDOR2\adaptive_feather\r224\20051202_51616_0400_PP.png,direct_exact
EYEPACS,MESSIDOR2,20051202_54197_0400_PP.png,2,2,0.3444972,0.19979882,0.38001728,0.044493653,0.031192962,0.38001728,external_test,Dark,90.0,adaptive_feather,123,C:\Users\USER\Desktop\Articulo\Datasets\MESSIDOR2\adaptive_feather\r224\20051202_54197_0400_PP.png,direct_exact
EYEPACS,MESSIDOR2,20051202_54208_0400_PP.png,2,2,0.25728422,0.21232376,0.30548835,0.18132162,0.04358211,0.30548835,external_test,VeryDark,82.0,adaptive_feather,123,C:\Users\USER\Desktop\Articulo\Datasets\MESSIDOR2\adaptive_feather\r224\20051202_54208_0400_PP.png,direct_exact
EYEPACS,MESSIDOR2,20051202_54547_0400_PP.png,1,1,0.33430997,0.52063924,0.13526902,0.008903545,0.00087829505,0.52063924,external_test,Dark,88.0,adaptive_feather,123,C:\Users\USER\Desktop\Articulo\Datasets\MESSIDOR2\adaptive_feather\r224\20051202_54547_0400_PP.png,direct_exact
EYEPACS,MESSIDOR2,20051202_54555_0400_PP.png,1,0,0.36335146,0.31793624,0.27933052,0.026485015,0.012896696,0.36335146,external_test,Dark,90.0,adaptive_feather,123,C:\Users\USER\Desktop\Articulo\Datasets\MESSIDOR2\adaptive_feather\r224\20051202_54555_0400_PP.png,direct_exact
EYEPACS,MESSIDOR2,20051202_54611_0400_PP.png,2,2,0.23404768,0.1369177,0.32088917,0.17915374,0.1289917,0.32088917,external_test,Bright,132.0,adaptive_feather,123,C:\Users\USER\Desktop\Articulo\Datasets\MESSIDOR2\adaptive_feather\r224\20051202_54611_0400_PP.png,direct_exact
EYEPACS,MESSIDOR2,20051202_54744_0400_PP.png,2,1,0.23360622,0.3111618,0.1043811,0.13005845,0.22079241,0.3111618,external_test,Normal,123.0,adaptive_feather,123,C:\Users\USER\Desktop\Articulo\Datasets\MESSIDOR2\adaptive_feather\r224\20051202_54744_0400_PP.png,direct_exact
EYEPACS,MESSIDOR2,20051202_55484_0400_PP.png,1,0,0.36335146,0.31793624,0.27933052,0.026485015,0.012896696,0.36335146,external_test,Dark,90.0,adaptive_feather,123,C:\Users\USER\Desktop\Articulo\Datasets\MESSIDOR2\adaptive_feather\r224\20051202_55484_0400_PP.png,direct_exact
EYEPACS,MESSIDOR2,20051202_55498_0400_PP.png,1,1,0.33430997,0.52063924,0.13526902,0.008903545,0.00087829505,0.52063924,external_test,Dark,88.0,adaptive_feather,123,C:\Users\USER\Desktop\Articulo\Datasets\MESSIDOR2\adaptive_feather\r224\20051202_55498_0400_PP.png,direct_exact
EYEPACS,MESSIDOR2,20051202_55562_0400_PP.png,2,2,0.23404768,0.1369177,0.32088917,0.17915374,0.1289917,0.32088917,external_test,Bright,132.0,adaptive_feather,123,C:\Users\USER\Desktop\Articulo\Datasets\MESSIDOR2\adaptive_feather\r224\20051202_55562_0400_PP.png,direct_exact
EYEPACS,MESSIDOR2,20051202_55582_0400_PP.png,2,1,0.23360622,0.3111618,0.1043811,0.13005845,0.22079241,0.3111618,external_test,Normal,123.0,adaptive_feather,123,C:\Users\USER\Desktop\Articulo\Datasets\MESSIDOR2\adaptive_feather\r224\20051202_55582_0400_PP.png,direct_exact
EYEPACS,MESSIDOR2,20051202_55607_0400_PP.png,2,2,0.17264783,0.1408133,0.3920662,0.21697506,0.077497534,0.3920662,external_test,Dark,98.0,adaptive_feather,123,C:\Users\USER\Desktop\Articulo\Datasets\MESSIDOR2\adaptive_feather\r224\20051202_55607_0400_PP.png,direct_exact
EYEPACS,MESSIDOR2,20051202_55626_0400_PP.png,2,2,0.086669795,0.10491748,0.47529534,0.23146024,0.10165719,0.47529534,external_test,Dark,95.0,adaptive_feather,123,C:\Users\USER\Desktop\Articulo\Datasets\MESSIDOR2\adaptive_feather\r224\20051202_55626_0400_PP.png,direct_exact
EYEPACS,MESSIDOR2,20051202_55650_0400_PP.png,2,1,0.27213138,0.3704703,0.29457048,0.053818963,0.009008891,0.3704703,external_test,VeryDark,84.0,adaptive_feather,123,C:\Users\USER\Desktop\Articulo\Datasets\MESSIDOR2\adaptive_feather\r224\20051202_55650_0400_PP.png,direct_exact
EYEPACS,MESSIDOR2,20051202_55669_0400_PP.png,2,2,0.18614244,0.15376668,0.50998616,0.10494278,0.04516191,0.50998616,external_test,VeryDark,76.0,adaptive_feather,123,C:\Users\USER\Desktop\Articulo\Datasets\MESSIDOR2\adaptive_feather\r224\20051202_55669_0400_PP.png,direct_exact
EYEPACS,MESSIDOR2,20051202_55735_0400_PP.png,2,2,0.26850975,0.16023976,0.44511047,0.06715157,0.058988463,0.44511047,external_test,Dark,93.0,adaptive_feather,123,C:\Users\USER\Desktop\Articulo\Datasets\MESSIDOR2\adaptive_feather\r224\20051202_55735_0400_PP.png,direct_exact
EYEPACS,MESSIDOR2,20051202_55742_0400_PP.png,2,0,0.484114,0.20992701,0.15570407,0.051310398,0.09894449,0.484114,external_test,Dark,103.0,adaptive_feather,123,C:\Users\USER\Desktop\Articulo\Datasets\MESSIDOR2\adaptive_feather\r224\20051202_55742_0400_PP.png,direct_exact
EYEPACS,MESSIDOR2,20051202_55797_0400_PP.png,2,0,0.3575291,0.2188569,0.25502178,0.15286714,0.015725037,0.3575291,external_test,Dark,93.0,adaptive_feather,123,C:\Users\USER\Desktop\Articulo\Datasets\MESSIDOR2\adaptive_feather\r224\20051202_55797_0400_PP.png,direct_exact
EYEPACS,MESSIDOR2,20051202_55816_0400_PP.png,2,0,0.5304669,0.19408059,0.17457375,0.09374131,0.007137473,0.5304669,external_test,Dark,105.0,adaptive_feather,123,C:\Users\USER\Desktop\Articulo\Datasets\MESSIDOR2\adaptive_feather\r224\20051202_55816_0400_PP.png,direct_exact
EYEPACS,MESSIDOR2,20051202_55834_0400_PP.png,2,2,0.14808288,0.17735897,0.44841528,0.15787834,0.06826451,0.44841528,external_test,Dark,87.0,adaptive_feather,123,C:\Users\USER\Desktop\Articulo\Datasets\MESSIDOR2\adaptive_feather\r224\20051202_55834_0400_PP.png,direct_exact
EYEPACS,MESSIDOR2,20051202_55846_0400_PP.png,2,2,0.13702424,0.0953655,0.5207685,0.14849651,0.09834527,0.5207685,external_test,Dark,85.0,adaptive_feather,123,C:\Users\USER\Desktop\Articulo\Datasets\MESSIDOR2\adaptive_feather\r224\20051202_55846_0400_PP.png,direct_exact
EYEPACS,MESSIDOR2,20051202_55921_0400_PP.png,2,2,0.19048953,0.123006925,0.3521874,0.21186663,0.12244951,0.3521874,external_test,VeryDark,83.0,adaptive_feather,123,C:\Users\USER\Desktop\Articulo\Datasets\MESSIDOR2\adaptive_feather\r224\20051202_55921_0400_PP.png,direct_exact
EYEPACS,MESSIDOR2,20051202_55944_0400_PP.png,2,2,0.23998709,0.08980948,0.5417297,0.102316536,0.026157184,0.5417297,external_test,Dark,101.0,adaptive_feather,123,C:\Users\USER\Desktop\Articulo\Datasets\MESSIDOR2\adaptive_feather\r224\20051202_55944_0400_PP.png,direct_exact
EYEPACS,MESSIDOR2,20051202_56000_0400_PP.png,2,2,0.22769411,0.15863642,0.42666006,0.13814756,0.04886186,0.42666006,external_test,Normal,112.0,adaptive_feather,123,C:\Users\USER\Desktop\Articulo\Datasets\MESSIDOR2\adaptive_feather\r224\20051202_56000_0400_PP.png,direct_exact
EYEPACS,MESSIDOR2,20051202_56012_0400_PP.png,2,2,0.2383535,0.1367667,0.3147554,0.18385841,0.12626599,0.3147554,external_test,Dark,107.0,adaptive_feather,123,C:\Users\USER\Desktop\Articulo\Datasets\MESSIDOR2\adaptive_feather\r224\20051202_56012_0400_PP.png,direct_exact
EYEPACS,MESSIDOR2,20051202_56028_0400_PP.png,2,0,0.49539888,0.2191937,0.19495264,0.07100915,0.019445619,0.49539888,external_test,Dark,103.0,adaptive_feather,123,C:\Users\USER\Desktop\Articulo\Datasets\MESSIDOR2\adaptive_feather\r224\20051202_56028_0400_PP.png,direct_exact
EYEPACS,MESSIDOR2,20051202_56050_0400_PP.png,2,2,0.2359464,0.07738069,0.32889634,0.24912468,0.108651936,0.32889634,external_test,Dark,101.0,adaptive_feather,123,C:\Users\USER\Desktop\Articulo\Datasets\MESSIDOR2\adaptive_feather\r224\20051202_56050_0400_PP.png,direct_exact
EYEPACS,MESSIDOR2,20051205_31949_0400_PP.png,2,3,0.08101535,0.0857645,0.22638175,0.41843796,0.18840045,0.41843796,external_test,Dark,98.0,adaptive_feather,123,C:\Users\USER\Desktop\Articulo\Datasets\MESSIDOR2\adaptive_feather\r224\20051205_31949_0400_PP.png,direct_exact
EYEPACS,MESSIDOR2,20051205_31994_0400_PP.png,2,4,0.13134849,0.06918562,0.23382787,0.24341519,0.3222228,0.3222228,external_test,Normal,128.0,adaptive_feather,123,C:\Users\USER\Desktop\Articulo\Datasets\MESSIDOR2\adaptive_feather\r224\20051205_31994_0400_PP.png,direct_exact
EYEPACS,MESSIDOR2,20051205_33006_0400_PP.png,2,3,0.025469597,0.023585953,0.11816506,0.69528085,0.1374986,0.69528085,external_test,ExtremelyDark,58.0,adaptive_feather,123,C:\Users\USER\Desktop\Articulo\Datasets\MESSIDOR2\adaptive_feather\r224\20051205_33006_0400_PP.png,direct_exact
EYEPACS,MESSIDOR2,20051205_33012_0400_PP.png,2,3,0.08996671,0.09470052,0.24586134,0.44048923,0.12898217,0.44048923,external_test,ExtremelyDark,69.0,adaptive_feather,123,C:\Users\USER\Desktop\Articulo\Datasets\MESSIDOR2\adaptive_feather\r224\20051205_33012_0400_PP.png,direct_exact
EYEPACS,MESSIDOR2,20051205_35142_0400_PP.png,2,2,0.23802961,0.16662912,0.43193915,0.118751235,0.044650838,0.43193915,external_test,Dark,96.0,adaptive_feather,123,C:\Users\USER\Desktop\Articulo\Datasets\MESSIDOR2\adaptive_feather\r224\20051205_35142_0400_PP.png,direct_exact
EYEPACS,MESSIDOR2,20051205_35162_0400_PP.png,2,2,0.23202102,0.20513284,0.3335267,0.15624642,0.07307297,0.3335267,external_test,Dark,102.0,adaptive_feather,123,C:\Users\USER\Desktop\Articulo\Datasets\MESSIDOR2\adaptive_feather\r224\20051205_35162_0400_PP.png,direct_exact
EYEPACS,MESSIDOR2,20051205_35276_0400_PP.png,3,2,0.04035262,0.04052053,0.54261994,0.35071784,0.025789019,0.54261994,external_test,Normal,115.0,adaptive_feather,123,C:\Users\USER\Desktop\Articulo\Datasets\MESSIDOR2\adaptive_feather\r224\20051205_35276_0400_PP.png,direct_exact
EYEPACS,MESSIDOR2,20051205_35305_0400_PP.png,2,3,0.20327003,0.06544391,0.070523955,0.5435985,0.117163606,0.5435985,external_test,Normal,126.0,adaptive_feather,123,C:\Users\USER\Desktop\Articulo\Datasets\MESSIDOR2\adaptive_feather\r224\20051205_35305_0400_PP.png,direct_exact
EYEPACS,MESSIDOR2,20051205_35408_0400_PP.png,2,0,0.49671468,0.26474658,0.19432022,0.035459805,0.008758705,0.49671468,external_test,Normal,111.0,adaptive_feather,123,C:\Users\USER\Desktop\Articulo\Datasets\MESSIDOR2\adaptive_feather\r224\20051205_35408_0400_PP.png,direct_exact
EYEPACS,MESSIDOR2,20051205_35417_0400_PP.png,2,0,0.32959723,0.25904667,0.25333333,0.13127396,0.026748877,0.32959723,external_test,Dark,98.0,adaptive_feather,123,C:\Users\USER\Desktop\Articulo\Datasets\MESSIDOR2\adaptive_feather\r224\20051205_35417_0400_PP.png,direct_exact
EYEPACS,MESSIDOR2,20051205_57651_0400_PP.png,0,0,0.36170137,0.18329997,0.35119104,0.05460439,0.049203157,0.36170137,external_test,Dark,106.0,adaptive_feather,123,C:\Users\USER\Desktop\Articulo\Datasets\MESSIDOR2\adaptive_feather\r224\20051205_57651_0400_PP.png,direct_exact
EYEPACS,MESSIDOR2,20051205_57704_0400_PP.png,0,0,0.41002965,0.2642793,0.22263786,0.063629776,0.03942343,0.41002965,external_test,Dark,105.0,adaptive_feather,123,C:\Users\USER\Desktop\Articulo\Datasets\MESSIDOR2\adaptive_feather\r224\20051205_57704_0400_PP.png,direct_exact
EYEPACS,MESSIDOR2,20051205_57757_0400_PP.png,0,2,0.21983485,0.1745485,0.5229736,0.05966467,0.022978403,0.5229736,external_test,Normal,128.0,adaptive_feather,123,C:\Users\USER\Desktop\Articulo\Datasets\MESSIDOR2\adaptive_feather\r224\20051205_57757_0400_PP.png,direct_exact
EYEPACS,MESSIDOR2,20051205_57780_0400_PP.png,0,0,0.46498314,0.22258216,0.26138973,0.038746756,0.0122982245,0.46498314,external_test,Normal,111.0,adaptive_feather,123,C:\Users\USER\Desktop\Articulo\Datasets\MESSIDOR2\adaptive_feather\r224\20051205_57780_0400_PP.png,direct_exact
EYEPACS,MESSIDOR2,20051205_57799_0400_PP.png,0,2,0.2616043,0.19443664,0.36150062,0.14564367,0.036814816,0.36150062,external_test,Dark,87.0,adaptive_feather,123,C:\Users\USER\Desktop\Articulo\Datasets\MESSIDOR2\adaptive_feather\r224\20051205_57799_0400_PP.png,direct_exact
EYEPACS,MESSIDOR2,20051205_57809_0400_PP.png,0,0,0.475877,0.34496543,0.17322157,0.004807615,0.0011282875,0.475877,external_test,Dark,101.0,adaptive_feather,123,C:\Users\USER\Desktop\Articulo\Datasets\MESSIDOR2\adaptive_feather\r224\20051205_57809_0400_PP.png,direct_exact
EYEPACS,MESSIDOR2,20051205_57838_0400_PP.png,0,0,0.3420487,0.27958155,0.29185978,0.07428842,0.0122216055,0.3420487,external_test,Dark,107.0,adaptive_feather,123,C:\Users\USER\Desktop\Articulo\Datasets\MESSIDOR2\adaptive_feather\r224\20051205_57838_0400_PP.png,direct_exact
EYEPACS,MESSIDOR2,20051205_57879_0400_PP.png,0,0,0.4519528,0.32041624,0.1840988,0.0383429,0.0051892423,0.4519528,external_test,Dark,106.0,adaptive_feather,123,C:\Users\USER\Desktop\Articulo\Datasets\MESSIDOR2\adaptive_feather\r224\20051205_57879_0400_PP.png,direct_exact
EYEPACS,MESSIDOR2,20051205_57942_0400_PP.png,0,0,0.44631323,0.43721655,0.09725499,0.014805014,0.004410178,0.44631323,external_test,Normal,110.0,adaptive_feather,123,C:\Users\USER\Desktop\Articulo\Datasets\MESSIDOR2\adaptive_feather\r224\20051205_57942_0400_PP.png,direct_exact
EYEPACS,MESSIDOR2,20051205_57988_0400_PP.png,0,0,0.52719486,0.31394777,0.11536742,0.024025127,0.01946485,0.52719486,external_test,Normal,110.0,adaptive_feather,123,C:\Users\USER\Desktop\Articulo\Datasets\MESSIDOR2\adaptive_feather\r224\20051205_57988_0400_PP.png,direct_exact
EYEPACS,MESSIDOR2,20051205_58037_0400_PP.png,0,1,0.35882017,0.41328302,0.19081096,0.021473173,0.015612679,0.41328302,external_test,Dark,87.0,adaptive_feather,123,C:\Users\USER\Desktop\Articulo\Datasets\MESSIDOR2\adaptive_feather\r224\20051205_58037_0400_PP.png,direct_exact
EYEPACS,MESSIDOR2,20051205_58060_0400_PP.png,0,2,0.23359479,0.3140767,0.40736464,0.029909201,0.015054725,0.40736464,external_test,Dark,87.0,adaptive_feather,123,C:\Users\USER\Desktop\Articulo\Datasets\MESSIDOR2\adaptive_feather\r224\20051205_58060_0400_PP.png,direct_exact
EYEPACS,MESSIDOR2,20051205_58080_0400_PP.png,0,1,0.24683022,0.4405056,0.28622875,0.024413036,0.002022331,0.4405056,external_test,VeryDark,84.0,adaptive_feather,123,C:\Users\USER\Desktop\Articulo\Datasets\MESSIDOR2\adaptive_feather\r224\20051205_58080_0400_PP.png,direct_exact
EYEPACS,MESSIDOR2,20051205_58091_0400_PP.png,0,2,0.25226215,0.25634906,0.3366984,0.0831743,0.07151613,0.3366984,external_test,Dark,85.0,adaptive_feather,123,C:\Users\USER\Desktop\Articulo\Datasets\MESSIDOR2\adaptive_feather\r224\20051205_58091_0400_PP.png,direct_exact
EYEPACS,MESSIDOR2,20051205_58109_0400_PP.png,0,0,0.46894142,0.3396195,0.15533668,0.028479667,0.0076227156,0.46894142,external_test,Dark,95.0,adaptive_feather,123,C:\Users\USER\Desktop\Articulo\Datasets\MESSIDOR2\adaptive_feather\r224\20051205_58109_0400_PP.png,direct_exact
EYEPACS,MESSIDOR2,20051205_58125_0400_PP.png,0,0,0.37628576,0.14089094,0.32377252,0.11104333,0.048007414,0.37628576,external_test,VeryDark,84.0,adaptive_feather,123,C:\Users\USER\Desktop\Articulo\Datasets\MESSIDOR2\adaptive_feather\r224\20051205_58125_0400_PP.png,direct_exact
EYEPACS,MESSIDOR2,20051205_58150_0400_PP.png,0,0,0.45901537,0.34894192,0.16047214,0.018412689,0.013157867,0.45901537,external_test,Dark,88.0,adaptive_feather,123,C:\Users\USER\Desktop\Articulo\Datasets\MESSIDOR2\adaptive_feather\r224\20051205_58150_0400_PP.png,direct_exact
EYEPACS,MESSIDOR2,20051205_58177_0400_PP.png,0,0,0.57619375,0.29760647,0.11542734,0.006930677,0.0038417971,0.57619375,external_test,VeryDark,80.0,adaptive_feather,123,C:\Users\USER\Desktop\Articulo\Datasets\MESSIDOR2\adaptive_feather\r224\20051205_58177_0400_PP.png,direct_exact
EYEPACS,MESSIDOR2,20051205_58354_0400_PP.png,0,0,0.40914765,0.28921214,0.2608352,0.022496954,0.01830806,0.40914765,external_test,Dark,98.0,adaptive_feather,123,C:\Users\USER\Desktop\Articulo\Datasets\MESSIDOR2\adaptive_feather\r224\20051205_58354_0400_PP.png,direct_exact
EYEPACS,MESSIDOR2,20051205_58373_0400_PP.png,0,0,0.5821849,0.2873212,0.12004718,0.0077477987,0.0026989335,0.5821849,external_test,Dark,101.0,adaptive_feather,123,C:\Users\USER\Desktop\Articulo\Datasets\MESSIDOR2\adaptive_feather\r224\20051205_58373_0400_PP.png,direct_exact
EYEPACS,MESSIDOR2,20051205_58409_0400_PP.png,0,3,0.20993194,0.20694214,0.22346902,0.32656282,0.033094022,0.32656282,external_test,Bright,135.0,adaptive_feather,123,C:\Users\USER\Desktop\Articulo\Datasets\MESSIDOR2\adaptive_feather\r224\20051205_58409_0400_PP.png,direct_exact
EYEPACS,MESSIDOR2,20051205_58431_0400_PP.png,0,0,0.38956892,0.2471416,0.31332994,0.039610073,0.010349475,0.38956892,external_test,Bright,132.0,adaptive_feather,123,C:\Users\USER\Desktop\Articulo\Datasets\MESSIDOR2\adaptive_feather\r224\20051205_58431_0400_PP.png,direct_exact
EYEPACS,MESSIDOR2,20051205_58458_0400_PP.png,0,2,0.28066048,0.19329087,0.3561107,0.11633829,0.053599708,0.3561107,external_test,Normal,123.0,adaptive_feather,123,C:\Users\USER\Desktop\Articulo\Datasets\MESSIDOR2\adaptive_feather\r224\20051205_58458_0400_PP.png,direct_exact
EYEPACS,MESSIDOR2,20051205_58502_0400_PP.png,0,0,0.37044698,0.25820783,0.24696876,0.08012973,0.044246722,0.37044698,external_test,Normal,123.0,adaptive_feather,123,C:\Users\USER\Desktop\Articulo\Datasets\MESSIDOR2\adaptive_feather\r224\20051205_58502_0400_PP.png,direct_exact
EYEPACS,MESSIDOR2,20051205_58577_0400_PP.png,1,2,0.33660498,0.21803263,0.3530535,0.0558376,0.036471337,0.3530535,external_test,VeryDark,77.0,adaptive_feather,123,C:\Users\USER\Desktop\Articulo\Datasets\MESSIDOR2\adaptive_feather\r224\20051205_58577_0400_PP.png,direct_exact
EYEPACS,MESSIDOR2,20051205_58613_0400_PP.png,0,0,0.4493312,0.3862849,0.11745984,0.038196903,0.008727168,0.4493312,external_test,Dark,98.0,adaptive_feather,123,C:\Users\USER\Desktop\Articulo\Datasets\MESSIDOR2\adaptive_feather\r224\20051205_58613_0400_PP.png,direct_exact
EYEPACS,MESSIDOR2,20051205_59240_0400_PP.png,0,0,0.61717236,0.2393645,0.12728699,0.009298703,0.006877432,0.61717236,external_test,Normal,118.0,adaptive_feather,123,C:\Users\USER\Desktop\Articulo\Datasets\MESSIDOR2\adaptive_feather\r224\20051205_59240_0400_PP.png,direct_exact
EYEPACS,MESSIDOR2,20051205_59300_0400_PP.png,1,0,0.65891844,0.24548309,0.0835333,0.008657805,0.003407437,0.65891844,external_test,Normal,117.0,adaptive_feather,123,C:\Users\USER\Desktop\Articulo\Datasets\MESSIDOR2\adaptive_feather\r224\20051205_59300_0400_PP.png,direct_exact
EYEPACS,MESSIDOR2,20051205_59337_0400_PP.png,0,0,0.48427418,0.23100396,0.23004676,0.03448612,0.02018902,0.48427418,external_test,Dark,87.0,adaptive_feather,123,C:\Users\USER\Desktop\Articulo\Datasets\MESSIDOR2\adaptive_feather\r224\20051205_59337_0400_PP.png,direct_exact
EYEPACS,MESSIDOR2,20051205_59351_0400_PP.png,0,0,0.37093008,0.30585736,0.27155033,0.04389895,0.007763336,0.37093008,external_test,Dark,97.0,adaptive_feather,123,C:\Users\USER\Desktop\Articulo\Datasets\MESSIDOR2\adaptive_feather\r224\20051205_59351_0400_PP.png,direct_exact
EYEPACS,MESSIDOR2,20051205_59367_0400_PP.png,0,0,0.37497202,0.3339223,0.23297267,0.04516653,0.0129664,0.37497202,external_test,ExtremelyDark,68.0,adaptive_feather,123,C:\Users\USER\Desktop\Articulo\Datasets\MESSIDOR2\adaptive_feather\r224\20051205_59367_0400_PP.png,direct_exact
EYEPACS,MESSIDOR2,20051205_59379_0400_PP.png,0,0,0.45107445,0.35522127,0.17068084,0.015011944,0.008011529,0.45107445,external_test,Dark,85.0,adaptive_feather,123,C:\Users\USER\Desktop\Articulo\Datasets\MESSIDOR2\adaptive_feather\r224\20051205_59379_0400_PP.png,direct_exact
EYEPACS,MESSIDOR2,20051205_59510_0400_PP.png,0,0,0.53674763,0.37575543,0.069933444,0.013659721,0.00390374,0.53674763,external_test,Dark,92.0,adaptive_feather,123,C:\Users\USER\Desktop\Articulo\Datasets\MESSIDOR2\adaptive_feather\r224\20051205_59510_0400_PP.png,direct_exact
EYEPACS,MESSIDOR2,20051205_59538_0400_PP.png,0,0,0.51489884,0.34446982,0.10886398,0.027326355,0.0044409875,0.51489884,external_test,Dark,86.0,adaptive_feather,123,C:\Users\USER\Desktop\Articulo\Datasets\MESSIDOR2\adaptive_feather\r224\20051205_59538_0400_PP.png,direct_exact
EYEPACS,MESSIDOR2,20051205_59617_0400_PP.png,0,0,0.64272416,0.19166985,0.11707514,0.033513233,0.01501761,0.64272416,external_test,Normal,112.0,adaptive_feather,123,C:\Users\USER\Desktop\Articulo\Datasets\MESSIDOR2\adaptive_feather\r224\20051205_59617_0400_PP.png,direct_exact
EYEPACS,MESSIDOR2,20051205_59651_0400_PP.png,0,0,0.66431236,0.19194686,0.115537964,0.01706832,0.0111345,0.66431236,external_test,Normal,112.0,adaptive_feather,123,C:\Users\USER\Desktop\Articulo\Datasets\MESSIDOR2\adaptive_feather\r224\20051205_59651_0400_PP.png,direct_exact
EYEPACS,MESSIDOR2,20051205_59702_0400_PP.png,1,0,0.32993692,0.23697436,0.32116848,0.08322696,0.028693218,0.32993692,external_test,Normal,129.0,adaptive_feather,123,C:\Users\USER\Desktop\Articulo\Datasets\MESSIDOR2\adaptive_feather\r224\20051205_59702_0400_PP.png,direct_exact
EYEPACS,MESSIDOR2,20051205_59715_0400_PP.png,1,0,0.41234174,0.32931554,0.19894081,0.0318272,0.027574735,0.41234174,external_test,Normal,113.0,adaptive_feather,123,C:\Users\USER\Desktop\Articulo\Datasets\MESSIDOR2\adaptive_feather\r224\20051205_59715_0400_PP.png,direct_exact
EYEPACS,MESSIDOR2,20051205_59738_0400_PP.png,0,0,0.49038705,0.26250476,0.20943727,0.03058313,0.0070877136,0.49038705,external_test,Dark,85.0,adaptive_feather,123,C:\Users\USER\Desktop\Articulo\Datasets\MESSIDOR2\adaptive_feather\r224\20051205_59738_0400_PP.png,direct_exact
EYEPACS,MESSIDOR2,20051205_59754_0400_PP.png,0,2,0.33729032,0.24138464,0.35633785,0.048672542,0.016314631,0.35633785,external_test,VeryDark,83.0,adaptive_feather,123,C:\Users\USER\Desktop\Articulo\Datasets\MESSIDOR2\adaptive_feather\r224\20051205_59754_0400_PP.png,direct_exact
EYEPACS,MESSIDOR2,20051205_59833_0400_PP.png,0,0,0.6025299,0.2835922,0.10069836,0.007480046,0.005699486,0.6025299,external_test,Dark,104.0,adaptive_feather,123,C:\Users\USER\Desktop\Articulo\Datasets\MESSIDOR2\adaptive_feather\r224\20051205_59833_0400_PP.png,direct_exact
EYEPACS,MESSIDOR2,20051205_59858_0400_PP.png,0,0,0.5255724,0.35212007,0.103332736,0.0108082425,0.008166583,0.5255724,external_test,Dark,102.0,adaptive_feather,123,C:\Users\USER\Desktop\Articulo\Datasets\MESSIDOR2\adaptive_feather\r224\20051205_59858_0400_PP.png,direct_exact
EYEPACS,MESSIDOR2,20051205_59901_0400_PP.png,0,1,0.3099315,0.41217753,0.22367854,0.033559736,0.020652715,0.41217753,external_test,Dark,100.0,adaptive_feather,123,C:\Users\USER\Desktop\Articulo\Datasets\MESSIDOR2\adaptive_feather\r224\20051205_59901_0400_PP.png,direct_exact
EYEPACS,MESSIDOR2,20051205_59923_0400_PP.png,0,1,0.35653108,0.38888454,0.10687374,0.079909734,0.06780095,0.38888454,external_test,Dark,99.0,adaptive_feather,123,C:\Users\USER\Desktop\Articulo\Datasets\MESSIDOR2\adaptive_feather\r224\20051205_59923_0400_PP.png,direct_exact
EYEPACS,MESSIDOR2,20051205_60093_0400_PP.png,0,0,0.5219723,0.3182239,0.12359948,0.017979376,0.018224932,0.5219723,external_test,Dark,97.0,adaptive_feather,123,C:\Users\USER\Desktop\Articulo\Datasets\MESSIDOR2\adaptive_feather\r224\20051205_60093_0400_PP.png,direct_exact
EYEPACS,MESSIDOR2,20051205_60119_0400_PP.png,0,0,0.52467185,0.33937037,0.08685742,0.03583148,0.01326888,0.52467185,external_test,Dark,100.0,adaptive_feather,123,C:\Users\USER\Desktop\Articulo\Datasets\MESSIDOR2\adaptive_feather\r224\20051205_60119_0400_PP.png,direct_exact
EYEPACS,MESSIDOR2,20051207_54614_0400_PP.png,1,3,0.12464181,0.13748686,0.33893764,0.34517765,0.05375609,0.34517765,external_test,Normal,112.0,adaptive_feather,123,C:\Users\USER\Desktop\Articulo\Datasets\MESSIDOR2\adaptive_feather\r224\20051207_54614_0400_PP.png,direct_exact
EYEPACS,MESSIDOR2,20051207_55266_0400_PP.png,2,2,0.18960539,0.15470017,0.4482878,0.18059531,0.026811307,0.4482878,external_test,Normal,117.0,adaptive_feather,123,C:\Users\USER\Desktop\Articulo\Datasets\MESSIDOR2\adaptive_feather\r224\20051207_55266_0400_PP.png,direct_exact
EYEPACS,MESSIDOR2,20051207_56219_0400_PP.png,2,4,0.060599815,0.035671987,0.14362828,0.3158954,0.44420454,0.44420454,external_test,Normal,125.0,adaptive_feather,123,C:\Users\USER\Desktop\Articulo\Datasets\MESSIDOR2\adaptive_feather\r224\20051207_56219_0400_PP.png,direct_exact
EYEPACS,MESSIDOR2,20051207_56227_0400_PP.png,2,3,0.05427369,0.059431147,0.12542655,0.5777903,0.18307827,0.5777903,external_test,Bright,138.0,adaptive_feather,123,C:\Users\USER\Desktop\Articulo\Datasets\MESSIDOR2\adaptive_feather\r224\20051207_56227_0400_PP.png,direct_exact
EYEPACS,MESSIDOR2,20051207_62252_0400_PP.png,1,1,0.39685148,0.41555893,0.16889217,0.013284904,0.005412469,0.41555893,external_test,Bright,138.0,adaptive_feather,123,C:\Users\USER\Desktop\Articulo\Datasets\MESSIDOR2\adaptive_feather\r224\20051207_62252_0400_PP.png,direct_exact
EYEPACS,MESSIDOR2,20051207_62275_0400_PP.png,1,1,0.28498948,0.35698766,0.32236564,0.02267607,0.012981208,0.35698766,external_test,Normal,109.0,adaptive_feather,123,C:\Users\USER\Desktop\Articulo\Datasets\MESSIDOR2\adaptive_feather\r224\20051207_62275_0400_PP.png,direct_exact
EYEPACS,MESSIDOR2,20051207_62320_0400_PP.png,1,0,0.5905664,0.31431517,0.08678797,0.00549426,0.002836256,0.5905664,external_test,Dark,105.0,adaptive_feather,123,C:\Users\USER\Desktop\Articulo\Datasets\MESSIDOR2\adaptive_feather\r224\20051207_62320_0400_PP.png,direct_exact
EYEPACS,MESSIDOR2,20051208_39297_0400_PP.png,2,2,0.20889148,0.32503858,0.40466934,0.051424675,0.009975913,0.40466934,external_test,Bright,140.0,adaptive_feather,123,C:\Users\USER\Desktop\Articulo\Datasets\MESSIDOR2\adaptive_feather\r224\20051208_39297_0400_PP.png,direct_exact
EYEPACS,MESSIDOR2,20051208_39438_0400_PP.png,2,2,0.20351642,0.12976123,0.37896925,0.24173942,0.046013642,0.37896925,external_test,Bright,164.0,adaptive_feather,123,C:\Users\USER\Desktop\Articulo\Datasets\MESSIDOR2\adaptive_feather\r224\20051208_39438_0400_PP.png,direct_exact
EYEPACS,MESSIDOR2,20051208_39462_0400_PP.png,2,0,0.43982098,0.12886596,0.2645929,0.09895794,0.06776221,0.43982098,external_test,Bright,154.0,adaptive_feather,123,C:\Users\USER\Desktop\Articulo\Datasets\MESSIDOR2\adaptive_feather\r224\20051208_39462_0400_PP.png,direct_exact
EYEPACS,MESSIDOR2,20051208_39524_0400_PP.png,2,2,0.23362677,0.16322443,0.27079764,0.24745318,0.08489798,0.27079764,external_test,Normal,111.0,adaptive_feather,123,C:\Users\USER\Desktop\Articulo\Datasets\MESSIDOR2\adaptive_feather\r224\20051208_39524_0400_PP.png,direct_exact
EYEPACS,MESSIDOR2,20051208_39532_0400_PP.png,2,2,0.22231905,0.17262001,0.30900073,0.15709567,0.13896453,0.30900073,external_test,Dark,90.0,adaptive_feather,123,C:\Users\USER\Desktop\Articulo\Datasets\MESSIDOR2\adaptive_feather\r224\20051208_39532_0400_PP.png,direct_exact
EYEPACS,MESSIDOR2,20051208_39546_0400_PP.png,2,0,0.4297776,0.25695744,0.24344473,0.054573886,0.015246403,0.4297776,external_test,Dark,89.0,adaptive_feather,123,C:\Users\USER\Desktop\Articulo\Datasets\MESSIDOR2\adaptive_feather\r224\20051208_39546_0400_PP.png,direct_exact
EYEPACS,MESSIDOR2,20051208_41318_0400_PP.png,4,3,0.029334093,0.026613891,0.1187618,0.65901446,0.16627581,0.65901446,external_test,Bright,137.0,adaptive_feather,123,C:\Users\USER\Desktop\Articulo\Datasets\MESSIDOR2\adaptive_feather\r224\20051208_41318_0400_PP.png,direct_exact
EYEPACS,MESSIDOR2,20051208_41373_0400_PP.png,2,4,0.015958183,0.02500882,0.03940617,0.40149257,0.5181343,0.5181343,external_test,Bright,151.0,adaptive_feather,123,C:\Users\USER\Desktop\Articulo\Datasets\MESSIDOR2\adaptive_feather\r224\20051208_41373_0400_PP.png,direct_exact
EYEPACS,MESSIDOR2,20051208_42314_0400_PP.png,4,3,0.019817535,0.02869838,0.16320825,0.4295315,0.3587443,0.4295315,external_test,ExtremelyDark,65.0,adaptive_feather,123,C:\Users\USER\Desktop\Articulo\Datasets\MESSIDOR2\adaptive_feather\r224\20051208_42314_0400_PP.png,direct_exact
EYEPACS,MESSIDOR2,20051208_42322_0400_PP.png,3,3,0.00585064,0.010816816,0.059586868,0.54840857,0.3753371,0.54840857,external_test,ExtremelyDark,59.0,adaptive_feather,123,C:\Users\USER\Desktop\Articulo\Datasets\MESSIDOR2\adaptive_feather\r224\20051208_42322_0400_PP.png,direct_exact
EYEPACS,MESSIDOR2,20051208_42546_0400_PP.png,2,0,0.4056054,0.30959123,0.20451152,0.069021896,0.011269917,0.4056054,external_test,Dark,90.0,adaptive_feather,123,C:\Users\USER\Desktop\Articulo\Datasets\MESSIDOR2\adaptive_feather\r224\20051208_42546_0400_PP.png,direct_exact
EYEPACS,MESSIDOR2,20051212_36525_0400_PP.png,2,2,0.24977475,0.23607127,0.4357326,0.06212244,0.01629901,0.4357326,external_test,Dark,88.0,adaptive_feather,123,C:\Users\USER\Desktop\Articulo\Datasets\MESSIDOR2\adaptive_feather\r224\20051212_36525_0400_PP.png,direct_exact
EYEPACS,MESSIDOR2,20051212_36548_0400_PP.png,1,2,0.2771344,0.31876186,0.3744865,0.021936502,0.0076806727,0.3744865,external_test,Dark,87.0,adaptive_feather,123,C:\Users\USER\Desktop\Articulo\Datasets\MESSIDOR2\adaptive_feather\r224\20051212_36548_0400_PP.png,direct_exact
EYEPACS,MESSIDOR2,20051212_36640_0400_PP.png,2,2,0.25191125,0.23747852,0.35013917,0.13840248,0.022068571,0.35013917,external_test,Dark,94.0,adaptive_feather,123,C:\Users\USER\Desktop\Articulo\Datasets\MESSIDOR2\adaptive_feather\r224\20051212_36640_0400_PP.png,direct_exact
EYEPACS,MESSIDOR2,20051212_37442_0400_PP.png,2,2,0.16364248,0.117647015,0.47216702,0.21151328,0.035030227,0.47216702,external_test,Dark,92.0,adaptive_feather,123,C:\Users\USER\Desktop\Articulo\Datasets\MESSIDOR2\adaptive_feather\r224\20051212_37442_0400_PP.png,direct_exact
EYEPACS,MESSIDOR2,20051212_38000_0400_PP.png,2,2,0.14740066,0.072178625,0.3972349,0.25765276,0.12553303,0.3972349,external_test,Normal,129.0,adaptive_feather,123,C:\Users\USER\Desktop\Articulo\Datasets\MESSIDOR2\adaptive_feather\r224\20051212_38000_0400_PP.png,direct_exact
EYEPACS,MESSIDOR2,20051212_38043_0400_PP.png,2,2,0.16715096,0.08547942,0.45502272,0.14506,0.14728685,0.45502272,external_test,Normal,115.0,adaptive_feather,123,C:\Users\USER\Desktop\Articulo\Datasets\MESSIDOR2\adaptive_feather\r224\20051212_38043_0400_PP.png,direct_exact
EYEPACS,MESSIDOR2,20051212_38076_0400_PP.png,1,2,0.20973247,0.18584566,0.45768544,0.11380107,0.032935333,0.45768544,external_test,VeryDark,83.0,adaptive_feather,123,C:\Users\USER\Desktop\Articulo\Datasets\MESSIDOR2\adaptive_feather\r224\20051212_38076_0400_PP.png,direct_exact
EYEPACS,MESSIDOR2,20051212_38106_0400_PP.png,2,2,0.1722659,0.35758433,0.3993247,0.06260312,0.008221958,0.3993247,external_test,VeryDark,71.0,adaptive_feather,123,C:\Users\USER\Desktop\Articulo\Datasets\MESSIDOR2\adaptive_feather\r224\20051212_38106_0400_PP.png,direct_exact
EYEPACS,MESSIDOR2,20051212_41144_0400_PP.png,3,4,0.07978393,0.07356807,0.28366202,0.15770032,0.4052856,0.4052856,external_test,Bright,157.0,adaptive_feather,123,C:\Users\USER\Desktop\Articulo\Datasets\MESSIDOR2\adaptive_feather\r224\20051212_41144_0400_PP.png,direct_exact
EYEPACS,MESSIDOR2,20051212_41169_0400_PP.png,3,2,0.21592164,0.2094561,0.2769615,0.064454734,0.23320605,0.2769615,external_test,Normal,125.0,adaptive_feather,123,C:\Users\USER\Desktop\Articulo\Datasets\MESSIDOR2\adaptive_feather\r224\20051212_41169_0400_PP.png,direct_exact
EYEPACS,MESSIDOR2,20051213_61406_0100_PP.png,0,0,0.5338307,0.36074355,0.09171493,0.007691939,0.0060188314,0.5338307,external_test,VeryDark,84.0,adaptive_feather,123,C:\Users\USER\Desktop\Articulo\Datasets\MESSIDOR2\adaptive_feather\r224\20051213_61406_0100_PP.png,direct_exact
EYEPACS,MESSIDOR2,20051213_61802_0100_PP.png,0,0,0.6412957,0.2512745,0.09199785,0.010894333,0.0045376094,0.6412957,external_test,VeryDark,70.0,adaptive_feather,123,C:\Users\USER\Desktop\Articulo\Datasets\MESSIDOR2\adaptive_feather\r224\20051213_61802_0100_PP.png,direct_exact
EYEPACS,MESSIDOR2,20051213_61892_0100_PP.png,0,0,0.5527371,0.30334535,0.120715536,0.011814967,0.011386929,0.5527371,external_test,Normal,109.0,adaptive_feather,123,C:\Users\USER\Desktop\Articulo\Datasets\MESSIDOR2\adaptive_feather\r224\20051213_61892_0100_PP.png,direct_exact
EYEPACS,MESSIDOR2,20051213_61951_0100_PP.png,0,1,0.3117605,0.32248268,0.2992316,0.036438473,0.030086767,0.32248268,external_test,Dark,108.0,adaptive_feather,123,C:\Users\USER\Desktop\Articulo\Datasets\MESSIDOR2\adaptive_feather\r224\20051213_61951_0100_PP.png,direct_exact
EYEPACS,MESSIDOR2,20051213_62046_0100_PP.png,1,0,0.65906525,0.25854504,0.07623706,0.0028754242,0.0032771693,0.65906525,external_test,Dark,108.0,adaptive_feather,123,C:\Users\USER\Desktop\Articulo\Datasets\MESSIDOR2\adaptive_feather\r224\20051213_62046_0100_PP.png,direct_exact
EYEPACS,MESSIDOR2,20051213_62188_0100_PP.png,1,0,0.47794655,0.24395435,0.2599129,0.013001808,0.0051843706,0.47794655,external_test,Normal,120.0,adaptive_feather,123,C:\Users\USER\Desktop\Articulo\Datasets\MESSIDOR2\adaptive_feather\r224\20051213_62188_0100_PP.png,direct_exact
EYEPACS,MESSIDOR2,20051213_62251_0100_PP.png,0,0,0.5750711,0.32878652,0.09120805,0.0032132692,0.001721044,0.5750711,external_test,Dark,85.0,adaptive_feather,123,C:\Users\USER\Desktop\Articulo\Datasets\MESSIDOR2\adaptive_feather\r224\20051213_62251_0100_PP.png,direct_exact
EYEPACS,MESSIDOR2,20051213_62314_0100_PP.png,0,0,0.58406395,0.32979533,0.07295079,0.01122104,0.001968873,0.58406395,external_test,Dark,87.0,adaptive_feather,123,C:\Users\USER\Desktop\Articulo\Datasets\MESSIDOR2\adaptive_feather\r224\20051213_62314_0100_PP.png,direct_exact
EYEPACS,MESSIDOR2,20051213_62383_0100_PP.png,3,3,0.0093262065,0.0052400413,0.02154281,0.5274614,0.4364295,0.5274614,external_test,ExtremelyDark,68.0,adaptive_feather,123,C:\Users\USER\Desktop\Articulo\Datasets\MESSIDOR2\adaptive_feather\r224\20051213_62383_0100_PP.png,direct_exact
EYEPACS,MESSIDOR2,20051213_62437_0100_PP.png,2,4,0.019244006,0.012845913,0.09754202,0.35221514,0.51815295,0.51815295,external_test,VeryDark,72.0,adaptive_feather,123,C:\Users\USER\Desktop\Articulo\Datasets\MESSIDOR2\adaptive_feather\r224\20051213_62437_0100_PP.png,direct_exact
EYEPACS,MESSIDOR2,20051213_62518_0100_PP.png,0,0,0.5576655,0.3118728,0.12030303,0.0072082123,0.002950489,0.5576655,external_test,Normal,117.0,adaptive_feather,123,C:\Users\USER\Desktop\Articulo\Datasets\MESSIDOR2\adaptive_feather\r224\20051213_62518_0100_PP.png,direct_exact
EYEPACS,MESSIDOR2,20051213_62572_0100_PP.png,0,0,0.4416944,0.35609645,0.17836638,0.013131576,0.010711117,0.4416944,external_test,Normal,116.0,adaptive_feather,123,C:\Users\USER\Desktop\Articulo\Datasets\MESSIDOR2\adaptive_feather\r224\20051213_62572_0100_PP.png,direct_exact
EYEPACS,MESSIDOR2,20051213_62648_0100_PP.png,4,4,0.006571936,0.0062305005,0.0142142335,0.10895702,0.86402625,0.86402625,external_test,Dark,92.0,adaptive_feather,123,C:\Users\USER\Desktop\Articulo\Datasets\MESSIDOR2\adaptive_feather\r224\20051213_62648_0100_PP.png,direct_exact
EYEPACS,MESSIDOR2,20051213_62705_0100_PP.png,4,4,0.0037633304,0.0020135408,0.013359266,0.29394677,0.68691707,0.68691707,external_test,Dark,101.0,adaptive_feather,123,C:\Users\USER\Desktop\Articulo\Datasets\MESSIDOR2\adaptive_feather\r224\20051213_62705_0100_PP.png,direct_exact
EYEPACS,MESSIDOR2,20051214_40361_0100_PP.png,1,0,0.36285236,0.3479859,0.2677656,0.018036464,0.003359646,0.36285236,external_test,Dark,99.0,adaptive_feather,123,C:\Users\USER\Desktop\Articulo\Datasets\MESSIDOR2\adaptive_feather\r224\20051214_40361_0100_PP.png,direct_exact
EYEPACS,MESSIDOR2,20051214_40456_0100_PP.png,1,2,0.29286236,0.281628,0.38728124,0.02714224,0.011086131,0.38728124,external_test,Dark,99.0,adaptive_feather,123,C:\Users\USER\Desktop\Articulo\Datasets\MESSIDOR2\adaptive_feather\r224\20051214_40456_0100_PP.png,direct_exact
EYEPACS,MESSIDOR2,20051214_40529_0100_PP.png,0,1,0.2762098,0.45743665,0.22396173,0.036321864,0.006070005,0.45743665,external_test,Dark,95.0,adaptive_feather,123,C:\Users\USER\Desktop\Articulo\Datasets\MESSIDOR2\adaptive_feather\r224\20051214_40529_0100_PP.png,direct_exact
EYEPACS,MESSIDOR2,20051214_40596_0100_PP.png,2,2,0.1434887,0.29951775,0.42783567,0.10598449,0.02317335,0.42783567,external_test,Dark,92.0,adaptive_feather,123,C:\Users\USER\Desktop\Articulo\Datasets\MESSIDOR2\adaptive_feather\r224\20051214_40596_0100_PP.png,direct_exact
EYEPACS,MESSIDOR2,20051214_40719_0100_PP.png,1,0,0.5359249,0.22472797,0.19847783,0.032341283,0.008528036,0.5359249,external_test,Dark,95.0,adaptive_feather,123,C:\Users\USER\Desktop\Articulo\Datasets\MESSIDOR2\adaptive_feather\r224\20051214_40719_0100_PP.png,direct_exact
EYEPACS,MESSIDOR2,20051214_40767_0100_PP.png,0,0,0.5065081,0.2551542,0.22324945,0.010191813,0.0048964545,0.5065081,external_test,Dark,97.0,adaptive_feather,123,C:\Users\USER\Desktop\Articulo\Datasets\MESSIDOR2\adaptive_feather\r224\20051214_40767_0100_PP.png,direct_exact
EYEPACS,MESSIDOR2,20051214_40849_0100_PP.png,4,0,0.35567075,0.17759004,0.3229363,0.112868436,0.030934395,0.35567075,external_test,Normal,114.0,adaptive_feather,123,C:\Users\USER\Desktop\Articulo\Datasets\MESSIDOR2\adaptive_feather\r224\20051214_40849_0100_PP.png,direct_exact
EYEPACS,MESSIDOR2,20051214_40912_0100_PP.png,4,4,0.029663341,0.019853242,0.19137548,0.27079296,0.488315,0.488315,external_test,Normal,116.0,adaptive_feather,123,C:\Users\USER\Desktop\Articulo\Datasets\MESSIDOR2\adaptive_feather\r224\20051214_40912_0100_PP.png,direct_exact
EYEPACS,MESSIDOR2,20051214_40994_0100_PP.png,0,0,0.44336432,0.3218777,0.1920988,0.034398105,0.008261159,0.44336432,external_test,VeryDark,73.0,adaptive_feather,123,C:\Users\USER\Desktop\Articulo\Datasets\MESSIDOR2\adaptive_feather\r224\20051214_40994_0100_PP.png,direct_exact
EYEPACS,MESSIDOR2,20051214_41055_0100_PP.png,0,2,0.32605878,0.2729871,0.33931997,0.05105219,0.010581913,0.33931997,external_test,VeryDark,77.0,adaptive_feather,123,C:\Users\USER\Desktop\Articulo\Datasets\MESSIDOR2\adaptive_feather\r224\20051214_41055_0100_PP.png,direct_exact
EYEPACS,MESSIDOR2,20051214_41289_0100_PP.png,2,2,0.22223222,0.19976075,0.4411059,0.1002352,0.036665913,0.4411059,external_test,Bright,152.0,adaptive_feather,123,C:\Users\USER\Desktop\Articulo\Datasets\MESSIDOR2\adaptive_feather\r224\20051214_41289_0100_PP.png,direct_exact
EYEPACS,MESSIDOR2,20051214_41358_0100_PP.png,2,2,0.14302573,0.1656307,0.37252298,0.2739461,0.044874445,0.37252298,external_test,Bright,152.0,adaptive_feather,123,C:\Users\USER\Desktop\Articulo\Datasets\MESSIDOR2\adaptive_feather\r224\20051214_41358_0100_PP.png,direct_exact
EYEPACS,MESSIDOR2,20051214_41429_0100_PP.png,2,3,0.21124017,0.18458748,0.18618412,0.3700924,0.047895838,0.3700924,external_test,Normal,112.0,adaptive_feather,123,C:\Users\USER\Desktop\Articulo\Datasets\MESSIDOR2\adaptive_feather\r224\20051214_41429_0100_PP.png,direct_exact
EYEPACS,MESSIDOR2,20051214_41490_0100_PP.png,2,3,0.20612724,0.20865394,0.25247097,0.26315227,0.06959556,0.26315227,external_test,Normal,114.0,adaptive_feather,123,C:\Users\USER\Desktop\Articulo\Datasets\MESSIDOR2\adaptive_feather\r224\20051214_41490_0100_PP.png,direct_exact
EYEPACS,MESSIDOR2,20051214_41582_0100_PP.png,2,3,0.14724548,0.09697906,0.1490207,0.43742582,0.16932891,0.43742582,external_test,Dark,98.0,adaptive_feather,123,C:\Users\USER\Desktop\Articulo\Datasets\MESSIDOR2\adaptive_feather\r224\20051214_41582_0100_PP.png,direct_exact
EYEPACS,MESSIDOR2,20051214_41949_0100_PP.png,2,3,0.052582532,0.07483607,0.3095396,0.44284877,0.12019311,0.44284877,external_test,Dark,89.0,adaptive_feather,123,C:\Users\USER\Desktop\Articulo\Datasets\MESSIDOR2\adaptive_feather\r224\20051214_41949_0100_PP.png,direct_exact
EYEPACS,MESSIDOR2,20051214_42133_0100_PP.png,0,0,0.37589318,0.36379257,0.23889735,0.018700661,0.0027163068,0.37589318,external_test,ExtremelyDark,66.0,adaptive_feather,123,C:\Users\USER\Desktop\Articulo\Datasets\MESSIDOR2\adaptive_feather\r224\20051214_42133_0100_PP.png,direct_exact
EYEPACS,MESSIDOR2,20051214_42197_0100_PP.png,0,0,0.4058199,0.33581084,0.24385828,0.010708984,0.0038021023,0.4058199,external_test,ExtremelyDark,68.0,adaptive_feather,123,C:\Users\USER\Desktop\Articulo\Datasets\MESSIDOR2\adaptive_feather\r224\20051214_42197_0100_PP.png,direct_exact
EYEPACS,MESSIDOR2,20051214_42323_0100_PP.png,0,0,0.46961516,0.23429826,0.21977788,0.073539205,0.0027695906,0.46961516,external_test,VeryDark,77.0,adaptive_feather,123,C:\Users\USER\Desktop\Articulo\Datasets\MESSIDOR2\adaptive_feather\r224\20051214_42323_0100_PP.png,direct_exact
EYEPACS,MESSIDOR2,20051214_42363_0100_PP.png,0,2,0.2792747,0.18843083,0.4198049,0.1018253,0.010664258,0.4198049,external_test,VeryDark,77.0,adaptive_feather,123,C:\Users\USER\Desktop\Articulo\Datasets\MESSIDOR2\adaptive_feather\r224\20051214_42363_0100_PP.png,direct_exact
EYEPACS,MESSIDOR2,20051214_50895_0100_PP.png,2,0,0.36405,0.29911944,0.30817518,0.02491553,0.0037398413,0.36405,external_test,Dark,107.0,adaptive_feather,123,C:\Users\USER\Desktop\Articulo\Datasets\MESSIDOR2\adaptive_feather\r224\20051214_50895_0100_PP.png,direct_exact
EYEPACS,MESSIDOR2,20051214_50933_0100_PP.png,1,1,0.26277682,0.3743219,0.29547647,0.056857478,0.010567345,0.3743219,external_test,Dark,107.0,adaptive_feather,123,C:\Users\USER\Desktop\Articulo\Datasets\MESSIDOR2\adaptive_feather\r224\20051214_50933_0100_PP.png,direct_exact
EYEPACS,MESSIDOR2,20051214_51039_0100_PP.png,2,0,0.35713327,0.27598605,0.30845502,0.042898584,0.015527038,0.35713327,external_test,Dark,89.0,adaptive_feather,123,C:\Users\USER\Desktop\Articulo\Datasets\MESSIDOR2\adaptive_feather\r224\20051214_51039_0100_PP.png,direct_exact
EYEPACS,MESSIDOR2,20051214_51071_0100_PP.png,2,0,0.52907264,0.17035341,0.25873923,0.030813087,0.011021622,0.52907264,external_test,Normal,127.0,adaptive_feather,123,C:\Users\USER\Desktop\Articulo\Datasets\MESSIDOR2\adaptive_feather\r224\20051214_51071_0100_PP.png,direct_exact
EYEPACS,MESSIDOR2,20051214_51178_0100_PP.png,0,0,0.6552437,0.31476504,0.028134484,0.0015389756,0.00031784736,0.6552437,external_test,VeryDark,79.0,adaptive_feather,123,C:\Users\USER\Desktop\Articulo\Datasets\MESSIDOR2\adaptive_feather\r224\20051214_51178_0100_PP.png,direct_exact
EYEPACS,MESSIDOR2,20051214_51211_0100_PP.png,0,0,0.6091402,0.3271796,0.05339799,0.0065060924,0.0037760332,0.6091402,external_test,Dark,86.0,adaptive_feather,123,C:\Users\USER\Desktop\Articulo\Datasets\MESSIDOR2\adaptive_feather\r224\20051214_51211_0100_PP.png,direct_exact
EYEPACS,MESSIDOR2,20051214_51308_0100_PP.png,0,0,0.5356069,0.28442493,0.11790013,0.05316927,0.008898758,0.5356069,external_test,Normal,110.0,adaptive_feather,123,C:\Users\USER\Desktop\Articulo\Datasets\MESSIDOR2\adaptive_feather\r224\20051214_51308_0100_PP.png,direct_exact
EYEPACS,MESSIDOR2,20051214_51342_0100_PP.png,0,0,0.46308842,0.29480556,0.17812276,0.054684043,0.009299222,0.46308842,external_test,Normal,115.0,adaptive_feather,123,C:\Users\USER\Desktop\Articulo\Datasets\MESSIDOR2\adaptive_feather\r224\20051214_51342_0100_PP.png,direct_exact
EYEPACS,MESSIDOR2,20051214_51442_0100_PP.png,0,0,0.35708103,0.2351832,0.3371439,0.06032585,0.01026594,0.35708103,external_test,Dark,93.0,adaptive_feather,123,C:\Users\USER\Desktop\Articulo\Datasets\MESSIDOR2\adaptive_feather\r224\20051214_51442_0100_PP.png,direct_exact
EYEPACS,MESSIDOR2,20051214_51469_0100_PP.png,0,2,0.20167804,0.1727625,0.5109196,0.09136272,0.023277178,0.5109196,external_test,Dark,92.0,adaptive_feather,123,C:\Users\USER\Desktop\Articulo\Datasets\MESSIDOR2\adaptive_feather\r224\20051214_51469_0100_PP.png,direct_exact
EYEPACS,MESSIDOR2,20051214_51569_0100_PP.png,3,4,0.090300135,0.0362443,0.289172,0.29057977,0.2937038,0.2937038,external_test,Normal,119.0,adaptive_feather,123,C:\Users\USER\Desktop\Articulo\Datasets\MESSIDOR2\adaptive_feather\r224\20051214_51569_0100_PP.png,direct_exact
EYEPACS,MESSIDOR2,20051214_51609_0100_PP.png,3,3,0.07530693,0.054746825,0.33310643,0.37320745,0.16363236,0.37320745,external_test,Bright,131.0,adaptive_feather,123,C:\Users\USER\Desktop\Articulo\Datasets\MESSIDOR2\adaptive_feather\r224\20051214_51609_0100_PP.png,direct_exact
EYEPACS,MESSIDOR2,20051214_51701_0100_PP.png,3,3,0.0052994723,0.0048754863,0.05768933,0.5525591,0.3795767,0.5525591,external_test,Dark,88.0,adaptive_feather,123,C:\Users\USER\Desktop\Articulo\Datasets\MESSIDOR2\adaptive_feather\r224\20051214_51701_0100_PP.png,direct_exact
EYEPACS,MESSIDOR2,20051214_51733_0100_PP.png,3,3,0.0226078,0.007669446,0.11505586,0.76853013,0.08613671,0.76853013,external_test,Dark,96.0,adaptive_feather,123,C:\Users\USER\Desktop\Articulo\Datasets\MESSIDOR2\adaptive_feather\r224\20051214_51733_0100_PP.png,direct_exact
EYEPACS,MESSIDOR2,20051214_51811_0100_PP.png,2,2,0.3039689,0.23128538,0.4244001,0.034059495,0.006286155,0.4244001,external_test,Dark,108.0,adaptive_feather,123,C:\Users\USER\Desktop\Articulo\Datasets\MESSIDOR2\adaptive_feather\r224\20051214_51811_0100_PP.png,direct_exact
EYEPACS,MESSIDOR2,20051214_51840_0100_PP.png,2,2,0.37258402,0.18418236,0.37574604,0.03965794,0.027829614,0.37574604,external_test,Normal,129.0,adaptive_feather,123,C:\Users\USER\Desktop\Articulo\Datasets\MESSIDOR2\adaptive_feather\r224\20051214_51840_0100_PP.png,direct_exact
EYEPACS,MESSIDOR2,20051214_51921_0100_PP.png,2,3,0.008913928,0.01911227,0.11720567,0.75710785,0.097660325,0.75710785,external_test,Dark,107.0,adaptive_feather,123,C:\Users\USER\Desktop\Articulo\Datasets\MESSIDOR2\adaptive_feather\r224\20051214_51921_0100_PP.png,direct_exact
EYEPACS,MESSIDOR2,20051214_51953_0100_PP.png,3,2,0.08636149,0.10538086,0.5514092,0.12892038,0.12792808,0.5514092,external_test,Dark,99.0,adaptive_feather,123,C:\Users\USER\Desktop\Articulo\Datasets\MESSIDOR2\adaptive_feather\r224\20051214_51953_0100_PP.png,direct_exact
EYEPACS,MESSIDOR2,20051214_52204_0100_PP.png,3,3,0.010808114,0.006227638,0.01795705,0.9453843,0.019622829,0.9453843,external_test,Dark,91.0,adaptive_feather,123,C:\Users\USER\Desktop\Articulo\Datasets\MESSIDOR2\adaptive_feather\r224\20051214_52204_0100_PP.png,direct_exact
EYEPACS,MESSIDOR2,20051214_52242_0100_PP.png,3,3,0.0024024735,0.0010241178,0.030069832,0.9449951,0.021508457,0.9449951,external_test,Dark,94.0,adaptive_feather,123,C:\Users\USER\Desktop\Articulo\Datasets\MESSIDOR2\adaptive_feather\r224\20051214_52242_0100_PP.png,direct_exact
EYEPACS,MESSIDOR2,20051214_52695_0100_PP.png,1,0,0.48527253,0.32205966,0.14345716,0.036625218,0.012585416,0.48527253,external_test,Bright,143.0,adaptive_feather,123,C:\Users\USER\Desktop\Articulo\Datasets\MESSIDOR2\adaptive_feather\r224\20051214_52695_0100_PP.png,direct_exact
EYEPACS,MESSIDOR2,20051214_52707_0100_PP.png,2,0,0.40348077,0.33059984,0.18363498,0.07006478,0.0122196665,0.40348077,external_test,Bright,144.0,adaptive_feather,123,C:\Users\USER\Desktop\Articulo\Datasets\MESSIDOR2\adaptive_feather\r224\20051214_52707_0100_PP.png,direct_exact
EYEPACS,MESSIDOR2,20051214_56242_0100_PP.png,0,0,0.4202724,0.16143082,0.35302177,0.043666694,0.021608321,0.4202724,external_test,Normal,122.0,adaptive_feather,123,C:\Users\USER\Desktop\Articulo\Datasets\MESSIDOR2\adaptive_feather\r224\20051214_56242_0100_PP.png,direct_exact
EYEPACS,MESSIDOR2,20051214_56269_0100_PP.png,2,2,0.37181413,0.14704312,0.39106044,0.06837111,0.021711137,0.39106044,external_test,Bright,130.0,adaptive_feather,123,C:\Users\USER\Desktop\Articulo\Datasets\MESSIDOR2\adaptive_feather\r224\20051214_56269_0100_PP.png,direct_exact
EYEPACS,MESSIDOR2,20051214_56392_0100_PP.png,0,1,0.3517783,0.58281296,0.049954146,0.013471299,0.0019832738,0.58281296,external_test,VeryDark,81.0,adaptive_feather,123,C:\Users\USER\Desktop\Articulo\Datasets\MESSIDOR2\adaptive_feather\r224\20051214_56392_0100_PP.png,direct_exact
EYEPACS,MESSIDOR2,20051214_56438_0100_PP.png,0,0,0.3953801,0.3452051,0.2163269,0.04094494,0.0021429623,0.3953801,external_test,VeryDark,80.0,adaptive_feather,123,C:\Users\USER\Desktop\Articulo\Datasets\MESSIDOR2\adaptive_feather\r224\20051214_56438_0100_PP.png,direct_exact
EYEPACS,MESSIDOR2,20051214_56534_0100_PP.png,2,2,0.26256686,0.32561418,0.3848803,0.023345694,0.003592967,0.3848803,external_test,Dark,100.0,adaptive_feather,123,C:\Users\USER\Desktop\Articulo\Datasets\MESSIDOR2\adaptive_feather\r224\20051214_56534_0100_PP.png,direct_exact
EYEPACS,MESSIDOR2,20051214_56565_0100_PP.png,2,0,0.5355009,0.3344366,0.124308035,0.003965595,0.0017888959,0.5355009,external_test,Normal,111.0,adaptive_feather,123,C:\Users\USER\Desktop\Articulo\Datasets\MESSIDOR2\adaptive_feather\r224\20051214_56565_0100_PP.png,direct_exact
EYEPACS,MESSIDOR2,20051214_56636_0100_PP.png,0,1,0.31811598,0.46360973,0.19288395,0.0189282,0.006462077,0.46360973,external_test,Dark,90.0,adaptive_feather,123,C:\Users\USER\Desktop\Articulo\Datasets\MESSIDOR2\adaptive_feather\r224\20051214_56636_0100_PP.png,direct_exact
EYEPACS,MESSIDOR2,20051214_56688_0100_PP.png,0,0,0.44952974,0.27004415,0.23848782,0.024865838,0.017072475,0.44952974,external_test,Dark,100.0,adaptive_feather,123,C:\Users\USER\Desktop\Articulo\Datasets\MESSIDOR2\adaptive_feather\r224\20051214_56688_0100_PP.png,direct_exact
EYEPACS,MESSIDOR2,20051214_56778_0100_PP.png,3,3,0.010863496,0.009830874,0.04762645,0.7922923,0.13938688,0.7922923,external_test,Normal,118.0,adaptive_feather,123,C:\Users\USER\Desktop\Articulo\Datasets\MESSIDOR2\adaptive_feather\r224\20051214_56778_0100_PP.png,direct_exact
EYEPACS,MESSIDOR2,20051214_56821_0100_PP.png,4,4,0.0059677884,0.0068141017,0.023103174,0.2745064,0.6896086,0.6896086,external_test,Normal,123.0,adaptive_feather,123,C:\Users\USER\Desktop\Articulo\Datasets\MESSIDOR2\adaptive_feather\r224\20051214_56821_0100_PP.png,direct_exact
EYEPACS,MESSIDOR2,20051214_56944_0100_PP.png,4,2,0.09871843,0.119286105,0.45609745,0.21173386,0.11416417,0.45609745,external_test,ExtremelyDark,67.0,adaptive_feather,123,C:\Users\USER\Desktop\Articulo\Datasets\MESSIDOR2\adaptive_feather\r224\20051214_56944_0100_PP.png,direct_exact
EYEPACS,MESSIDOR2,20051214_56971_0100_PP.png,4,4,0.07018375,0.06543295,0.2461289,0.20226218,0.41599223,0.41599223,external_test,ExtremelyDark,68.0,adaptive_feather,123,C:\Users\USER\Desktop\Articulo\Datasets\MESSIDOR2\adaptive_feather\r224\20051214_56971_0100_PP.png,direct_exact
EYEPACS,MESSIDOR2,20051214_57125_0100_PP.png,3,2,0.08419991,0.1366858,0.38152575,0.3593544,0.03823413,0.38152575,external_test,Dark,89.0,adaptive_feather,123,C:\Users\USER\Desktop\Articulo\Datasets\MESSIDOR2\adaptive_feather\r224\20051214_57125_0100_PP.png,direct_exact
EYEPACS,MESSIDOR2,20051214_57154_0100_PP.png,3,3,0.013756385,0.0071574496,0.17535019,0.7728225,0.030913457,0.7728225,external_test,Dark,87.0,adaptive_feather,123,C:\Users\USER\Desktop\Articulo\Datasets\MESSIDOR2\adaptive_feather\r224\20051214_57154_0100_PP.png,direct_exact
EYEPACS,MESSIDOR2,20051214_57230_0100_PP.png,2,3,0.08556873,0.04835697,0.24520099,0.5079646,0.11290871,0.5079646,external_test,Dark,103.0,adaptive_feather,123,C:\Users\USER\Desktop\Articulo\Datasets\MESSIDOR2\adaptive_feather\r224\20051214_57230_0100_PP.png,direct_exact
EYEPACS,MESSIDOR2,20051214_57260_0100_PP.png,2,2,0.09636153,0.075071245,0.48410958,0.3046245,0.0398332,0.48410958,external_test,Dark,98.0,adaptive_feather,123,C:\Users\USER\Desktop\Articulo\Datasets\MESSIDOR2\adaptive_feather\r224\20051214_57260_0100_PP.png,direct_exact
EYEPACS,MESSIDOR2,20051214_57377_0100_PP.png,2,2,0.0908029,0.073830076,0.57249993,0.23129766,0.03156941,0.57249993,external_test,Dark,105.0,adaptive_feather,123,C:\Users\USER\Desktop\Articulo\Datasets\MESSIDOR2\adaptive_feather\r224\20051214_57377_0100_PP.png,direct_exact
EYEPACS,MESSIDOR2,20051214_57404_0100_PP.png,2,2,0.18958937,0.06901138,0.46827164,0.20028341,0.07284423,0.46827164,external_test,Normal,109.0,adaptive_feather,123,C:\Users\USER\Desktop\Articulo\Datasets\MESSIDOR2\adaptive_feather\r224\20051214_57404_0100_PP.png,direct_exact
EYEPACS,MESSIDOR2,20051214_57761_0100_PP.png,0,0,0.6948089,0.1837695,0.1072445,0.0051377164,0.009039289,0.6948089,external_test,Normal,117.0,adaptive_feather,123,C:\Users\USER\Desktop\Articulo\Datasets\MESSIDOR2\adaptive_feather\r224\20051214_57761_0100_PP.png,direct_exact
EYEPACS,MESSIDOR2,20051214_57817_0100_PP.png,0,0,0.4030183,0.2452651,0.31086665,0.019125337,0.021724563,0.4030183,external_test,Normal,115.0,adaptive_feather,123,C:\Users\USER\Desktop\Articulo\Datasets\MESSIDOR2\adaptive_feather\r224\20051214_57817_0100_PP.png,direct_exact
EYEPACS,MESSIDOR2,20051216_43814_0200_PP.png,1,1,0.34821534,0.38822633,0.22057311,0.040064946,0.0029202944,0.38822633,external_test,Normal,125.0,adaptive_feather,123,C:\Users\USER\Desktop\Articulo\Datasets\MESSIDOR2\adaptive_feather\r224\20051216_43814_0200_PP.png,direct_exact
EYEPACS,MESSIDOR2,20051216_43913_0200_PP.png,0,1,0.28844166,0.3181819,0.3040882,0.07896809,0.010320124,0.3181819,external_test,Normal,126.0,adaptive_feather,123,C:\Users\USER\Desktop\Articulo\Datasets\MESSIDOR2\adaptive_feather\r224\20051216_43913_0200_PP.png,direct_exact
EYEPACS,MESSIDOR2,20051216_44066_0200_PP.png,0,0,0.4856015,0.21286464,0.1772707,0.11867178,0.0055914433,0.4856015,external_test,Bright,151.0,adaptive_feather,123,C:\Users\USER\Desktop\Articulo\Datasets\MESSIDOR2\adaptive_feather\r224\20051216_44066_0200_PP.png,direct_exact
EYEPACS,MESSIDOR2,20051216_44092_0200_PP.png,0,1,0.23566444,0.36390233,0.30112708,0.08504158,0.014264676,0.36390233,external_test,Bright,134.0,adaptive_feather,123,C:\Users\USER\Desktop\Articulo\Datasets\MESSIDOR2\adaptive_feather\r224\20051216_44092_0200_PP.png,direct_exact
EYEPACS,MESSIDOR2,20051216_44221_0200_PP.png,0,1,0.34842694,0.35387263,0.24748719,0.036512665,0.013700678,0.35387263,external_test,Bright,152.0,adaptive_feather,123,C:\Users\USER\Desktop\Articulo\Datasets\MESSIDOR2\adaptive_feather\r224\20051216_44221_0200_PP.png,direct_exact
EYEPACS,MESSIDOR2,20051216_44252_0200_PP.png,0,0,0.42851812,0.3147841,0.21452351,0.032460667,0.009713644,0.42851812,external_test,Bright,154.0,adaptive_feather,123,C:\Users\USER\Desktop\Articulo\Datasets\MESSIDOR2\adaptive_feather\r224\20051216_44252_0200_PP.png,direct_exact
EYEPACS,MESSIDOR2,20051216_44398_0200_PP.png,0,2,0.28068474,0.28810707,0.38367096,0.039361764,0.008175514,0.38367096,external_test,Normal,123.0,adaptive_feather,123,C:\Users\USER\Desktop\Articulo\Datasets\MESSIDOR2\adaptive_feather\r224\20051216_44398_0200_PP.png,direct_exact
EYEPACS,MESSIDOR2,20051216_44420_0200_PP.png,0,0,0.49487838,0.23696706,0.24841067,0.017428337,0.0023155701,0.49487838,external_test,Normal,119.0,adaptive_feather,123,C:\Users\USER\Desktop\Articulo\Datasets\MESSIDOR2\adaptive_feather\r224\20051216_44420_0200_PP.png,direct_exact
EYEPACS,MESSIDOR2,20051216_44635_0200_PP.png,0,0,0.33162686,0.30180582,0.29335624,0.06539342,0.007817651,0.33162686,external_test,Normal,126.0,adaptive_feather,123,C:\Users\USER\Desktop\Articulo\Datasets\MESSIDOR2\adaptive_feather\r224\20051216_44635_0200_PP.png,direct_exact
EYEPACS,MESSIDOR2,20051216_44660_0200_PP.png,0,2,0.264738,0.28647664,0.3703766,0.049056206,0.02935258,0.3703766,external_test,Normal,129.0,adaptive_feather,123,C:\Users\USER\Desktop\Articulo\Datasets\MESSIDOR2\adaptive_feather\r224\20051216_44660_0200_PP.png,direct_exact
EYEPACS,MESSIDOR2,20051216_44811_0200_PP.png,0,1,0.26975265,0.4226665,0.2720961,0.025744827,0.009740004,0.4226665,external_test,Normal,117.0,adaptive_feather,123,C:\Users\USER\Desktop\Articulo\Datasets\MESSIDOR2\adaptive_feather\r224\20051216_44811_0200_PP.png,direct_exact
EYEPACS,MESSIDOR2,20051216_44832_0200_PP.png,0,2,0.263505,0.2549591,0.43349946,0.035803046,0.012233305,0.43349946,external_test,Normal,117.0,adaptive_feather,123,C:\Users\USER\Desktop\Articulo\Datasets\MESSIDOR2\adaptive_feather\r224\20051216_44832_0200_PP.png,direct_exact
EYEPACS,MESSIDOR2,20051216_44939_0200_PP.png,2,2,0.2338891,0.10761619,0.5521637,0.07058434,0.03574665,0.5521637,external_test,Normal,121.0,adaptive_feather,123,C:\Users\USER\Desktop\Articulo\Datasets\MESSIDOR2\adaptive_feather\r224\20051216_44939_0200_PP.png,direct_exact
EYEPACS,MESSIDOR2,20051216_44961_0200_PP.png,2,2,0.24693306,0.107817866,0.5748297,0.05797369,0.012445666,0.5748297,external_test,Normal,124.0,adaptive_feather,123,C:\Users\USER\Desktop\Articulo\Datasets\MESSIDOR2\adaptive_feather\r224\20051216_44961_0200_PP.png,direct_exact
EYEPACS,MESSIDOR2,20051216_45076_0200_PP.png,0,0,0.488844,0.11819154,0.3683112,0.008804131,0.01584905,0.488844,external_test,Normal,128.0,adaptive_feather,123,C:\Users\USER\Desktop\Articulo\Datasets\MESSIDOR2\adaptive_feather\r224\20051216_45076_0200_PP.png,direct_exact
EYEPACS,MESSIDOR2,20051216_45100_0200_PP.png,1,0,0.4904221,0.20182437,0.18732756,0.06399688,0.0564291,0.4904221,external_test,Bright,132.0,adaptive_feather,123,C:\Users\USER\Desktop\Articulo\Datasets\MESSIDOR2\adaptive_feather\r224\20051216_45100_0200_PP.png,direct_exact
EYEPACS,MESSIDOR2,20051216_45226_0200_PP.png,3,3,0.05326106,0.051644243,0.24179226,0.36587155,0.28743082,0.36587155,external_test,Bright,154.0,adaptive_feather,123,C:\Users\USER\Desktop\Articulo\Datasets\MESSIDOR2\adaptive_feather\r224\20051216_45226_0200_PP.png,direct_exact
EYEPACS,MESSIDOR2,20051216_45245_0200_PP.png,3,3,0.02026907,0.03199508,0.020017294,0.69213164,0.23558694,0.69213164,external_test,Bright,130.0,adaptive_feather,123,C:\Users\USER\Desktop\Articulo\Datasets\MESSIDOR2\adaptive_feather\r224\20051216_45245_0200_PP.png,direct_exact
EYEPACS,MESSIDOR2,20051216_45351_0200_PP.png,2,2,0.08069911,0.1622541,0.65411234,0.07283327,0.030101147,0.65411234,external_test,Normal,112.0,adaptive_feather,123,C:\Users\USER\Desktop\Articulo\Datasets\MESSIDOR2\adaptive_feather\r224\20051216_45351_0200_PP.png,direct_exact
EYEPACS,MESSIDOR2,20051216_45375_0200_PP.png,1,2,0.108472124,0.080382146,0.5464333,0.14009269,0.12461971,0.5464333,external_test,Dark,101.0,adaptive_feather,123,C:\Users\USER\Desktop\Articulo\Datasets\MESSIDOR2\adaptive_feather\r224\20051216_45375_0200_PP.png,direct_exact
EYEPACS,MESSIDOR2,20051216_45478_0200_PP.png,1,0,0.5037894,0.27661738,0.15590727,0.055695858,0.007990065,0.5037894,external_test,Bright,141.0,adaptive_feather,123,C:\Users\USER\Desktop\Articulo\Datasets\MESSIDOR2\adaptive_feather\r224\20051216_45478_0200_PP.png,direct_exact
EYEPACS,MESSIDOR2,20051216_45499_0200_PP.png,0,0,0.57980186,0.33854,0.06931316,0.009483934,0.002861065,0.57980186,external_test,Bright,139.0,adaptive_feather,123,C:\Users\USER\Desktop\Articulo\Datasets\MESSIDOR2\adaptive_feather\r224\20051216_45499_0200_PP.png,direct_exact
EYEPACS,MESSIDOR2,20051216_45595_0200_PP.png,1,0,0.3909325,0.29700056,0.29493847,0.01419263,0.0029357655,0.3909325,external_test,Bright,162.0,adaptive_feather,123,C:\Users\USER\Desktop\Articulo\Datasets\MESSIDOR2\adaptive_feather\r224\20051216_45595_0200_PP.png,direct_exact
EYEPACS,MESSIDOR2,20051216_45619_0200_PP.png,1,2,0.38027197,0.12336617,0.3979378,0.060790103,0.03763388,0.3979378,external_test,VeryBright,167.0,adaptive_feather,123,C:\Users\USER\Desktop\Articulo\Datasets\MESSIDOR2\adaptive_feather\r224\20051216_45619_0200_PP.png,direct_exact
EYEPACS,MESSIDOR2,20051216_45757_0200_PP.png,1,0,0.47084016,0.1471458,0.35388282,0.01163055,0.016500814,0.47084016,external_test,Bright,150.0,adaptive_feather,123,C:\Users\USER\Desktop\Articulo\Datasets\MESSIDOR2\adaptive_feather\r224\20051216_45757_0200_PP.png,direct_exact
EYEPACS,MESSIDOR2,20051216_45781_0200_PP.png,0,2,0.23880713,0.23353086,0.37028527,0.114866,0.04251072,0.37028527,external_test,Bright,163.0,adaptive_feather,123,C:\Users\USER\Desktop\Articulo\Datasets\MESSIDOR2\adaptive_feather\r224\20051216_45781_0200_PP.png,direct_exact
EYEPACS,MESSIDOR2,20051216_45873_0200_PP.png,0,0,0.5758705,0.27859,0.13561097,0.006867774,0.0030607362,0.5758705,external_test,Normal,126.0,adaptive_feather,123,C:\Users\USER\Desktop\Articulo\Datasets\MESSIDOR2\adaptive_feather\r224\20051216_45873_0200_PP.png,direct_exact
EYEPACS,MESSIDOR2,20051216_45899_0200_PP.png,1,0,0.45315203,0.20695888,0.30984482,0.027511638,0.0025326698,0.45315203,external_test,Bright,131.0,adaptive_feather,123,C:\Users\USER\Desktop\Articulo\Datasets\MESSIDOR2\adaptive_feather\r224\20051216_45899_0200_PP.png,direct_exact
EYEPACS,MESSIDOR2,20051216_45992_0200_PP.png,0,2,0.14726551,0.17541175,0.35294375,0.28942588,0.034953095,0.35294375,external_test,Bright,130.0,adaptive_feather,123,C:\Users\USER\Desktop\Articulo\Datasets\MESSIDOR2\adaptive_feather\r224\20051216_45992_0200_PP.png,direct_exact
EYEPACS,MESSIDOR2,20051216_46018_0200_PP.png,0,2,0.27397725,0.13403077,0.366584,0.15243137,0.07297669,0.366584,external_test,Bright,132.0,adaptive_feather,123,C:\Users\USER\Desktop\Articulo\Datasets\MESSIDOR2\adaptive_feather\r224\20051216_46018_0200_PP.png,direct_exact
EYEPACS,MESSIDOR2,20051216_46156_0200_PP.png,1,0,0.382872,0.25103778,0.29600483,0.042495713,0.027589716,0.382872,external_test,Bright,136.0,adaptive_feather,123,C:\Users\USER\Desktop\Articulo\Datasets\MESSIDOR2\adaptive_feather\r224\20051216_46156_0200_PP.png,direct_exact
EYEPACS,MESSIDOR2,20051216_46183_0200_PP.png,0,0,0.48623016,0.23970117,0.24776511,0.014408728,0.0118948845,0.48623016,external_test,Bright,139.0,adaptive_feather,123,C:\Users\USER\Desktop\Articulo\Datasets\MESSIDOR2\adaptive_feather\r224\20051216_46183_0200_PP.png,direct_exact
EYEPACS,MESSIDOR2,20051216_46624_0200_PP.png,2,0,0.38185376,0.2563027,0.20632029,0.1188967,0.036626574,0.38185376,external_test,Bright,149.0,adaptive_feather,123,C:\Users\USER\Desktop\Articulo\Datasets\MESSIDOR2\adaptive_feather\r224\20051216_46624_0200_PP.png,direct_exact
EYEPACS,MESSIDOR2,20051216_46660_0200_PP.png,3,2,0.14701806,0.097385384,0.31940627,0.2857612,0.1504291,0.31940627,external_test,Bright,142.0,adaptive_feather,123,C:\Users\USER\Desktop\Articulo\Datasets\MESSIDOR2\adaptive_feather\r224\20051216_46660_0200_PP.png,direct_exact
EYEPACS,MESSIDOR2,20051216_46827_0200_PP.png,3,2,0.051940072,0.05666243,0.46602502,0.3418733,0.08349926,0.46602502,external_test,Bright,133.0,adaptive_feather,123,C:\Users\USER\Desktop\Articulo\Datasets\MESSIDOR2\adaptive_feather\r224\20051216_46827_0200_PP.png,direct_exact
EYEPACS,MESSIDOR2,20051216_46847_0200_PP.png,3,3,0.039182566,0.013734402,0.26032776,0.42579752,0.2609578,0.42579752,external_test,Bright,133.0,adaptive_feather,123,C:\Users\USER\Desktop\Articulo\Datasets\MESSIDOR2\adaptive_feather\r224\20051216_46847_0200_PP.png,direct_exact
EYEPACS,MESSIDOR2,20051216_47000_0200_PP.png,3,3,0.0053011486,0.017521612,0.026774263,0.88164824,0.06875473,0.88164824,external_test,VeryBright,166.0,adaptive_feather,123,C:\Users\USER\Desktop\Articulo\Datasets\MESSIDOR2\adaptive_feather\r224\20051216_47000_0200_PP.png,direct_exact
EYEPACS,MESSIDOR2,20051216_47024_0200_PP.png,3,4,0.005913312,0.0048843175,0.009466647,0.46696576,0.51276994,0.51276994,external_test,Normal,124.0,adaptive_feather,123,C:\Users\USER\Desktop\Articulo\Datasets\MESSIDOR2\adaptive_feather\r224\20051216_47024_0200_PP.png,direct_exact
EYEPACS,MESSIDOR2,20051216_47383_0200_PP.png,2,0,0.4670933,0.34236845,0.14455576,0.024833262,0.02114929,0.4670933,external_test,Normal,120.0,adaptive_feather,123,C:\Users\USER\Desktop\Articulo\Datasets\MESSIDOR2\adaptive_feather\r224\20051216_47383_0200_PP.png,direct_exact
EYEPACS,MESSIDOR2,20051216_47420_0200_PP.png,1,1,0.35045815,0.36413312,0.26179862,0.017638028,0.0059721805,0.36413312,external_test,Normal,122.0,adaptive_feather,123,C:\Users\USER\Desktop\Articulo\Datasets\MESSIDOR2\adaptive_feather\r224\20051216_47420_0200_PP.png,direct_exact
EYEPACS,MESSIDOR2,20051216_47514_0200_PP.png,0,0,0.60524637,0.20645307,0.16154692,0.01308879,0.013664864,0.60524637,external_test,Bright,136.0,adaptive_feather,123,C:\Users\USER\Desktop\Articulo\Datasets\MESSIDOR2\adaptive_feather\r224\20051216_47514_0200_PP.png,direct_exact
EYEPACS,MESSIDOR2,20051216_47536_0200_PP.png,0,0,0.46325338,0.23940556,0.2688102,0.014366075,0.014164752,0.46325338,external_test,Bright,135.0,adaptive_feather,123,C:\Users\USER\Desktop\Articulo\Datasets\MESSIDOR2\adaptive_feather\r224\20051216_47536_0200_PP.png,direct_exact
EYEPACS,MESSIDOR2,20051216_47668_0200_PP.png,2,2,0.14478993,0.15067187,0.3367358,0.31445497,0.053347435,0.3367358,external_test,Bright,142.0,adaptive_feather,123,C:\Users\USER\Desktop\Articulo\Datasets\MESSIDOR2\adaptive_feather\r224\20051216_47668_0200_PP.png,direct_exact
EYEPACS,MESSIDOR2,20051216_47703_0200_PP.png,2,2,0.35179865,0.2593692,0.3536045,0.029490346,0.005737304,0.3536045,external_test,Bright,157.0,adaptive_feather,123,C:\Users\USER\Desktop\Articulo\Datasets\MESSIDOR2\adaptive_feather\r224\20051216_47703_0200_PP.png,direct_exact
EYEPACS,MESSIDOR2,20060407_38711_0200_PP.png,0,0,0.4487685,0.13664706,0.32018617,0.06099822,0.033400036,0.4487685,external_test,Bright,159.0,adaptive_feather,123,C:\Users\USER\Desktop\Articulo\Datasets\MESSIDOR2\adaptive_feather\r224\20060407_38711_0200_PP.png,direct_exact
EYEPACS,MESSIDOR2,20060407_38970_0200_PP.png,0,0,0.5581822,0.17572615,0.21079572,0.048263904,0.007032067,0.5581822,external_test,Bright,159.0,adaptive_feather,123,C:\Users\USER\Desktop\Articulo\Datasets\MESSIDOR2\adaptive_feather\r224\20060407_38970_0200_PP.png,direct_exact
EYEPACS,MESSIDOR2,20060407_39155_0200_PP.png,0,0,0.48758078,0.41640875,0.08609262,0.0032987096,0.0066192225,0.48758078,external_test,Normal,122.0,adaptive_feather,123,C:\Users\USER\Desktop\Articulo\Datasets\MESSIDOR2\adaptive_feather\r224\20060407_39155_0200_PP.png,direct_exact
EYEPACS,MESSIDOR2,20060407_39184_0200_PP.png,0,1,0.38138878,0.46046263,0.14330278,0.0032201083,0.011625648,0.46046263,external_test,Normal,123.0,adaptive_feather,123,C:\Users\USER\Desktop\Articulo\Datasets\MESSIDOR2\adaptive_feather\r224\20060407_39184_0200_PP.png,direct_exact
EYEPACS,MESSIDOR2,20060407_39306_0200_PP.png,0,1,0.33593893,0.42575604,0.23090167,0.003780387,0.0036229831,0.42575604,external_test,Normal,127.0,adaptive_feather,123,C:\Users\USER\Desktop\Articulo\Datasets\MESSIDOR2\adaptive_feather\r224\20060407_39306_0200_PP.png,direct_exact
EYEPACS,MESSIDOR2,20060407_39328_0200_PP.png,0,0,0.37976983,0.33972698,0.2368349,0.025923243,0.017745059,0.37976983,external_test,Bright,131.0,adaptive_feather,123,C:\Users\USER\Desktop\Articulo\Datasets\MESSIDOR2\adaptive_feather\r224\20060407_39328_0200_PP.png,direct_exact
EYEPACS,MESSIDOR2,20060407_39402_0200_PP.png,1,2,0.355369,0.21596724,0.3896661,0.028263345,0.010734323,0.3896661,external_test,Bright,144.0,adaptive_feather,123,C:\Users\USER\Desktop\Articulo\Datasets\MESSIDOR2\adaptive_feather\r224\20060407_39402_0200_PP.png,direct_exact
EYEPACS,MESSIDOR2,20060407_39435_0200_PP.png,0,2,0.32665274,0.08407189,0.34169593,0.016750744,0.23082872,0.34169593,external_test,Bright,155.0,adaptive_feather,123,C:\Users\USER\Desktop\Articulo\Datasets\MESSIDOR2\adaptive_feather\r224\20060407_39435_0200_PP.png,direct_exact
EYEPACS,MESSIDOR2,20060407_39546_0200_PP.png,0,2,0.27521864,0.1174011,0.43105564,0.1348621,0.041462515,0.43105564,external_test,Bright,143.0,adaptive_feather,123,C:\Users\USER\Desktop\Articulo\Datasets\MESSIDOR2\adaptive_feather\r224\20060407_39546_0200_PP.png,direct_exact
EYEPACS,MESSIDOR2,20060407_39567_0200_PP.png,0,2,0.3348659,0.10172094,0.3794136,0.1278374,0.05616216,0.3794136,external_test,Bright,146.0,adaptive_feather,123,C:\Users\USER\Desktop\Articulo\Datasets\MESSIDOR2\adaptive_feather\r224\20060407_39567_0200_PP.png,direct_exact
EYEPACS,MESSIDOR2,20060407_39667_0200_PP.png,1,2,0.24598452,0.11724141,0.491791,0.12240696,0.022576045,0.491791,external_test,Bright,158.0,adaptive_feather,123,C:\Users\USER\Desktop\Articulo\Datasets\MESSIDOR2\adaptive_feather\r224\20060407_39667_0200_PP.png,direct_exact
EYEPACS,MESSIDOR2,20060407_39687_0200_PP.png,0,0,0.37589973,0.13776314,0.2851541,0.1680631,0.033119906,0.37589973,external_test,Bright,156.0,adaptive_feather,123,C:\Users\USER\Desktop\Articulo\Datasets\MESSIDOR2\adaptive_feather\r224\20060407_39687_0200_PP.png,direct_exact
EYEPACS,MESSIDOR2,20060407_39761_0200_PP.png,0,0,0.41871992,0.25590637,0.28311545,0.026676567,0.015581788,0.41871992,external_test,Bright,132.0,adaptive_feather,123,C:\Users\USER\Desktop\Articulo\Datasets\MESSIDOR2\adaptive_feather\r224\20060407_39761_0200_PP.png,direct_exact
EYEPACS,MESSIDOR2,20060407_39780_0200_PP.png,0,0,0.4100711,0.2805411,0.23411795,0.049780715,0.025489151,0.4100711,external_test,Normal,127.0,adaptive_feather,123,C:\Users\USER\Desktop\Articulo\Datasets\MESSIDOR2\adaptive_feather\r224\20060407_39780_0200_PP.png,direct_exact
EYEPACS,MESSIDOR2,20060407_40582_0200_PP.png,2,0,0.38468924,0.21933119,0.34096268,0.04383522,0.011181704,0.38468924,external_test,Normal,127.0,adaptive_feather,123,C:\Users\USER\Desktop\Articulo\Datasets\MESSIDOR2\adaptive_feather\r224\20060407_40582_0200_PP.png,direct_exact
EYEPACS,MESSIDOR2,20060407_40624_0200_PP.png,2,0,0.3910087,0.19263346,0.38223952,0.028160816,0.005957456,0.3910087,external_test,Normal,125.0,adaptive_feather,123,C:\Users\USER\Desktop\Articulo\Datasets\MESSIDOR2\adaptive_feather\r224\20060407_40624_0200_PP.png,direct_exact
EYEPACS,MESSIDOR2,20060407_40740_0200_PP.png,0,2,0.114059225,0.13557285,0.6032972,0.13049923,0.01657146,0.6032972,external_test,Bright,141.0,adaptive_feather,123,C:\Users\USER\Desktop\Articulo\Datasets\MESSIDOR2\adaptive_feather\r224\20060407_40740_0200_PP.png,direct_exact
EYEPACS,MESSIDOR2,20060407_40761_0200_PP.png,0,2,0.23233204,0.13110976,0.49998772,0.06739954,0.069171,0.49998772,external_test,Bright,148.0,adaptive_feather,123,C:\Users\USER\Desktop\Articulo\Datasets\MESSIDOR2\adaptive_feather\r224\20060407_40761_0200_PP.png,direct_exact
EYEPACS,MESSIDOR2,20060407_40937_0200_PP.png,1,0,0.396908,0.21689051,0.24802199,0.10674391,0.031435598,0.396908,external_test,Bright,139.0,adaptive_feather,123,C:\Users\USER\Desktop\Articulo\Datasets\MESSIDOR2\adaptive_feather\r224\20060407_40937_0200_PP.png,direct_exact
EYEPACS,MESSIDOR2,20060407_40957_0200_PP.png,1,0,0.40345678,0.22193319,0.323277,0.03457617,0.016756853,0.40345678,external_test,Bright,143.0,adaptive_feather,123,C:\Users\USER\Desktop\Articulo\Datasets\MESSIDOR2\adaptive_feather\r224\20060407_40957_0200_PP.png,direct_exact
EYEPACS,MESSIDOR2,20060407_41149_0200_PP.png,0,1,0.220391,0.36970478,0.31506065,0.08052448,0.014319108,0.36970478,external_test,Normal,115.0,adaptive_feather,123,C:\Users\USER\Desktop\Articulo\Datasets\MESSIDOR2\adaptive_feather\r224\20060407_41149_0200_PP.png,direct_exact
EYEPACS,MESSIDOR2,20060407_41177_0200_PP.png,0,2,0.26637492,0.2919616,0.37442878,0.041829005,0.025405655,0.37442878,external_test,Normal,116.0,adaptive_feather,123,C:\Users\USER\Desktop\Articulo\Datasets\MESSIDOR2\adaptive_feather\r224\20060407_41177_0200_PP.png,direct_exact
EYEPACS,MESSIDOR2,20060407_41312_0200_PP.png,0,0,0.54509366,0.3356869,0.11261908,0.0033278684,0.0032724713,0.54509366,external_test,Bright,142.0,adaptive_feather,123,C:\Users\USER\Desktop\Articulo\Datasets\MESSIDOR2\adaptive_feather\r224\20060407_41312_0200_PP.png,direct_exact
EYEPACS,MESSIDOR2,20060407_41330_0200_PP.png,1,0,0.6371367,0.22504577,0.12391061,0.007229201,0.0066777556,0.6371367,external_test,Bright,143.0,adaptive_feather,123,C:\Users\USER\Desktop\Articulo\Datasets\MESSIDOR2\adaptive_feather\r224\20060407_41330_0200_PP.png,direct_exact
EYEPACS,MESSIDOR2,20060407_41809_0200_PP.png,2,0,0.5314665,0.1673312,0.21786954,0.058211394,0.025121402,0.5314665,external_test,Bright,154.0,adaptive_feather,123,C:\Users\USER\Desktop\Articulo\Datasets\MESSIDOR2\adaptive_feather\r224\20060407_41809_0200_PP.png,direct_exact
EYEPACS,MESSIDOR2,20060407_41831_0200_PP.png,2,2,0.19499418,0.106812455,0.46529365,0.1734148,0.059484985,0.46529365,external_test,Bright,145.0,adaptive_feather,123,C:\Users\USER\Desktop\Articulo\Datasets\MESSIDOR2\adaptive_feather\r224\20060407_41831_0200_PP.png,direct_exact
EYEPACS,MESSIDOR2,20060407_41937_0200_PP.png,2,2,0.28828737,0.24432589,0.420146,0.040689062,0.006551706,0.420146,external_test,Bright,139.0,adaptive_feather,123,C:\Users\USER\Desktop\Articulo\Datasets\MESSIDOR2\adaptive_feather\r224\20060407_41937_0200_PP.png,direct_exact
EYEPACS,MESSIDOR2,20060407_41980_0200_PP.png,0,2,0.33269823,0.250618,0.3993228,0.013259109,0.00410187,0.3993228,external_test,Bright,138.0,adaptive_feather,123,C:\Users\USER\Desktop\Articulo\Datasets\MESSIDOR2\adaptive_feather\r224\20060407_41980_0200_PP.png,direct_exact
EYEPACS,MESSIDOR2,20060407_42099_0200_PP.png,0,0,0.4744788,0.24021497,0.22222054,0.051292226,0.011793426,0.4744788,external_test,Bright,155.0,adaptive_feather,123,C:\Users\USER\Desktop\Articulo\Datasets\MESSIDOR2\adaptive_feather\r224\20060407_42099_0200_PP.png,direct_exact
EYEPACS,MESSIDOR2,20060407_42133_0200_PP.png,0,0,0.4353773,0.1547209,0.25674745,0.09530346,0.057850868,0.4353773,external_test,Bright,157.0,adaptive_feather,123,C:\Users\USER\Desktop\Articulo\Datasets\MESSIDOR2\adaptive_feather\r224\20060407_42133_0200_PP.png,direct_exact
EYEPACS,MESSIDOR2,20060407_42290_0200_PP.png,0,1,0.37705004,0.48396719,0.13615038,0.0022270302,0.00060533977,0.48396719,external_test,Normal,117.0,adaptive_feather,123,C:\Users\USER\Desktop\Articulo\Datasets\MESSIDOR2\adaptive_feather\r224\20060407_42290_0200_PP.png,direct_exact
EYEPACS,MESSIDOR2,20060407_42308_0200_PP.png,0,0,0.4651514,0.3346533,0.18504436,0.009036956,0.006113932,0.4651514,external_test,Normal,114.0,adaptive_feather,123,C:\Users\USER\Desktop\Articulo\Datasets\MESSIDOR2\adaptive_feather\r224\20060407_42308_0200_PP.png,direct_exact
EYEPACS,MESSIDOR2,20060407_43223_0200_PP.png,0,2,0.29006046,0.15774666,0.4730423,0.053450696,0.025699861,0.4730423,external_test,Bright,150.0,adaptive_feather,123,C:\Users\USER\Desktop\Articulo\Datasets\MESSIDOR2\adaptive_feather\r224\20060407_43223_0200_PP.png,direct_exact
EYEPACS,MESSIDOR2,20060407_43258_0200_PP.png,0,0,0.4442704,0.18230414,0.33905897,0.019585088,0.014781465,0.4442704,external_test,Bright,153.0,adaptive_feather,123,C:\Users\USER\Desktop\Articulo\Datasets\MESSIDOR2\adaptive_feather\r224\20060407_43258_0200_PP.png,direct_exact
EYEPACS,MESSIDOR2,20060407_43436_0200_PP.png,2,2,0.049233723,0.052214164,0.396045,0.38455406,0.11795306,0.396045,external_test,Normal,128.0,adaptive_feather,123,C:\Users\USER\Desktop\Articulo\Datasets\MESSIDOR2\adaptive_feather\r224\20060407_43436_0200_PP.png,direct_exact
EYEPACS,MESSIDOR2,20060407_43460_0200_PP.png,2,2,0.055049498,0.035084985,0.47115868,0.31969988,0.11900698,0.47115868,external_test,Normal,126.0,adaptive_feather,123,C:\Users\USER\Desktop\Articulo\Datasets\MESSIDOR2\adaptive_feather\r224\20060407_43460_0200_PP.png,direct_exact
EYEPACS,MESSIDOR2,20060407_43594_0200_PP.png,0,0,0.57053345,0.2745277,0.14169607,0.004952826,0.008289967,0.57053345,external_test,Bright,131.0,adaptive_feather,123,C:\Users\USER\Desktop\Articulo\Datasets\MESSIDOR2\adaptive_feather\r224\20060407_43594_0200_PP.png,direct_exact
EYEPACS,MESSIDOR2,20060407_43618_0200_PP.png,0,0,0.5485884,0.24055526,0.19050492,0.011088215,0.009263195,0.5485884,external_test,Normal,127.0,adaptive_feather,123,C:\Users\USER\Desktop\Articulo\Datasets\MESSIDOR2\adaptive_feather\r224\20060407_43618_0200_PP.png,direct_exact
EYEPACS,MESSIDOR2,20060407_43726_0200_PP.png,0,0,0.41889435,0.38084412,0.19083862,0.0090147285,0.00040821134,0.41889435,external_test,Bright,151.0,adaptive_feather,123,C:\Users\USER\Desktop\Articulo\Datasets\MESSIDOR2\adaptive_feather\r224\20060407_43726_0200_PP.png,direct_exact
EYEPACS,MESSIDOR2,20060407_43746_0200_PP.png,0,0,0.5050166,0.24456242,0.21024568,0.03533921,0.0048361667,0.5050166,external_test,Bright,154.0,adaptive_feather,123,C:\Users\USER\Desktop\Articulo\Datasets\MESSIDOR2\adaptive_feather\r224\20060407_43746_0200_PP.png,direct_exact
EYEPACS,MESSIDOR2,20060407_43834_0200_PP.png,0,0,0.29011953,0.19939423,0.1623416,0.18113974,0.16700488,0.29011953,external_test,Bright,149.0,adaptive_feather,123,C:\Users\USER\Desktop\Articulo\Datasets\MESSIDOR2\adaptive_feather\r224\20060407_43834_0200_PP.png,direct_exact
EYEPACS,MESSIDOR2,20060407_43856_0200_PP.png,0,0,0.5949914,0.122577935,0.25057143,0.023625536,0.008233816,0.5949914,external_test,Bright,149.0,adaptive_feather,123,C:\Users\USER\Desktop\Articulo\Datasets\MESSIDOR2\adaptive_feather\r224\20060407_43856_0200_PP.png,direct_exact
EYEPACS,MESSIDOR2,20060407_44042_0200_PP.png,0,0,0.49842444,0.40388533,0.09145592,0.0048402357,0.0013939812,0.49842444,external_test,Normal,122.0,adaptive_feather,123,C:\Users\USER\Desktop\Articulo\Datasets\MESSIDOR2\adaptive_feather\r224\20060407_44042_0200_PP.png,direct_exact
EYEPACS,MESSIDOR2,20060407_44061_0200_PP.png,0,0,0.5110579,0.37418285,0.10452971,0.0071780356,0.0030514128,0.5110579,external_test,Normal,120.0,adaptive_feather,123,C:\Users\USER\Desktop\Articulo\Datasets\MESSIDOR2\adaptive_feather\r224\20060407_44061_0200_PP.png,direct_exact
EYEPACS,MESSIDOR2,20060407_44173_0200_PP.png,1,2,0.16417995,0.12951027,0.45578957,0.11141092,0.13910931,0.45578957,external_test,VeryBright,173.0,adaptive_feather,123,C:\Users\USER\Desktop\Articulo\Datasets\MESSIDOR2\adaptive_feather\r224\20060407_44173_0200_PP.png,direct_exact
EYEPACS,MESSIDOR2,20060407_44192_0200_PP.png,1,2,0.20246023,0.12815657,0.5762631,0.03720595,0.05591409,0.5762631,external_test,VeryBright,166.0,adaptive_feather,123,C:\Users\USER\Desktop\Articulo\Datasets\MESSIDOR2\adaptive_feather\r224\20060407_44192_0200_PP.png,direct_exact
EYEPACS,MESSIDOR2,20060407_44285_0200_PP.png,2,2,0.11619727,0.07573699,0.56355846,0.2051304,0.039376825,0.56355846,external_test,Normal,111.0,adaptive_feather,123,C:\Users\USER\Desktop\Articulo\Datasets\MESSIDOR2\adaptive_feather\r224\20060407_44285_0200_PP.png,direct_exact
EYEPACS,MESSIDOR2,20060407_44304_0200_PP.png,2,2,0.1339276,0.09319837,0.4651555,0.27270254,0.035015963,0.4651555,external_test,Normal,114.0,adaptive_feather,123,C:\Users\USER\Desktop\Articulo\Datasets\MESSIDOR2\adaptive_feather\r224\20060407_44304_0200_PP.png,direct_exact
EYEPACS,MESSIDOR2,20060407_44400_0200_PP.png,0,0,0.3385445,0.28816104,0.30831563,0.038286768,0.026692184,0.3385445,external_test,Normal,129.0,adaptive_feather,123,C:\Users\USER\Desktop\Articulo\Datasets\MESSIDOR2\adaptive_feather\r224\20060407_44400_0200_PP.png,direct_exact
EYEPACS,MESSIDOR2,20060407_44422_0200_PP.png,0,1,0.37910104,0.41710696,0.19292587,0.0050581847,0.005807894,0.41710696,external_test,Normal,129.0,adaptive_feather,123,C:\Users\USER\Desktop\Articulo\Datasets\MESSIDOR2\adaptive_feather\r224\20060407_44422_0200_PP.png,direct_exact
EYEPACS,MESSIDOR2,20060407_44510_0200_PP.png,0,0,0.3987254,0.2879983,0.288318,0.018749032,0.006209282,0.3987254,external_test,Bright,130.0,adaptive_feather,123,C:\Users\USER\Desktop\Articulo\Datasets\MESSIDOR2\adaptive_feather\r224\20060407_44510_0200_PP.png,direct_exact
EYEPACS,MESSIDOR2,20060407_44529_0200_PP.png,0,0,0.4312578,0.2640855,0.29859814,0.005225503,0.0008330356,0.4312578,external_test,Normal,126.0,adaptive_feather,123,C:\Users\USER\Desktop\Articulo\Datasets\MESSIDOR2\adaptive_feather\r224\20060407_44529_0200_PP.png,direct_exact
EYEPACS,MESSIDOR2,20060407_44617_0200_PP.png,2,2,0.08116059,0.07717495,0.44264445,0.35131192,0.047708064,0.44264445,external_test,Bright,136.0,adaptive_feather,123,C:\Users\USER\Desktop\Articulo\Datasets\MESSIDOR2\adaptive_feather\r224\20060407_44617_0200_PP.png,direct_exact
EYEPACS,MESSIDOR2,20060407_44636_0200_PP.png,2,2,0.04282912,0.06159564,0.46285248,0.42008144,0.012641324,0.46285248,external_test,Bright,139.0,adaptive_feather,123,C:\Users\USER\Desktop\Articulo\Datasets\MESSIDOR2\adaptive_feather\r224\20060407_44636_0200_PP.png,direct_exact
EYEPACS,MESSIDOR2,20060407_44743_0200_PP.png,0,2,0.2962132,0.11309376,0.54402226,0.035548553,0.0111222025,0.54402226,external_test,Bright,137.0,adaptive_feather,123,C:\Users\USER\Desktop\Articulo\Datasets\MESSIDOR2\adaptive_feather\r224\20060407_44743_0200_PP.png,direct_exact
EYEPACS,MESSIDOR2,20060407_44766_0200_PP.png,0,0,0.53089964,0.1627165,0.2541919,0.03880259,0.01338938,0.53089964,external_test,Bright,134.0,adaptive_feather,123,C:\Users\USER\Desktop\Articulo\Datasets\MESSIDOR2\adaptive_feather\r224\20060407_44766_0200_PP.png,direct_exact
EYEPACS,MESSIDOR2,20060407_44866_0200_PP.png,0,0,0.46216765,0.21412802,0.30294558,0.0098848445,0.010873926,0.46216765,external_test,Bright,141.0,adaptive_feather,123,C:\Users\USER\Desktop\Articulo\Datasets\MESSIDOR2\adaptive_feather\r224\20060407_44866_0200_PP.png,direct_exact
EYEPACS,MESSIDOR2,20060407_44889_0200_PP.png,0,0,0.56314975,0.13537681,0.24693266,0.038954154,0.015586642,0.56314975,external_test,Bright,142.0,adaptive_feather,123,C:\Users\USER\Desktop\Articulo\Datasets\MESSIDOR2\adaptive_feather\r224\20060407_44889_0200_PP.png,direct_exact
EYEPACS,MESSIDOR2,20060407_45087_0200_PP.png,1,0,0.65612215,0.22595707,0.11144249,0.00329278,0.0031854887,0.65612215,external_test,Bright,130.0,adaptive_feather,123,C:\Users\USER\Desktop\Articulo\Datasets\MESSIDOR2\adaptive_feather\r224\20060407_45087_0200_PP.png,direct_exact
EYEPACS,MESSIDOR2,20060407_45107_0200_PP.png,0,0,0.55417687,0.2941937,0.13380867,0.0077844327,0.010036268,0.55417687,external_test,Bright,137.0,adaptive_feather,123,C:\Users\USER\Desktop\Articulo\Datasets\MESSIDOR2\adaptive_feather\r224\20060407_45107_0200_PP.png,direct_exact
EYEPACS,MESSIDOR2,20060407_45230_0200_PP.png,0,0,0.6089876,0.20786135,0.16191599,0.015460952,0.005773975,0.6089876,external_test,Bright,130.0,adaptive_feather,123,C:\Users\USER\Desktop\Articulo\Datasets\MESSIDOR2\adaptive_feather\r224\20060407_45230_0200_PP.png,direct_exact
EYEPACS,MESSIDOR2,20060407_45247_0200_PP.png,0,0,0.51508456,0.21774483,0.21931267,0.033198845,0.014659077,0.51508456,external_test,Bright,136.0,adaptive_feather,123,C:\Users\USER\Desktop\Articulo\Datasets\MESSIDOR2\adaptive_feather\r224\20060407_45247_0200_PP.png,direct_exact
EYEPACS,MESSIDOR2,20060407_45362_0200_PP.png,1,2,0.16374664,0.07706904,0.5620131,0.1457801,0.051391132,0.5620131,external_test,Bright,135.0,adaptive_feather,123,C:\Users\USER\Desktop\Articulo\Datasets\MESSIDOR2\adaptive_feather\r224\20060407_45362_0200_PP.png,direct_exact
EYEPACS,MESSIDOR2,20060407_45379_0200_PP.png,1,2,0.24430262,0.19347858,0.5119745,0.028208278,0.02203602,0.5119745,external_test,Bright,136.0,adaptive_feather,123,C:\Users\USER\Desktop\Articulo\Datasets\MESSIDOR2\adaptive_feather\r224\20060407_45379_0200_PP.png,direct_exact
EYEPACS,MESSIDOR2,20060407_45477_0200_PP.png,2,2,0.072893396,0.10205794,0.51773095,0.22276978,0.08454793,0.51773095,external_test,Normal,114.0,adaptive_feather,123,C:\Users\USER\Desktop\Articulo\Datasets\MESSIDOR2\adaptive_feather\r224\20060407_45477_0200_PP.png,direct_exact
EYEPACS,MESSIDOR2,20060407_45494_0200_PP.png,2,2,0.07541668,0.07776931,0.7162944,0.10194217,0.02857745,0.7162944,external_test,Normal,121.0,adaptive_feather,123,C:\Users\USER\Desktop\Articulo\Datasets\MESSIDOR2\adaptive_feather\r224\20060407_45494_0200_PP.png,direct_exact
EYEPACS,MESSIDOR2,20060407_45592_0200_PP.png,1,2,0.3614791,0.18382072,0.37356737,0.064675204,0.016457628,0.37356737,external_test,Normal,120.0,adaptive_feather,123,C:\Users\USER\Desktop\Articulo\Datasets\MESSIDOR2\adaptive_feather\r224\20060407_45592_0200_PP.png,direct_exact
EYEPACS,MESSIDOR2,20060407_45611_0200_PP.png,2,2,0.2453854,0.23439851,0.45993167,0.040701203,0.019583222,0.45993167,external_test,Normal,127.0,adaptive_feather,123,C:\Users\USER\Desktop\Articulo\Datasets\MESSIDOR2\adaptive_feather\r224\20060407_45611_0200_PP.png,direct_exact
EYEPACS,MESSIDOR2,20060407_45718_0200_PP.png,0,2,0.25944778,0.1211,0.45131785,0.14937124,0.018763153,0.45131785,external_test,Bright,137.0,adaptive_feather,123,C:\Users\USER\Desktop\Articulo\Datasets\MESSIDOR2\adaptive_feather\r224\20060407_45718_0200_PP.png,direct_exact
EYEPACS,MESSIDOR2,20060407_45737_0200_PP.png,0,0,0.4278439,0.18501702,0.33412623,0.03885041,0.014162386,0.4278439,external_test,Bright,144.0,adaptive_feather,123,C:\Users\USER\Desktop\Articulo\Datasets\MESSIDOR2\adaptive_feather\r224\20060407_45737_0200_PP.png,direct_exact
EYEPACS,MESSIDOR2,20060407_45834_0200_PP.png,0,0,0.48327944,0.19806896,0.27546513,0.022303548,0.020882888,0.48327944,external_test,Normal,117.0,adaptive_feather,123,C:\Users\USER\Desktop\Articulo\Datasets\MESSIDOR2\adaptive_feather\r224\20060407_45834_0200_PP.png,direct_exact
EYEPACS,MESSIDOR2,20060407_45852_0200_PP.png,0,0,0.5592264,0.17328376,0.22032568,0.029944941,0.017219266,0.5592264,external_test,Normal,121.0,adaptive_feather,123,C:\Users\USER\Desktop\Articulo\Datasets\MESSIDOR2\adaptive_feather\r224\20060407_45852_0200_PP.png,direct_exact
EYEPACS,MESSIDOR2,20060407_45932_0200_PP.png,1,2,0.35287344,0.19321223,0.4200527,0.026833244,0.0070284563,0.4200527,external_test,Dark,106.0,adaptive_feather,123,C:\Users\USER\Desktop\Articulo\Datasets\MESSIDOR2\adaptive_feather\r224\20060407_45932_0200_PP.png,direct_exact
EYEPACS,MESSIDOR2,20060407_45949_0200_PP.png,0,0,0.466907,0.21252462,0.29734397,0.014327197,0.008897164,0.466907,external_test,Dark,106.0,adaptive_feather,123,C:\Users\USER\Desktop\Articulo\Datasets\MESSIDOR2\adaptive_feather\r224\20060407_45949_0200_PP.png,direct_exact
EYEPACS,MESSIDOR2,20060407_46050_0200_PP.png,1,2,0.27114436,0.14458412,0.53796446,0.029616304,0.016690763,0.53796446,external_test,Bright,132.0,adaptive_feather,123,C:\Users\USER\Desktop\Articulo\Datasets\MESSIDOR2\adaptive_feather\r224\20060407_46050_0200_PP.png,direct_exact
EYEPACS,MESSIDOR2,20060407_46070_0200_PP.png,0,2,0.38214034,0.13000199,0.43595883,0.033466056,0.018432777,0.43595883,external_test,Bright,140.0,adaptive_feather,123,C:\Users\USER\Desktop\Articulo\Datasets\MESSIDOR2\adaptive_feather\r224\20060407_46070_0200_PP.png,direct_exact
EYEPACS,MESSIDOR2,20060407_46235_0200_PP.png,0,2,0.25071326,0.1876621,0.40750235,0.101819135,0.052303113,0.40750235,external_test,Normal,129.0,adaptive_feather,123,C:\Users\USER\Desktop\Articulo\Datasets\MESSIDOR2\adaptive_feather\r224\20060407_46235_0200_PP.png,direct_exact
EYEPACS,MESSIDOR2,20060407_46257_0200_PP.png,0,0,0.5598285,0.22958902,0.19987622,0.0057748565,0.004931396,0.5598285,external_test,Bright,130.0,adaptive_feather,123,C:\Users\USER\Desktop\Articulo\Datasets\MESSIDOR2\adaptive_feather\r224\20060407_46257_0200_PP.png,direct_exact
EYEPACS,MESSIDOR2,20060407_46394_0200_PP.png,2,2,0.11507407,0.062180504,0.49217448,0.11243015,0.21814084,0.49217448,external_test,Bright,134.0,adaptive_feather,123,C:\Users\USER\Desktop\Articulo\Datasets\MESSIDOR2\adaptive_feather\r224\20060407_46394_0200_PP.png,direct_exact
EYEPACS,MESSIDOR2,20060407_46422_0200_PP.png,2,2,0.26351443,0.1634984,0.4392127,0.06541321,0.06836125,0.4392127,external_test,Normal,129.0,adaptive_feather,123,C:\Users\USER\Desktop\Articulo\Datasets\MESSIDOR2\adaptive_feather\r224\20060407_46422_0200_PP.png,direct_exact
EYEPACS,MESSIDOR2,20060410_39047_0200_PP.png,0,0,0.45202985,0.2438192,0.25108832,0.045618672,0.0074439463,0.45202985,external_test,Normal,111.0,adaptive_feather,123,C:\Users\USER\Desktop\Articulo\Datasets\MESSIDOR2\adaptive_feather\r224\20060410_39047_0200_PP.png,direct_exact
EYEPACS,MESSIDOR2,20060410_39075_0200_PP.png,0,1,0.2980429,0.42413646,0.2487365,0.02190957,0.007174585,0.42413646,external_test,Dark,107.0,adaptive_feather,123,C:\Users\USER\Desktop\Articulo\Datasets\MESSIDOR2\adaptive_feather\r224\20060410_39075_0200_PP.png,direct_exact
EYEPACS,MESSIDOR2,20060410_39203_0200_PP.png,1,0,0.55032265,0.27599862,0.16748309,0.0056201415,0.0005754533,0.55032265,external_test,Bright,130.0,adaptive_feather,123,C:\Users\USER\Desktop\Articulo\Datasets\MESSIDOR2\adaptive_feather\r224\20060410_39203_0200_PP.png,direct_exact
EYEPACS,MESSIDOR2,20060410_39229_0200_PP.png,0,0,0.50680906,0.24530381,0.22112924,0.017713387,0.009044503,0.50680906,external_test,Bright,133.0,adaptive_feather,123,C:\Users\USER\Desktop\Articulo\Datasets\MESSIDOR2\adaptive_feather\r224\20060410_39229_0200_PP.png,direct_exact
EYEPACS,MESSIDOR2,20060410_39334_0200_PP.png,1,0,0.46221793,0.4455012,0.08910053,0.0021258637,0.0010545036,0.46221793,external_test,Normal,129.0,adaptive_feather,123,C:\Users\USER\Desktop\Articulo\Datasets\MESSIDOR2\adaptive_feather\r224\20060410_39334_0200_PP.png,direct_exact
EYEPACS,MESSIDOR2,20060410_39355_0200_PP.png,1,0,0.47401348,0.40710098,0.11747786,0.0009817152,0.00042597708,0.47401348,external_test,Bright,137.0,adaptive_feather,123,C:\Users\USER\Desktop\Articulo\Datasets\MESSIDOR2\adaptive_feather\r224\20060410_39355_0200_PP.png,direct_exact
EYEPACS,MESSIDOR2,20060410_39476_0200_PP.png,0,0,0.49162924,0.18694587,0.272621,0.03223576,0.016568078,0.49162924,external_test,Bright,133.0,adaptive_feather,123,C:\Users\USER\Desktop\Articulo\Datasets\MESSIDOR2\adaptive_feather\r224\20060410_39476_0200_PP.png,direct_exact
EYEPACS,MESSIDOR2,20060410_39500_0200_PP.png,0,0,0.5991987,0.13388276,0.25651515,0.0047681453,0.005635189,0.5991987,external_test,Bright,132.0,adaptive_feather,123,C:\Users\USER\Desktop\Articulo\Datasets\MESSIDOR2\adaptive_feather\r224\20060410_39500_0200_PP.png,direct_exact
EYEPACS,MESSIDOR2,20060410_39586_0200_PP.png,0,0,0.6863144,0.14056817,0.15481667,0.005388654,0.012912159,0.6863144,external_test,Bright,162.0,adaptive_feather,123,C:\Users\USER\Desktop\Articulo\Datasets\MESSIDOR2\adaptive_feather\r224\20060410_39586_0200_PP.png,direct_exact
EYEPACS,MESSIDOR2,20060410_39606_0200_PP.png,0,0,0.578751,0.22589236,0.16383049,0.025630433,0.0058956817,0.578751,external_test,Bright,160.0,adaptive_feather,123,C:\Users\USER\Desktop\Articulo\Datasets\MESSIDOR2\adaptive_feather\r224\20060410_39606_0200_PP.png,direct_exact
EYEPACS,MESSIDOR2,20060410_39695_0200_PP.png,0,0,0.34447387,0.29297015,0.20330527,0.12459432,0.03465646,0.34447387,external_test,Bright,163.0,adaptive_feather,123,C:\Users\USER\Desktop\Articulo\Datasets\MESSIDOR2\adaptive_feather\r224\20060410_39695_0200_PP.png,direct_exact
EYEPACS,MESSIDOR2,20060410_39726_0200_PP.png,1,0,0.48920366,0.2086706,0.19963957,0.063386716,0.03909942,0.48920366,external_test,VeryBright,172.0,adaptive_feather,123,C:\Users\USER\Desktop\Articulo\Datasets\MESSIDOR2\adaptive_feather\r224\20060410_39726_0200_PP.png,direct_exact
EYEPACS,MESSIDOR2,20060410_39859_0200_PP.png,0,2,0.22921851,0.13625903,0.5873743,0.024382515,0.022765603,0.5873743,external_test,Bright,134.0,adaptive_feather,123,C:\Users\USER\Desktop\Articulo\Datasets\MESSIDOR2\adaptive_feather\r224\20060410_39859_0200_PP.png,direct_exact
EYEPACS,MESSIDOR2,20060410_39879_0200_PP.png,0,2,0.21119083,0.10969969,0.47852477,0.08332623,0.1172585,0.47852477,external_test,Bright,137.0,adaptive_feather,123,C:\Users\USER\Desktop\Articulo\Datasets\MESSIDOR2\adaptive_feather\r224\20060410_39879_0200_PP.png,direct_exact
EYEPACS,MESSIDOR2,20060410_39976_0200_PP.png,1,1,0.42960915,0.43135583,0.11969401,0.014384105,0.0049569006,0.43135583,external_test,VeryBright,195.0,adaptive_feather,123,C:\Users\USER\Desktop\Articulo\Datasets\MESSIDOR2\adaptive_feather\r224\20060410_39976_0200_PP.png,direct_exact
EYEPACS,MESSIDOR2,20060410_39994_0200_PP.png,0,0,0.6501842,0.21896341,0.12261374,0.0066684154,0.0015702283,0.6501842,external_test,VeryBright,191.0,adaptive_feather,123,C:\Users\USER\Desktop\Articulo\Datasets\MESSIDOR2\adaptive_feather\r224\20060410_39994_0200_PP.png,direct_exact
EYEPACS,MESSIDOR2,20060410_40146_0200_PP.png,2,2,0.3453443,0.20517987,0.3989018,0.028990904,0.021583106,0.3989018,external_test,Bright,130.0,adaptive_feather,123,C:\Users\USER\Desktop\Articulo\Datasets\MESSIDOR2\adaptive_feather\r224\20060410_40146_0200_PP.png,direct_exact
EYEPACS,MESSIDOR2,20060410_40165_0200_PP.png,2,2,0.15160576,0.08955532,0.48824912,0.12678277,0.1438071,0.48824912,external_test,Bright,134.0,adaptive_feather,123,C:\Users\USER\Desktop\Articulo\Datasets\MESSIDOR2\adaptive_feather\r224\20060410_40165_0200_PP.png,direct_exact
EYEPACS,MESSIDOR2,20060410_40254_0200_PP.png,1,1,0.36013657,0.38846844,0.22548355,0.021842517,0.0040689423,0.38846844,external_test,Bright,138.0,adaptive_feather,123,C:\Users\USER\Desktop\Articulo\Datasets\MESSIDOR2\adaptive_feather\r224\20060410_40254_0200_PP.png,direct_exact
EYEPACS,MESSIDOR2,20060410_40274_0200_PP.png,2,0,0.38968495,0.38727465,0.20733924,0.009223666,0.0064775953,0.38968495,external_test,Bright,137.0,adaptive_feather,123,C:\Users\USER\Desktop\Articulo\Datasets\MESSIDOR2\adaptive_feather\r224\20060410_40274_0200_PP.png,direct_exact
EYEPACS,MESSIDOR2,20060410_40381_0200_PP.png,1,2,0.2719451,0.11815157,0.49168742,0.08879161,0.029424347,0.49168742,external_test,Bright,152.0,adaptive_feather,123,C:\Users\USER\Desktop\Articulo\Datasets\MESSIDOR2\adaptive_feather\r224\20060410_40381_0200_PP.png,direct_exact
EYEPACS,MESSIDOR2,20060410_40403_0200_PP.png,0,3,0.12360329,0.06001568,0.15839377,0.3382664,0.3197209,0.3382664,external_test,Bright,153.0,adaptive_feather,123,C:\Users\USER\Desktop\Articulo\Datasets\MESSIDOR2\adaptive_feather\r224\20060410_40403_0200_PP.png,direct_exact
EYEPACS,MESSIDOR2,20060410_40481_0200_PP.png,1,1,0.34693393,0.3912074,0.23614043,0.019536596,0.006181653,0.3912074,external_test,Normal,115.0,adaptive_feather,123,C:\Users\USER\Desktop\Articulo\Datasets\MESSIDOR2\adaptive_feather\r224\20060410_40481_0200_PP.png,direct_exact
EYEPACS,MESSIDOR2,20060410_40499_0200_PP.png,0,2,0.27287632,0.2680974,0.42976522,0.02138474,0.007876306,0.42976522,external_test,Normal,117.0,adaptive_feather,123,C:\Users\USER\Desktop\Articulo\Datasets\MESSIDOR2\adaptive_feather\r224\20060410_40499_0200_PP.png,direct_exact
EYEPACS,MESSIDOR2,20060410_40605_0200_PP.png,1,1,0.3233623,0.34082112,0.29224813,0.0335355,0.010032907,0.34082112,external_test,Normal,117.0,adaptive_feather,123,C:\Users\USER\Desktop\Articulo\Datasets\MESSIDOR2\adaptive_feather\r224\20060410_40605_0200_PP.png,direct_exact
EYEPACS,MESSIDOR2,20060410_40633_0200_PP.png,0,1,0.3329436,0.35694852,0.28464448,0.01956116,0.0059022903,0.35694852,external_test,Normal,117.0,adaptive_feather,123,C:\Users\USER\Desktop\Articulo\Datasets\MESSIDOR2\adaptive_feather\r224\20060410_40633_0200_PP.png,direct_exact
EYEPACS,MESSIDOR2,20060410_40830_0200_PP.png,1,1,0.36465222,0.41562468,0.19556426,0.021809157,0.00234961,0.41562468,external_test,VeryBright,184.0,adaptive_feather,123,C:\Users\USER\Desktop\Articulo\Datasets\MESSIDOR2\adaptive_feather\r224\20060410_40830_0200_PP.png,direct_exact
EYEPACS,MESSIDOR2,20060410_40846_0200_PP.png,0,0,0.42497528,0.2637217,0.26447147,0.038284484,0.008547003,0.42497528,external_test,VeryBright,172.0,adaptive_feather,123,C:\Users\USER\Desktop\Articulo\Datasets\MESSIDOR2\adaptive_feather\r224\20060410_40846_0200_PP.png,direct_exact
EYEPACS,MESSIDOR2,20060410_40953_0200_PP.png,0,0,0.53046155,0.26498994,0.16589534,0.017296873,0.021356316,0.53046155,external_test,Bright,141.0,adaptive_feather,123,C:\Users\USER\Desktop\Articulo\Datasets\MESSIDOR2\adaptive_feather\r224\20060410_40953_0200_PP.png,direct_exact
EYEPACS,MESSIDOR2,20060410_40979_0200_PP.png,0,0,0.3929443,0.23527794,0.31067038,0.038243428,0.022864005,0.3929443,external_test,Bright,139.0,adaptive_feather,123,C:\Users\USER\Desktop\Articulo\Datasets\MESSIDOR2\adaptive_feather\r224\20060410_40979_0200_PP.png,direct_exact
EYEPACS,MESSIDOR2,20060410_41077_0200_PP.png,1,0,0.48967034,0.21194574,0.2384407,0.019888075,0.040055193,0.48967034,external_test,Bright,144.0,adaptive_feather,123,C:\Users\USER\Desktop\Articulo\Datasets\MESSIDOR2\adaptive_feather\r224\20060410_41077_0200_PP.png,direct_exact
EYEPACS,MESSIDOR2,20060410_41098_0200_PP.png,0,0,0.4161719,0.16958089,0.287872,0.071491584,0.05488366,0.4161719,external_test,Bright,144.0,adaptive_feather,123,C:\Users\USER\Desktop\Articulo\Datasets\MESSIDOR2\adaptive_feather\r224\20060410_41098_0200_PP.png,direct_exact
EYEPACS,MESSIDOR2,20060410_41191_0200_PP.png,0,2,0.24856856,0.15451422,0.49813095,0.027047304,0.07173895,0.49813095,external_test,Normal,126.0,adaptive_feather,123,C:\Users\USER\Desktop\Articulo\Datasets\MESSIDOR2\adaptive_feather\r224\20060410_41191_0200_PP.png,direct_exact
EYEPACS,MESSIDOR2,20060410_41209_0200_PP.png,0,2,0.3517882,0.10967719,0.42427352,0.040349383,0.07391172,0.42427352,external_test,Bright,135.0,adaptive_feather,123,C:\Users\USER\Desktop\Articulo\Datasets\MESSIDOR2\adaptive_feather\r224\20060410_41209_0200_PP.png,direct_exact
EYEPACS,MESSIDOR2,20060410_41330_0200_PP.png,1,3,0.1278092,0.09413515,0.020958968,0.6429555,0.114141144,0.6429555,external_test,Bright,136.0,adaptive_feather,123,C:\Users\USER\Desktop\Articulo\Datasets\MESSIDOR2\adaptive_feather\r224\20060410_41330_0200_PP.png,direct_exact
EYEPACS,MESSIDOR2,20060410_41356_0200_PP.png,1,3,0.09230675,0.09771851,0.07439499,0.49932608,0.23625368,0.49932608,external_test,Bright,147.0,adaptive_feather,123,C:\Users\USER\Desktop\Articulo\Datasets\MESSIDOR2\adaptive_feather\r224\20060410_41356_0200_PP.png,direct_exact
EYEPACS,MESSIDOR2,20060410_41603_0200_PP.png,0,0,0.3978783,0.3094844,0.2693287,0.016251354,0.0070573613,0.3978783,external_test,Bright,131.0,adaptive_feather,123,C:\Users\USER\Desktop\Articulo\Datasets\MESSIDOR2\adaptive_feather\r224\20060410_41603_0200_PP.png,direct_exact
EYEPACS,MESSIDOR2,20060410_41626_0200_PP.png,1,0,0.4770148,0.31238046,0.20209081,0.0058195265,0.0026943856,0.4770148,external_test,Bright,133.0,adaptive_feather,123,C:\Users\USER\Desktop\Articulo\Datasets\MESSIDOR2\adaptive_feather\r224\20060410_41626_0200_PP.png,direct_exact
EYEPACS,MESSIDOR2,20060410_41747_0200_PP.png,1,2,0.26153812,0.13968502,0.56272286,0.023890365,0.012163579,0.56272286,external_test,Bright,140.0,adaptive_feather,123,C:\Users\USER\Desktop\Articulo\Datasets\MESSIDOR2\adaptive_feather\r224\20060410_41747_0200_PP.png,direct_exact
EYEPACS,MESSIDOR2,20060410_41767_0200_PP.png,2,0,0.4464284,0.17678843,0.33160913,0.03036376,0.014810226,0.4464284,external_test,Bright,137.0,adaptive_feather,123,C:\Users\USER\Desktop\Articulo\Datasets\MESSIDOR2\adaptive_feather\r224\20060410_41767_0200_PP.png,direct_exact
EYEPACS,MESSIDOR2,20060410_41880_0200_PP.png,0,2,0.22455376,0.18689367,0.5063791,0.06762419,0.014549329,0.5063791,external_test,Normal,124.0,adaptive_feather,123,C:\Users\USER\Desktop\Articulo\Datasets\MESSIDOR2\adaptive_feather\r224\20060410_41880_0200_PP.png,direct_exact
EYEPACS,MESSIDOR2,20060410_41901_0200_PP.png,0,2,0.25626877,0.23436946,0.4630412,0.028987894,0.01733271,0.4630412,external_test,Normal,122.0,adaptive_feather,123,C:\Users\USER\Desktop\Articulo\Datasets\MESSIDOR2\adaptive_feather\r224\20060410_41901_0200_PP.png,direct_exact
EYEPACS,MESSIDOR2,20060410_43675_0200_PP.png,1,2,0.10759046,0.16731466,0.48705497,0.18772003,0.050319873,0.48705497,external_test,Bright,141.0,adaptive_feather,123,C:\Users\USER\Desktop\Articulo\Datasets\MESSIDOR2\adaptive_feather\r224\20060410_43675_0200_PP.png,direct_exact
EYEPACS,MESSIDOR2,20060410_43698_0200_PP.png,3,3,0.03735242,0.037916392,0.1894979,0.6600197,0.07521358,0.6600197,external_test,Bright,141.0,adaptive_feather,123,C:\Users\USER\Desktop\Articulo\Datasets\MESSIDOR2\adaptive_feather\r224\20060410_43698_0200_PP.png,direct_exact
EYEPACS,MESSIDOR2,20060410_43847_0200_PP.png,0,0,0.48628867,0.25899324,0.20988923,0.025510322,0.019318547,0.48628867,external_test,Bright,131.0,adaptive_feather,123,C:\Users\USER\Desktop\Articulo\Datasets\MESSIDOR2\adaptive_feather\r224\20060410_43847_0200_PP.png,direct_exact
EYEPACS,MESSIDOR2,20060410_43868_0200_PP.png,0,0,0.4036209,0.2711948,0.20126556,0.08959103,0.034327727,0.4036209,external_test,Normal,122.0,adaptive_feather,123,C:\Users\USER\Desktop\Articulo\Datasets\MESSIDOR2\adaptive_feather\r224\20060410_43868_0200_PP.png,direct_exact
EYEPACS,MESSIDOR2,20060410_43959_0200_PP.png,1,2,0.25310564,0.16751157,0.55415916,0.0134309735,0.0117926635,0.55415916,external_test,Bright,149.0,adaptive_feather,123,C:\Users\USER\Desktop\Articulo\Datasets\MESSIDOR2\adaptive_feather\r224\20060410_43959_0200_PP.png,direct_exact
EYEPACS,MESSIDOR2,20060410_43979_0200_PP.png,0,2,0.21390644,0.07821586,0.50948554,0.068805955,0.1295863,0.50948554,external_test,Bright,149.0,adaptive_feather,123,C:\Users\USER\Desktop\Articulo\Datasets\MESSIDOR2\adaptive_feather\r224\20060410_43979_0200_PP.png,direct_exact
EYEPACS,MESSIDOR2,20060410_44106_0200_PP.png,2,2,0.19795719,0.2480007,0.44300178,0.101133645,0.009906728,0.44300178,external_test,Normal,129.0,adaptive_feather,123,C:\Users\USER\Desktop\Articulo\Datasets\MESSIDOR2\adaptive_feather\r224\20060410_44106_0200_PP.png,direct_exact
EYEPACS,MESSIDOR2,20060410_44124_0200_PP.png,2,2,0.27613038,0.19019264,0.46325067,0.048913464,0.021512838,0.46325067,external_test,Normal,129.0,adaptive_feather,123,C:\Users\USER\Desktop\Articulo\Datasets\MESSIDOR2\adaptive_feather\r224\20060410_44124_0200_PP.png,direct_exact
EYEPACS,MESSIDOR2,20060410_44224_0200_PP.png,2,0,0.33974501,0.31390357,0.29126772,0.04350428,0.011579388,0.33974501,external_test,Bright,148.0,adaptive_feather,123,C:\Users\USER\Desktop\Articulo\Datasets\MESSIDOR2\adaptive_feather\r224\20060410_44224_0200_PP.png,direct_exact
EYEPACS,MESSIDOR2,20060410_44248_0200_PP.png,2,2,0.118895985,0.13055019,0.68424165,0.051866315,0.014445933,0.68424165,external_test,Bright,146.0,adaptive_feather,123,C:\Users\USER\Desktop\Articulo\Datasets\MESSIDOR2\adaptive_feather\r224\20060410_44248_0200_PP.png,direct_exact
EYEPACS,MESSIDOR2,20060410_44345_0200_PP.png,0,0,0.3619182,0.35207352,0.23222859,0.03839186,0.015387811,0.3619182,external_test,Bright,143.0,adaptive_feather,123,C:\Users\USER\Desktop\Articulo\Datasets\MESSIDOR2\adaptive_feather\r224\20060410_44345_0200_PP.png,direct_exact
EYEPACS,MESSIDOR2,20060410_44364_0200_PP.png,0,0,0.47123608,0.35401645,0.15022548,0.013654691,0.010867336,0.47123608,external_test,Bright,144.0,adaptive_feather,123,C:\Users\USER\Desktop\Articulo\Datasets\MESSIDOR2\adaptive_feather\r224\20060410_44364_0200_PP.png,direct_exact
EYEPACS,MESSIDOR2,20060410_44464_0200_PP.png,0,0,0.4036775,0.27488232,0.25240487,0.06314084,0.00589447,0.4036775,external_test,Normal,116.0,adaptive_feather,123,C:\Users\USER\Desktop\Articulo\Datasets\MESSIDOR2\adaptive_feather\r224\20060410_44464_0200_PP.png,direct_exact
EYEPACS,MESSIDOR2,20060410_44504_0200_PP.png,0,1,0.17319924,0.37795457,0.36626047,0.06308977,0.019495998,0.37795457,external_test,Normal,115.0,adaptive_feather,123,C:\Users\USER\Desktop\Articulo\Datasets\MESSIDOR2\adaptive_feather\r224\20060410_44504_0200_PP.png,direct_exact
EYEPACS,MESSIDOR2,20060410_44601_0200_PP.png,0,0,0.5070226,0.20211594,0.268601,0.016265502,0.005994918,0.5070226,external_test,Normal,125.0,adaptive_feather,123,C:\Users\USER\Desktop\Articulo\Datasets\MESSIDOR2\adaptive_feather\r224\20060410_44601_0200_PP.png,direct_exact
EYEPACS,MESSIDOR2,20060410_44623_0200_PP.png,1,0,0.4917608,0.22852045,0.26608905,0.008140064,0.005489693,0.4917608,external_test,Normal,125.0,adaptive_feather,123,C:\Users\USER\Desktop\Articulo\Datasets\MESSIDOR2\adaptive_feather\r224\20060410_44623_0200_PP.png,direct_exact
EYEPACS,MESSIDOR2,20060410_44770_0200_PP.png,0,2,0.2880103,0.25399047,0.31569758,0.061008036,0.08129363,0.31569758,external_test,VeryBright,189.0,adaptive_feather,123,C:\Users\USER\Desktop\Articulo\Datasets\MESSIDOR2\adaptive_feather\r224\20060410_44770_0200_PP.png,direct_exact
EYEPACS,MESSIDOR2,20060410_44802_0200_PP.png,0,0,0.33194554,0.13432458,0.31881964,0.14486133,0.07004892,0.33194554,external_test,VeryBright,176.0,adaptive_feather,123,C:\Users\USER\Desktop\Articulo\Datasets\MESSIDOR2\adaptive_feather\r224\20060410_44802_0200_PP.png,direct_exact
EYEPACS,MESSIDOR2,20060410_44934_0200_PP.png,0,0,0.34358573,0.23959295,0.32353926,0.05410274,0.039179306,0.34358573,external_test,Normal,124.0,adaptive_feather,123,C:\Users\USER\Desktop\Articulo\Datasets\MESSIDOR2\adaptive_feather\r224\20060410_44934_0200_PP.png,direct_exact
EYEPACS,MESSIDOR2,20060410_44953_0200_PP.png,1,2,0.19833183,0.17828563,0.49245375,0.11139088,0.019537954,0.49245375,external_test,Normal,128.0,adaptive_feather,123,C:\Users\USER\Desktop\Articulo\Datasets\MESSIDOR2\adaptive_feather\r224\20060410_44953_0200_PP.png,direct_exact
EYEPACS,MESSIDOR2,20060410_45167_0200_PP.png,0,2,0.15284546,0.106505975,0.32357663,0.29931253,0.11775939,0.32357663,external_test,Bright,132.0,adaptive_feather,123,C:\Users\USER\Desktop\Articulo\Datasets\MESSIDOR2\adaptive_feather\r224\20060410_45167_0200_PP.png,direct_exact
EYEPACS,MESSIDOR2,20060410_45188_0200_PP.png,0,0,0.30235696,0.13360882,0.24123086,0.110067286,0.21273609,0.30235696,external_test,Bright,135.0,adaptive_feather,123,C:\Users\USER\Desktop\Articulo\Datasets\MESSIDOR2\adaptive_feather\r224\20060410_45188_0200_PP.png,direct_exact
EYEPACS,MESSIDOR2,20060410_46874_0200_PP.png,1,2,0.2771677,0.18297891,0.38829228,0.090721905,0.060839243,0.38829228,external_test,Normal,124.0,adaptive_feather,123,C:\Users\USER\Desktop\Articulo\Datasets\MESSIDOR2\adaptive_feather\r224\20060410_46874_0200_PP.png,direct_exact
EYEPACS,MESSIDOR2,20060410_46893_0200_PP.png,1,0,0.36526996,0.18852231,0.36040267,0.05089393,0.034911122,0.36526996,external_test,Normal,121.0,adaptive_feather,123,C:\Users\USER\Desktop\Articulo\Datasets\MESSIDOR2\adaptive_feather\r224\20060410_46893_0200_PP.png,direct_exact
EYEPACS,MESSIDOR2,20060410_47016_0200_PP.png,1,0,0.32191697,0.28937432,0.31513274,0.042776216,0.030799717,0.32191697,external_test,Bright,152.0,adaptive_feather,123,C:\Users\USER\Desktop\Articulo\Datasets\MESSIDOR2\adaptive_feather\r224\20060410_47016_0200_PP.png,direct_exact
EYEPACS,MESSIDOR2,20060410_47042_0200_PP.png,2,2,0.19343343,0.11299128,0.3219789,0.17089151,0.20070481,0.3219789,external_test,Bright,148.0,adaptive_feather,123,C:\Users\USER\Desktop\Articulo\Datasets\MESSIDOR2\adaptive_feather\r224\20060410_47042_0200_PP.png,direct_exact
EYEPACS,MESSIDOR2,20060410_47166_0200_PP.png,1,2,0.28690907,0.21351236,0.457016,0.034418903,0.008143706,0.457016,external_test,Normal,120.0,adaptive_feather,123,C:\Users\USER\Desktop\Articulo\Datasets\MESSIDOR2\adaptive_feather\r224\20060410_47166_0200_PP.png,direct_exact
EYEPACS,MESSIDOR2,20060410_47186_0200_PP.png,0,1,0.2533775,0.33459175,0.3320717,0.06932856,0.010630469,0.33459175,external_test,Normal,119.0,adaptive_feather,123,C:\Users\USER\Desktop\Articulo\Datasets\MESSIDOR2\adaptive_feather\r224\20060410_47186_0200_PP.png,direct_exact
EYEPACS,MESSIDOR2,20060410_47331_0200_PP.png,1,1,0.31357569,0.34443986,0.3025244,0.03348978,0.0059702513,0.34443986,external_test,Bright,135.0,adaptive_feather,123,C:\Users\USER\Desktop\Articulo\Datasets\MESSIDOR2\adaptive_feather\r224\20060410_47331_0200_PP.png,direct_exact
EYEPACS,MESSIDOR2,20060410_47351_0200_PP.png,2,0,0.4297553,0.15226337,0.36357477,0.04232662,0.01207991,0.4297553,external_test,Normal,127.0,adaptive_feather,123,C:\Users\USER\Desktop\Articulo\Datasets\MESSIDOR2\adaptive_feather\r224\20060410_47351_0200_PP.png,direct_exact
EYEPACS,MESSIDOR2,20060411_51958_0200_PP.png,2,0,0.40086827,0.21000415,0.3021205,0.056941625,0.030065384,0.40086827,external_test,Bright,134.0,adaptive_feather,123,C:\Users\USER\Desktop\Articulo\Datasets\MESSIDOR2\adaptive_feather\r224\20060411_51958_0200_PP.png,direct_exact
EYEPACS,MESSIDOR2,20060411_51985_0200_PP.png,2,2,0.2925947,0.1709067,0.39058354,0.10217208,0.043743,0.39058354,external_test,Bright,134.0,adaptive_feather,123,C:\Users\USER\Desktop\Articulo\Datasets\MESSIDOR2\adaptive_feather\r224\20060411_51985_0200_PP.png,direct_exact
EYEPACS,MESSIDOR2,20060411_57853_0200_PP.png,2,3,0.05871753,0.022111686,0.33149156,0.4872993,0.1003799,0.4872993,external_test,Normal,115.0,adaptive_feather,123,C:\Users\USER\Desktop\Articulo\Datasets\MESSIDOR2\adaptive_feather\r224\20060411_57853_0200_PP.png,direct_exact
EYEPACS,MESSIDOR2,20060411_57879_0200_PP.png,3,3,0.008721269,0.0069538015,0.06590167,0.74292964,0.17549361,0.74292964,external_test,Dark,102.0,adaptive_feather,123,C:\Users\USER\Desktop\Articulo\Datasets\MESSIDOR2\adaptive_feather\r224\20060411_57879_0200_PP.png,direct_exact
EYEPACS,MESSIDOR2,20060411_57962_0200_PP.png,1,2,0.31193843,0.22744802,0.41539225,0.02988801,0.015333234,0.41539225,external_test,Normal,109.0,adaptive_feather,123,C:\Users\USER\Desktop\Articulo\Datasets\MESSIDOR2\adaptive_feather\r224\20060411_57962_0200_PP.png,direct_exact
EYEPACS,MESSIDOR2,20060411_57986_0200_PP.png,1,2,0.24398798,0.27529404,0.45850492,0.017036932,0.0051761,0.45850492,external_test,Normal,112.0,adaptive_feather,123,C:\Users\USER\Desktop\Articulo\Datasets\MESSIDOR2\adaptive_feather\r224\20060411_57986_0200_PP.png,direct_exact
EYEPACS,MESSIDOR2,20060411_58051_0200_PP.png,1,0,0.4498381,0.38255247,0.1541121,0.009131967,0.0043652994,0.4498381,external_test,Normal,125.0,adaptive_feather,123,C:\Users\USER\Desktop\Articulo\Datasets\MESSIDOR2\adaptive_feather\r224\20060411_58051_0200_PP.png,direct_exact
EYEPACS,MESSIDOR2,20060411_58071_0200_PP.png,0,0,0.42483115,0.28812888,0.23782036,0.038315672,0.010903925,0.42483115,external_test,Normal,126.0,adaptive_feather,123,C:\Users\USER\Desktop\Articulo\Datasets\MESSIDOR2\adaptive_feather\r224\20060411_58071_0200_PP.png,direct_exact
EYEPACS,MESSIDOR2,20060411_58134_0200_PP.png,2,2,0.1735257,0.119349636,0.44351092,0.14767341,0.11594032,0.44351092,external_test,Bright,145.0,adaptive_feather,123,C:\Users\USER\Desktop\Articulo\Datasets\MESSIDOR2\adaptive_feather\r224\20060411_58134_0200_PP.png,direct_exact
EYEPACS,MESSIDOR2,20060411_58155_0200_PP.png,1,0,0.53373355,0.24728127,0.20191848,0.010770312,0.0062963646,0.53373355,external_test,Bright,153.0,adaptive_feather,123,C:\Users\USER\Desktop\Articulo\Datasets\MESSIDOR2\adaptive_feather\r224\20060411_58155_0200_PP.png,direct_exact
EYEPACS,MESSIDOR2,20060411_58221_0200_PP.png,2,0,0.3513724,0.28270158,0.24533354,0.10063414,0.019958347,0.3513724,external_test,Dark,104.0,adaptive_feather,123,C:\Users\USER\Desktop\Articulo\Datasets\MESSIDOR2\adaptive_feather\r224\20060411_58221_0200_PP.png,direct_exact
EYEPACS,MESSIDOR2,20060411_58238_0200_PP.png,2,2,0.26602322,0.2015748,0.42239857,0.087918706,0.022084834,0.42239857,external_test,Normal,122.0,adaptive_feather,123,C:\Users\USER\Desktop\Articulo\Datasets\MESSIDOR2\adaptive_feather\r224\20060411_58238_0200_PP.png,direct_exact
EYEPACS,MESSIDOR2,20060411_58303_0200_PP.png,2,2,0.12596536,0.23036689,0.37317732,0.2340095,0.036480945,0.37317732,external_test,Normal,123.0,adaptive_feather,123,C:\Users\USER\Desktop\Articulo\Datasets\MESSIDOR2\adaptive_feather\r224\20060411_58303_0200_PP.png,direct_exact
EYEPACS,MESSIDOR2,20060411_58328_0200_PP.png,2,2,0.13664865,0.17221746,0.45327452,0.20279966,0.035059616,0.45327452,external_test,Normal,113.0,adaptive_feather,123,C:\Users\USER\Desktop\Articulo\Datasets\MESSIDOR2\adaptive_feather\r224\20060411_58328_0200_PP.png,direct_exact
EYEPACS,MESSIDOR2,20060411_58392_0200_PP.png,0,2,0.23259062,0.18352127,0.4357024,0.09109865,0.057087064,0.4357024,external_test,Bright,136.0,adaptive_feather,123,C:\Users\USER\Desktop\Articulo\Datasets\MESSIDOR2\adaptive_feather\r224\20060411_58392_0200_PP.png,direct_exact
EYEPACS,MESSIDOR2,20060411_58413_0200_PP.png,0,2,0.2579215,0.13829896,0.544715,0.046793,0.012271549,0.544715,external_test,Normal,129.0,adaptive_feather,123,C:\Users\USER\Desktop\Articulo\Datasets\MESSIDOR2\adaptive_feather\r224\20060411_58413_0200_PP.png,direct_exact
EYEPACS,MESSIDOR2,20060411_58469_0200_PP.png,0,0,0.4385849,0.41595823,0.13293134,0.0052059903,0.0073196157,0.4385849,external_test,Dark,108.0,adaptive_feather,123,C:\Users\USER\Desktop\Articulo\Datasets\MESSIDOR2\adaptive_feather\r224\20060411_58469_0200_PP.png,direct_exact
EYEPACS,MESSIDOR2,20060411_58494_0200_PP.png,0,1,0.41037342,0.46877906,0.11501713,0.0023799536,0.0034504454,0.46877906,external_test,Dark,108.0,adaptive_feather,123,C:\Users\USER\Desktop\Articulo\Datasets\MESSIDOR2\adaptive_feather\r224\20060411_58494_0200_PP.png,direct_exact
EYEPACS,MESSIDOR2,20060411_58571_0200_PP.png,0,4,0.07521836,0.051267527,0.032211367,0.30739608,0.53390664,0.53390664,external_test,Bright,151.0,adaptive_feather,123,C:\Users\USER\Desktop\Articulo\Datasets\MESSIDOR2\adaptive_feather\r224\20060411_58571_0200_PP.png,direct_exact
EYEPACS,MESSIDOR2,20060411_58624_0200_PP.png,2,0,0.37988752,0.13774538,0.370845,0.06457388,0.04694825,0.37988752,external_test,Bright,144.0,adaptive_feather,123,C:\Users\USER\Desktop\Articulo\Datasets\MESSIDOR2\adaptive_feather\r224\20060411_58624_0200_PP.png,direct_exact
EYEPACS,MESSIDOR2,20060411_58644_0200_PP.png,0,0,0.5035178,0.13146819,0.3037444,0.021651916,0.03961768,0.5035178,external_test,Bright,141.0,adaptive_feather,123,C:\Users\USER\Desktop\Articulo\Datasets\MESSIDOR2\adaptive_feather\r224\20060411_58644_0200_PP.png,direct_exact
EYEPACS,MESSIDOR2,20060411_58718_0200_PP.png,1,2,0.28958508,0.12031636,0.50773734,0.059906192,0.022455007,0.50773734,external_test,Bright,132.0,adaptive_feather,123,C:\Users\USER\Desktop\Articulo\Datasets\MESSIDOR2\adaptive_feather\r224\20060411_58718_0200_PP.png,direct_exact
EYEPACS,MESSIDOR2,20060411_58736_0200_PP.png,1,0,0.44121635,0.12965113,0.3934219,0.02638287,0.009327738,0.44121635,external_test,Bright,135.0,adaptive_feather,123,C:\Users\USER\Desktop\Articulo\Datasets\MESSIDOR2\adaptive_feather\r224\20060411_58736_0200_PP.png,direct_exact
EYEPACS,MESSIDOR2,20060411_58808_0200_PP.png,0,0,0.54043597,0.29940078,0.13582043,0.02025323,0.004089564,0.54043597,external_test,Bright,133.0,adaptive_feather,123,C:\Users\USER\Desktop\Articulo\Datasets\MESSIDOR2\adaptive_feather\r224\20060411_58808_0200_PP.png,direct_exact
EYEPACS,MESSIDOR2,20060411_58829_0200_PP.png,0,0,0.58299506,0.1882519,0.18551002,0.033688296,0.00955464,0.58299506,external_test,Bright,134.0,adaptive_feather,123,C:\Users\USER\Desktop\Articulo\Datasets\MESSIDOR2\adaptive_feather\r224\20060411_58829_0200_PP.png,direct_exact
EYEPACS,MESSIDOR2,20060411_58891_0200_PP.png,0,0,0.42096117,0.35055116,0.18790233,0.034747895,0.0058375597,0.42096117,external_test,Normal,119.0,adaptive_feather,123,C:\Users\USER\Desktop\Articulo\Datasets\MESSIDOR2\adaptive_feather\r224\20060411_58891_0200_PP.png,direct_exact
EYEPACS,MESSIDOR2,20060411_58913_0200_PP.png,0,2,0.3220872,0.24911436,0.37724328,0.042592447,0.008962719,0.37724328,external_test,Normal,119.0,adaptive_feather,123,C:\Users\USER\Desktop\Articulo\Datasets\MESSIDOR2\adaptive_feather\r224\20060411_58913_0200_PP.png,direct_exact
EYEPACS,MESSIDOR2,20060411_58971_0200_PP.png,1,1,0.29260662,0.35278648,0.24053563,0.071761765,0.042309504,0.35278648,external_test,Bright,135.0,adaptive_feather,123,C:\Users\USER\Desktop\Articulo\Datasets\MESSIDOR2\adaptive_feather\r224\20060411_58971_0200_PP.png,direct_exact
EYEPACS,MESSIDOR2,20060411_58993_0200_PP.png,1,1,0.35741872,0.38695967,0.2284352,0.013626009,0.013560338,0.38695967,external_test,Bright,135.0,adaptive_feather,123,C:\Users\USER\Desktop\Articulo\Datasets\MESSIDOR2\adaptive_feather\r224\20060411_58993_0200_PP.png,direct_exact
EYEPACS,MESSIDOR2,20060411_59062_0200_PP.png,2,0,0.36241516,0.21002662,0.31457493,0.054102674,0.05888064,0.36241516,external_test,Bright,153.0,adaptive_feather,123,C:\Users\USER\Desktop\Articulo\Datasets\MESSIDOR2\adaptive_feather\r224\20060411_59062_0200_PP.png,direct_exact
EYEPACS,MESSIDOR2,20060411_59087_0200_PP.png,2,2,0.2462376,0.24417298,0.2921915,0.15830347,0.059094407,0.2921915,external_test,Bright,150.0,adaptive_feather,123,C:\Users\USER\Desktop\Articulo\Datasets\MESSIDOR2\adaptive_feather\r224\20060411_59087_0200_PP.png,direct_exact
EYEPACS,MESSIDOR2,20060411_59176_0200_PP.png,2,2,0.08092134,0.059109632,0.644535,0.16160485,0.053829152,0.644535,external_test,Dark,107.0,adaptive_feather,123,C:\Users\USER\Desktop\Articulo\Datasets\MESSIDOR2\adaptive_feather\r224\20060411_59176_0200_PP.png,direct_exact
EYEPACS,MESSIDOR2,20060411_59190_0200_PP.png,2,2,0.06310672,0.039867647,0.5803048,0.2555219,0.061198976,0.5803048,external_test,Normal,109.0,adaptive_feather,123,C:\Users\USER\Desktop\Articulo\Datasets\MESSIDOR2\adaptive_feather\r224\20060411_59190_0200_PP.png,direct_exact
EYEPACS,MESSIDOR2,20060411_59549_0200_PP.png,2,0,0.48616603,0.3071799,0.16979931,0.034062088,0.002792699,0.48616603,external_test,Bright,147.0,adaptive_feather,123,C:\Users\USER\Desktop\Articulo\Datasets\MESSIDOR2\adaptive_feather\r224\20060411_59549_0200_PP.png,direct_exact
EYEPACS,MESSIDOR2,20060411_59587_0200_PP.png,1,0,0.36971605,0.28192964,0.27508935,0.058995087,0.014269854,0.36971605,external_test,Bright,142.0,adaptive_feather,123,C:\Users\USER\Desktop\Articulo\Datasets\MESSIDOR2\adaptive_feather\r224\20060411_59587_0200_PP.png,direct_exact
EYEPACS,MESSIDOR2,20060411_59638_0200_PP.png,2,0,0.4443322,0.251352,0.250367,0.03552373,0.018424945,0.4443322,external_test,Bright,157.0,adaptive_feather,123,C:\Users\USER\Desktop\Articulo\Datasets\MESSIDOR2\adaptive_feather\r224\20060411_59638_0200_PP.png,direct_exact
EYEPACS,MESSIDOR2,20060411_59657_0200_PP.png,1,0,0.49318284,0.30372682,0.15456589,0.039895847,0.008628693,0.49318284,external_test,Bright,157.0,adaptive_feather,123,C:\Users\USER\Desktop\Articulo\Datasets\MESSIDOR2\adaptive_feather\r224\20060411_59657_0200_PP.png,direct_exact
EYEPACS,MESSIDOR2,20060411_59728_0200_PP.png,2,0,0.5395127,0.17737977,0.25673023,0.018789154,0.0075881085,0.5395127,external_test,Bright,146.0,adaptive_feather,123,C:\Users\USER\Desktop\Articulo\Datasets\MESSIDOR2\adaptive_feather\r224\20060411_59728_0200_PP.png,direct_exact
EYEPACS,MESSIDOR2,20060411_59747_0200_PP.png,2,0,0.35238147,0.34939778,0.269534,0.02528399,0.0034027721,0.35238147,external_test,Bright,148.0,adaptive_feather,123,C:\Users\USER\Desktop\Articulo\Datasets\MESSIDOR2\adaptive_feather\r224\20060411_59747_0200_PP.png,direct_exact
EYEPACS,MESSIDOR2,20060411_59812_0200_PP.png,2,4,0.07121937,0.09203066,0.07167377,0.1418457,0.62323046,0.62323046,external_test,VeryBright,171.0,adaptive_feather,123,C:\Users\USER\Desktop\Articulo\Datasets\MESSIDOR2\adaptive_feather\r224\20060411_59812_0200_PP.png,direct_exact
EYEPACS,MESSIDOR2,20060411_59859_0200_PP.png,2,4,0.10905692,0.10223069,0.19140114,0.15846965,0.43884158,0.43884158,external_test,VeryBright,167.0,adaptive_feather,123,C:\Users\USER\Desktop\Articulo\Datasets\MESSIDOR2\adaptive_feather\r224\20060411_59859_0200_PP.png,direct_exact
EYEPACS,MESSIDOR2,20060411_59919_0200_PP.png,2,0,0.4026231,0.21092881,0.3059216,0.046561334,0.033965196,0.4026231,external_test,Bright,143.0,adaptive_feather,123,C:\Users\USER\Desktop\Articulo\Datasets\MESSIDOR2\adaptive_feather\r224\20060411_59919_0200_PP.png,direct_exact
EYEPACS,MESSIDOR2,20060411_59941_0200_PP.png,1,0,0.4807374,0.16787386,0.30826965,0.02320599,0.019913038,0.4807374,external_test,Bright,147.0,adaptive_feather,123,C:\Users\USER\Desktop\Articulo\Datasets\MESSIDOR2\adaptive_feather\r224\20060411_59941_0200_PP.png,direct_exact
EYEPACS,MESSIDOR2,20060411_60009_0200_PP.png,2,0,0.54578227,0.26663956,0.17064607,0.014712923,0.002219117,0.54578227,external_test,Bright,158.0,adaptive_feather,123,C:\Users\USER\Desktop\Articulo\Datasets\MESSIDOR2\adaptive_feather\r224\20060411_60009_0200_PP.png,direct_exact
EYEPACS,MESSIDOR2,20060411_60028_0200_PP.png,1,0,0.53283995,0.2605369,0.19149251,0.012684693,0.002445965,0.53283995,external_test,Bright,159.0,adaptive_feather,123,C:\Users\USER\Desktop\Articulo\Datasets\MESSIDOR2\adaptive_feather\r224\20060411_60028_0200_PP.png,direct_exact
EYEPACS,MESSIDOR2,20060411_60263_0200_PP.png,2,2,0.31868324,0.20772527,0.37740272,0.07136097,0.024827886,0.37740272,external_test,Bright,154.0,adaptive_feather,123,C:\Users\USER\Desktop\Articulo\Datasets\MESSIDOR2\adaptive_feather\r224\20060411_60263_0200_PP.png,direct_exact
EYEPACS,MESSIDOR2,20060411_60283_0200_PP.png,2,0,0.42602155,0.26370937,0.27693555,0.029079344,0.004254233,0.42602155,external_test,Bright,159.0,adaptive_feather,123,C:\Users\USER\Desktop\Articulo\Datasets\MESSIDOR2\adaptive_feather\r224\20060411_60283_0200_PP.png,direct_exact
EYEPACS,MESSIDOR2,20060411_60347_0200_PP.png,1,1,0.29402748,0.42015758,0.24944676,0.032368932,0.003999292,0.42015758,external_test,Normal,129.0,adaptive_feather,123,C:\Users\USER\Desktop\Articulo\Datasets\MESSIDOR2\adaptive_feather\r224\20060411_60347_0200_PP.png,direct_exact
EYEPACS,MESSIDOR2,20060411_60368_0200_PP.png,1,2,0.26682284,0.18599238,0.4192833,0.10090145,0.027000029,0.4192833,external_test,Normal,126.0,adaptive_feather,123,C:\Users\USER\Desktop\Articulo\Datasets\MESSIDOR2\adaptive_feather\r224\20060411_60368_0200_PP.png,direct_exact
EYEPACS,MESSIDOR2,20060411_60426_0200_PP.png,2,2,0.1908945,0.13118991,0.6005089,0.055810113,0.021596584,0.6005089,external_test,Bright,142.0,adaptive_feather,123,C:\Users\USER\Desktop\Articulo\Datasets\MESSIDOR2\adaptive_feather\r224\20060411_60426_0200_PP.png,direct_exact
EYEPACS,MESSIDOR2,20060411_60446_0200_PP.png,1,2,0.18985988,0.17809837,0.41490346,0.10044883,0.11668943,0.41490346,external_test,Bright,141.0,adaptive_feather,123,C:\Users\USER\Desktop\Articulo\Datasets\MESSIDOR2\adaptive_feather\r224\20060411_60446_0200_PP.png,direct_exact
EYEPACS,MESSIDOR2,20060411_60511_0200_PP.png,0,0,0.58364064,0.26691383,0.13884684,0.0065622167,0.00403645,0.58364064,external_test,Bright,140.0,adaptive_feather,123,C:\Users\USER\Desktop\Articulo\Datasets\MESSIDOR2\adaptive_feather\r224\20060411_60511_0200_PP.png,direct_exact
EYEPACS,MESSIDOR2,20060411_60533_0200_PP.png,1,0,0.4886748,0.27525482,0.22773968,0.0058899377,0.0024408724,0.4886748,external_test,Bright,142.0,adaptive_feather,123,C:\Users\USER\Desktop\Articulo\Datasets\MESSIDOR2\adaptive_feather\r224\20060411_60533_0200_PP.png,direct_exact
EYEPACS,MESSIDOR2,20060411_61029_0200_PP.png,1,0,0.52908117,0.17544518,0.28657255,0.0054504517,0.0034506805,0.52908117,external_test,Bright,150.0,adaptive_feather,123,C:\Users\USER\Desktop\Articulo\Datasets\MESSIDOR2\adaptive_feather\r224\20060411_61029_0200_PP.png,direct_exact
EYEPACS,MESSIDOR2,20060411_61060_0200_PP.png,1,2,0.29828814,0.14341448,0.44490296,0.0597206,0.053673826,0.44490296,external_test,Bright,148.0,adaptive_feather,123,C:\Users\USER\Desktop\Articulo\Datasets\MESSIDOR2\adaptive_feather\r224\20060411_61060_0200_PP.png,direct_exact
EYEPACS,MESSIDOR2,20060411_61196_0200_PP.png,2,2,0.19509141,0.18118034,0.49356994,0.10408255,0.026075758,0.49356994,external_test,Bright,131.0,adaptive_feather,123,C:\Users\USER\Desktop\Articulo\Datasets\MESSIDOR2\adaptive_feather\r224\20060411_61196_0200_PP.png,direct_exact
EYEPACS,MESSIDOR2,20060411_61214_0200_PP.png,2,2,0.06851971,0.05402302,0.41554222,0.38922167,0.0726934,0.41554222,external_test,Bright,131.0,adaptive_feather,123,C:\Users\USER\Desktop\Articulo\Datasets\MESSIDOR2\adaptive_feather\r224\20060411_61214_0200_PP.png,direct_exact
EYEPACS,MESSIDOR2,20060411_61402_0200_PP.png,2,0,0.42507145,0.22888686,0.33512333,0.008057406,0.0028609557,0.42507145,external_test,Bright,137.0,adaptive_feather,123,C:\Users\USER\Desktop\Articulo\Datasets\MESSIDOR2\adaptive_feather\r224\20060411_61402_0200_PP.png,direct_exact
EYEPACS,MESSIDOR2,20060411_61419_0200_PP.png,2,0,0.41971886,0.17153129,0.3524027,0.032516066,0.02383103,0.41971886,external_test,Bright,132.0,adaptive_feather,123,C:\Users\USER\Desktop\Articulo\Datasets\MESSIDOR2\adaptive_feather\r224\20060411_61419_0200_PP.png,direct_exact
EYEPACS,MESSIDOR2,20060411_61478_0200_PP.png,3,2,0.25532836,0.1280024,0.46034938,0.09432017,0.061999705,0.46034938,external_test,Normal,128.0,adaptive_feather,123,C:\Users\USER\Desktop\Articulo\Datasets\MESSIDOR2\adaptive_feather\r224\20060411_61478_0200_PP.png,direct_exact
EYEPACS,MESSIDOR2,20060411_61494_0200_PP.png,2,2,0.22864725,0.09660284,0.23984478,0.22927426,0.20563078,0.23984478,external_test,Bright,131.0,adaptive_feather,123,C:\Users\USER\Desktop\Articulo\Datasets\MESSIDOR2\adaptive_feather\r224\20060411_61494_0200_PP.png,direct_exact
EYEPACS,MESSIDOR2,20060411_61548_0200_PP.png,1,0,0.49431315,0.36434302,0.124196105,0.011230077,0.005917665,0.49431315,external_test,Bright,155.0,adaptive_feather,123,C:\Users\USER\Desktop\Articulo\Datasets\MESSIDOR2\adaptive_feather\r224\20060411_61548_0200_PP.png,direct_exact
EYEPACS,MESSIDOR2,20060411_61564_0200_PP.png,1,0,0.46764675,0.2570644,0.21883294,0.026834136,0.029621685,0.46764675,external_test,Bright,156.0,adaptive_feather,123,C:\Users\USER\Desktop\Articulo\Datasets\MESSIDOR2\adaptive_feather\r224\20060411_61564_0200_PP.png,direct_exact
EYEPACS,MESSIDOR2,20060411_61624_0200_PP.png,3,3,0.008117574,0.004397683,0.1523029,0.6888574,0.1463245,0.6888574,external_test,Normal,127.0,adaptive_feather,123,C:\Users\USER\Desktop\Articulo\Datasets\MESSIDOR2\adaptive_feather\r224\20060411_61624_0200_PP.png,direct_exact
EYEPACS,MESSIDOR2,20060411_61641_0200_PP.png,2,4,0.06613498,0.02293099,0.19430144,0.34440804,0.37222454,0.37222454,external_test,Bright,130.0,adaptive_feather,123,C:\Users\USER\Desktop\Articulo\Datasets\MESSIDOR2\adaptive_feather\r224\20060411_61641_0200_PP.png,direct_exact
EYEPACS,MESSIDOR2,20060411_61687_0200_PP.png,0,0,0.43752986,0.2676941,0.18473108,0.07498041,0.035064507,0.43752986,external_test,Bright,132.0,adaptive_feather,123,C:\Users\USER\Desktop\Articulo\Datasets\MESSIDOR2\adaptive_feather\r224\20060411_61687_0200_PP.png,direct_exact
EYEPACS,MESSIDOR2,20060411_61702_0200_PP.png,0,0,0.4043459,0.2747316,0.1443317,0.10752204,0.06906878,0.4043459,external_test,Normal,110.0,adaptive_feather,123,C:\Users\USER\Desktop\Articulo\Datasets\MESSIDOR2\adaptive_feather\r224\20060411_61702_0200_PP.png,direct_exact
EYEPACS,MESSIDOR2,20060411_61781_0200_PP.png,2,2,0.10292812,0.17506386,0.52242243,0.154167,0.045418605,0.52242243,external_test,Normal,126.0,adaptive_feather,123,C:\Users\USER\Desktop\Articulo\Datasets\MESSIDOR2\adaptive_feather\r224\20060411_61781_0200_PP.png,direct_exact
EYEPACS,MESSIDOR2,20060411_61808_0200_PP.png,2,2,0.078170426,0.06716902,0.58931077,0.22841425,0.03693558,0.58931077,external_test,Normal,125.0,adaptive_feather,123,C:\Users\USER\Desktop\Articulo\Datasets\MESSIDOR2\adaptive_feather\r224\20060411_61808_0200_PP.png,direct_exact
EYEPACS,MESSIDOR2,20060411_61869_0200_PP.png,0,1,0.39360332,0.44461566,0.1472029,0.013608762,0.00096926256,0.44461566,external_test,Bright,147.0,adaptive_feather,123,C:\Users\USER\Desktop\Articulo\Datasets\MESSIDOR2\adaptive_feather\r224\20060411_61869_0200_PP.png,direct_exact
EYEPACS,MESSIDOR2,20060411_61901_0200_PP.png,0,0,0.48085877,0.3279951,0.17006834,0.01246922,0.008608633,0.48085877,external_test,Normal,122.0,adaptive_feather,123,C:\Users\USER\Desktop\Articulo\Datasets\MESSIDOR2\adaptive_feather\r224\20060411_61901_0200_PP.png,direct_exact
EYEPACS,MESSIDOR2,20060411_61952_0200_PP.png,1,0,0.49927893,0.2883096,0.18839076,0.019799456,0.0042212824,0.49927893,external_test,Bright,163.0,adaptive_feather,123,C:\Users\USER\Desktop\Articulo\Datasets\MESSIDOR2\adaptive_feather\r224\20060411_61952_0200_PP.png,direct_exact
EYEPACS,MESSIDOR2,20060411_61979_0200_PP.png,1,0,0.64221525,0.18788049,0.15963803,0.008629358,0.0016368018,0.64221525,external_test,Bright,162.0,adaptive_feather,123,C:\Users\USER\Desktop\Articulo\Datasets\MESSIDOR2\adaptive_feather\r224\20060411_61979_0200_PP.png,direct_exact
EYEPACS,MESSIDOR2,20060411_62036_0200_PP.png,0,2,0.30451223,0.29541388,0.32582557,0.0658122,0.008436069,0.32582557,external_test,Normal,123.0,adaptive_feather,123,C:\Users\USER\Desktop\Articulo\Datasets\MESSIDOR2\adaptive_feather\r224\20060411_62036_0200_PP.png,direct_exact
EYEPACS,MESSIDOR2,20060411_62058_0200_PP.png,0,0,0.38285798,0.26616353,0.31456825,0.028107442,0.008302764,0.38285798,external_test,Normal,124.0,adaptive_feather,123,C:\Users\USER\Desktop\Articulo\Datasets\MESSIDOR2\adaptive_feather\r224\20060411_62058_0200_PP.png,direct_exact
EYEPACS,MESSIDOR2,20060411_62142_0200_PP.png,1,0,0.47851843,0.26765794,0.21703748,0.034044757,0.002741368,0.47851843,external_test,Bright,160.0,adaptive_feather,123,C:\Users\USER\Desktop\Articulo\Datasets\MESSIDOR2\adaptive_feather\r224\20060411_62142_0200_PP.png,direct_exact
EYEPACS,MESSIDOR2,20060411_62162_0200_PP.png,0,0,0.4973321,0.19607028,0.22223142,0.06292027,0.021445923,0.4973321,external_test,Bright,155.0,adaptive_feather,123,C:\Users\USER\Desktop\Articulo\Datasets\MESSIDOR2\adaptive_feather\r224\20060411_62162_0200_PP.png,direct_exact
EYEPACS,MESSIDOR2,20060411_62228_0200_PP.png,1,0,0.50152576,0.31830055,0.1723178,0.0038105557,0.004045348,0.50152576,external_test,Normal,127.0,adaptive_feather,123,C:\Users\USER\Desktop\Articulo\Datasets\MESSIDOR2\adaptive_feather\r224\20060411_62228_0200_PP.png,direct_exact
EYEPACS,MESSIDOR2,20060411_62250_0200_PP.png,1,0,0.43811595,0.20164216,0.3241798,0.010920764,0.025141258,0.43811595,external_test,Normal,126.0,adaptive_feather,123,C:\Users\USER\Desktop\Articulo\Datasets\MESSIDOR2\adaptive_feather\r224\20060411_62250_0200_PP.png,direct_exact
EYEPACS,MESSIDOR2,20060411_62298_0200_PP.png,2,3,0.03701616,0.062650666,0.16610152,0.54538906,0.18884264,0.54538906,external_test,Bright,138.0,adaptive_feather,123,C:\Users\USER\Desktop\Articulo\Datasets\MESSIDOR2\adaptive_feather\r224\20060411_62298_0200_PP.png,direct_exact
EYEPACS,MESSIDOR2,20060411_62319_0200_PP.png,2,0,0.3063357,0.28599334,0.18606673,0.14049895,0.08110529,0.3063357,external_test,Normal,112.0,adaptive_feather,123,C:\Users\USER\Desktop\Articulo\Datasets\MESSIDOR2\adaptive_feather\r224\20060411_62319_0200_PP.png,direct_exact
EYEPACS,MESSIDOR2,20060411_62373_0200_PP.png,3,2,0.07277502,0.03832604,0.5309103,0.22217402,0.13581462,0.5309103,external_test,Bright,144.0,adaptive_feather,123,C:\Users\USER\Desktop\Articulo\Datasets\MESSIDOR2\adaptive_feather\r224\20060411_62373_0200_PP.png,direct_exact
EYEPACS,MESSIDOR2,20060411_62390_0200_PP.png,3,2,0.10656344,0.054903407,0.51467615,0.24690215,0.076954894,0.51467615,external_test,Bright,146.0,adaptive_feather,123,C:\Users\USER\Desktop\Articulo\Datasets\MESSIDOR2\adaptive_feather\r224\20060411_62390_0200_PP.png,direct_exact
EYEPACS,MESSIDOR2,20060412_51656_0200_PP.png,1,2,0.39583987,0.117211245,0.4048833,0.0610046,0.02106096,0.4048833,external_test,Normal,116.0,adaptive_feather,123,C:\Users\USER\Desktop\Articulo\Datasets\MESSIDOR2\adaptive_feather\r224\20060412_51656_0200_PP.png,direct_exact
EYEPACS,MESSIDOR2,20060412_51677_0200_PP.png,2,0,0.46527508,0.16026746,0.34234494,0.02107948,0.011032961,0.46527508,external_test,Normal,120.0,adaptive_feather,123,C:\Users\USER\Desktop\Articulo\Datasets\MESSIDOR2\adaptive_feather\r224\20060412_51677_0200_PP.png,direct_exact
EYEPACS,MESSIDOR2,20060412_51746_0200_PP.png,2,2,0.15176176,0.07837222,0.5571776,0.16623177,0.046456706,0.5571776,external_test,Bright,140.0,adaptive_feather,123,C:\Users\USER\Desktop\Articulo\Datasets\MESSIDOR2\adaptive_feather\r224\20060412_51746_0200_PP.png,direct_exact
EYEPACS,MESSIDOR2,20060412_51775_0200_PP.png,1,0,0.54028463,0.22983743,0.21924086,0.006199656,0.0044373753,0.54028463,external_test,Bright,143.0,adaptive_feather,123,C:\Users\USER\Desktop\Articulo\Datasets\MESSIDOR2\adaptive_feather\r224\20060412_51775_0200_PP.png,direct_exact
EYEPACS,MESSIDOR2,20060412_51835_0200_PP.png,0,2,0.20086703,0.19930068,0.4747244,0.053930826,0.07117712,0.4747244,external_test,Bright,143.0,adaptive_feather,123,C:\Users\USER\Desktop\Articulo\Datasets\MESSIDOR2\adaptive_feather\r224\20060412_51835_0200_PP.png,direct_exact
EYEPACS,MESSIDOR2,20060412_51860_0200_PP.png,0,2,0.21703549,0.20908666,0.46182033,0.046730224,0.06532734,0.46182033,external_test,Bright,141.0,adaptive_feather,123,C:\Users\USER\Desktop\Articulo\Datasets\MESSIDOR2\adaptive_feather\r224\20060412_51860_0200_PP.png,direct_exact
EYEPACS,MESSIDOR2,20060412_51932_0200_PP.png,2,0,0.45054752,0.34696662,0.16877992,0.02167852,0.012027347,0.45054752,external_test,Bright,135.0,adaptive_feather,123,C:\Users\USER\Desktop\Articulo\Datasets\MESSIDOR2\adaptive_feather\r224\20060412_51932_0200_PP.png,direct_exact
EYEPACS,MESSIDOR2,20060412_51952_0200_PP.png,3,3,0.0570679,0.017859185,0.14628178,0.58548,0.19331118,0.58548,external_test,Bright,138.0,adaptive_feather,123,C:\Users\USER\Desktop\Articulo\Datasets\MESSIDOR2\adaptive_feather\r224\20060412_51952_0200_PP.png,direct_exact
EYEPACS,MESSIDOR2,20060412_52020_0200_PP.png,1,2,0.31386608,0.20826645,0.41749892,0.04597019,0.014398294,0.41749892,external_test,Bright,134.0,adaptive_feather,123,C:\Users\USER\Desktop\Articulo\Datasets\MESSIDOR2\adaptive_feather\r224\20060412_52020_0200_PP.png,direct_exact
EYEPACS,MESSIDOR2,20060412_52038_0200_PP.png,2,2,0.112519294,0.12535527,0.36261097,0.34230122,0.057213224,0.36261097,external_test,Bright,133.0,adaptive_feather,123,C:\Users\USER\Desktop\Articulo\Datasets\MESSIDOR2\adaptive_feather\r224\20060412_52038_0200_PP.png,direct_exact
EYEPACS,MESSIDOR2,20060412_52098_0200_PP.png,0,2,0.24946429,0.21055342,0.4147537,0.10751454,0.017714068,0.4147537,external_test,Normal,128.0,adaptive_feather,123,C:\Users\USER\Desktop\Articulo\Datasets\MESSIDOR2\adaptive_feather\r224\20060412_52098_0200_PP.png,direct_exact
EYEPACS,MESSIDOR2,20060412_52122_0200_PP.png,2,0,0.54811555,0.26063168,0.18420437,0.004227168,0.0028212217,0.54811555,external_test,Bright,131.0,adaptive_feather,123,C:\Users\USER\Desktop\Articulo\Datasets\MESSIDOR2\adaptive_feather\r224\20060412_52122_0200_PP.png,direct_exact
EYEPACS,MESSIDOR2,20060412_52174_0200_PP.png,2,0,0.6090194,0.266606,0.10662195,0.014307656,0.0034449669,0.6090194,external_test,Normal,125.0,adaptive_feather,123,C:\Users\USER\Desktop\Articulo\Datasets\MESSIDOR2\adaptive_feather\r224\20060412_52174_0200_PP.png,direct_exact
EYEPACS,MESSIDOR2,20060412_52194_0200_PP.png,2,0,0.6214031,0.1888036,0.17469278,0.0123395,0.0027609882,0.6214031,external_test,Bright,135.0,adaptive_feather,123,C:\Users\USER\Desktop\Articulo\Datasets\MESSIDOR2\adaptive_feather\r224\20060412_52194_0200_PP.png,direct_exact
EYEPACS,MESSIDOR2,20060412_52245_0200_PP.png,2,0,0.44103187,0.2516542,0.23275635,0.04618175,0.028375804,0.44103187,external_test,Bright,163.0,adaptive_feather,123,C:\Users\USER\Desktop\Articulo\Datasets\MESSIDOR2\adaptive_feather\r224\20060412_52245_0200_PP.png,direct_exact
EYEPACS,MESSIDOR2,20060412_52271_0200_PP.png,2,0,0.6192116,0.18811001,0.15733443,0.030654337,0.0046895985,0.6192116,external_test,Bright,159.0,adaptive_feather,123,C:\Users\USER\Desktop\Articulo\Datasets\MESSIDOR2\adaptive_feather\r224\20060412_52271_0200_PP.png,direct_exact
EYEPACS,MESSIDOR2,20060412_52351_0200_PP.png,0,0,0.47769812,0.15349288,0.2848709,0.08162641,0.002311834,0.47769812,external_test,Bright,152.0,adaptive_feather,123,C:\Users\USER\Desktop\Articulo\Datasets\MESSIDOR2\adaptive_feather\r224\20060412_52351_0200_PP.png,direct_exact
EYEPACS,MESSIDOR2,20060412_52371_0200_PP.png,0,0,0.69605714,0.15874033,0.12033862,0.01875934,0.006104565,0.69605714,external_test,Bright,160.0,adaptive_feather,123,C:\Users\USER\Desktop\Articulo\Datasets\MESSIDOR2\adaptive_feather\r224\20060412_52371_0200_PP.png,direct_exact
EYEPACS,MESSIDOR2,20060412_52425_0200_PP.png,0,1,0.32481542,0.50021136,0.16398619,0.008300668,0.0026863825,0.50021136,external_test,Normal,113.0,adaptive_feather,123,C:\Users\USER\Desktop\Articulo\Datasets\MESSIDOR2\adaptive_feather\r224\20060412_52425_0200_PP.png,direct_exact
EYEPACS,MESSIDOR2,20060412_52446_0200_PP.png,0,0,0.39906722,0.33302775,0.24993192,0.014941343,0.0030317476,0.39906722,external_test,Normal,114.0,adaptive_feather,123,C:\Users\USER\Desktop\Articulo\Datasets\MESSIDOR2\adaptive_feather\r224\20060412_52446_0200_PP.png,direct_exact
EYEPACS,MESSIDOR2,20060412_52497_0200_PP.png,3,3,0.045306895,0.032543425,0.29946452,0.48010248,0.14258273,0.48010248,external_test,Bright,148.0,adaptive_feather,123,C:\Users\USER\Desktop\Articulo\Datasets\MESSIDOR2\adaptive_feather\r224\20060412_52497_0200_PP.png,direct_exact
EYEPACS,MESSIDOR2,20060412_52520_0200_PP.png,3,3,0.0023051577,0.0014526084,0.024517646,0.9416662,0.030058403,0.9416662,external_test,Bright,149.0,adaptive_feather,123,C:\Users\USER\Desktop\Articulo\Datasets\MESSIDOR2\adaptive_feather\r224\20060412_52520_0200_PP.png,direct_exact
EYEPACS,MESSIDOR2,20060412_52587_0200_PP.png,1,0,0.5948886,0.23411688,0.13887773,0.028438311,0.0036784294,0.5948886,external_test,Bright,130.0,adaptive_feather,123,C:\Users\USER\Desktop\Articulo\Datasets\MESSIDOR2\adaptive_feather\r224\20060412_52587_0200_PP.png,direct_exact
EYEPACS,MESSIDOR2,20060412_52606_0200_PP.png,0,0,0.45568988,0.24050954,0.24269351,0.047590233,0.013516716,0.45568988,external_test,Normal,129.0,adaptive_feather,123,C:\Users\USER\Desktop\Articulo\Datasets\MESSIDOR2\adaptive_feather\r224\20060412_52606_0200_PP.png,direct_exact
EYEPACS,MESSIDOR2,20060412_52668_0200_PP.png,3,0,0.32843292,0.1621626,0.2947475,0.100394845,0.11426218,0.32843292,external_test,Normal,109.0,adaptive_feather,123,C:\Users\USER\Desktop\Articulo\Datasets\MESSIDOR2\adaptive_feather\r224\20060412_52668_0200_PP.png,direct_exact
EYEPACS,MESSIDOR2,20060412_52685_0200_PP.png,2,2,0.15570112,0.10732149,0.53316987,0.15505266,0.048754927,0.53316987,external_test,Normal,112.0,adaptive_feather,123,C:\Users\USER\Desktop\Articulo\Datasets\MESSIDOR2\adaptive_feather\r224\20060412_52685_0200_PP.png,direct_exact
EYEPACS,MESSIDOR2,20060412_52758_0200_PP.png,1,2,0.20801963,0.11868029,0.5294336,0.10091486,0.042951595,0.5294336,external_test,Normal,124.0,adaptive_feather,123,C:\Users\USER\Desktop\Articulo\Datasets\MESSIDOR2\adaptive_feather\r224\20060412_52758_0200_PP.png,direct_exact
EYEPACS,MESSIDOR2,20060412_52777_0200_PP.png,2,2,0.28805864,0.12916137,0.4827222,0.07026762,0.029790277,0.4827222,external_test,Normal,124.0,adaptive_feather,123,C:\Users\USER\Desktop\Articulo\Datasets\MESSIDOR2\adaptive_feather\r224\20060412_52777_0200_PP.png,direct_exact
EYEPACS,MESSIDOR2,20060412_52840_0200_PP.png,0,2,0.33183473,0.17215206,0.39505938,0.07736765,0.023586169,0.39505938,external_test,Normal,118.0,adaptive_feather,123,C:\Users\USER\Desktop\Articulo\Datasets\MESSIDOR2\adaptive_feather\r224\20060412_52840_0200_PP.png,direct_exact
EYEPACS,MESSIDOR2,20060412_52860_0200_PP.png,2,2,0.31212077,0.11615542,0.48900175,0.050354756,0.03236725,0.48900175,external_test,Normal,120.0,adaptive_feather,123,C:\Users\USER\Desktop\Articulo\Datasets\MESSIDOR2\adaptive_feather\r224\20060412_52860_0200_PP.png,direct_exact
EYEPACS,MESSIDOR2,20060412_52910_0200_PP.png,3,3,0.010824583,0.009985976,0.26936352,0.60408795,0.10573795,0.60408795,external_test,Bright,135.0,adaptive_feather,123,C:\Users\USER\Desktop\Articulo\Datasets\MESSIDOR2\adaptive_feather\r224\20060412_52910_0200_PP.png,direct_exact
EYEPACS,MESSIDOR2,20060412_52931_0200_PP.png,3,2,0.11106564,0.040159866,0.55156773,0.21654063,0.080666125,0.55156773,external_test,Bright,134.0,adaptive_feather,123,C:\Users\USER\Desktop\Articulo\Datasets\MESSIDOR2\adaptive_feather\r224\20060412_52931_0200_PP.png,direct_exact
EYEPACS,MESSIDOR2,20060412_52978_0200_PP.png,1,0,0.42526805,0.2210661,0.2774147,0.04837408,0.02787719,0.42526805,external_test,Bright,142.0,adaptive_feather,123,C:\Users\USER\Desktop\Articulo\Datasets\MESSIDOR2\adaptive_feather\r224\20060412_52978_0200_PP.png,direct_exact
EYEPACS,MESSIDOR2,20060412_52997_0200_PP.png,1,0,0.48344198,0.1586933,0.29440963,0.037001338,0.026453678,0.48344198,external_test,Bright,142.0,adaptive_feather,123,C:\Users\USER\Desktop\Articulo\Datasets\MESSIDOR2\adaptive_feather\r224\20060412_52997_0200_PP.png,direct_exact
EYEPACS,MESSIDOR2,20060412_57650_0200_PP.png,2,3,0.23723191,0.17190528,0.22546369,0.27313966,0.09225942,0.27313966,external_test,Bright,162.0,adaptive_feather,123,C:\Users\USER\Desktop\Articulo\Datasets\MESSIDOR2\adaptive_feather\r224\20060412_57650_0200_PP.png,direct_exact
EYEPACS,MESSIDOR2,20060412_57680_0200_PP.png,2,2,0.104213886,0.045488246,0.34061524,0.32630366,0.18337902,0.34061524,external_test,Bright,161.0,adaptive_feather,123,C:\Users\USER\Desktop\Articulo\Datasets\MESSIDOR2\adaptive_feather\r224\20060412_57680_0200_PP.png,direct_exact
EYEPACS,MESSIDOR2,20060412_57846_0200_PP.png,1,0,0.4091673,0.26379412,0.28967103,0.029284174,0.008083373,0.4091673,external_test,Bright,160.0,adaptive_feather,123,C:\Users\USER\Desktop\Articulo\Datasets\MESSIDOR2\adaptive_feather\r224\20060412_57846_0200_PP.png,direct_exact
EYEPACS,MESSIDOR2,20060412_57874_0200_PP.png,0,0,0.53223056,0.22235674,0.18356083,0.04913447,0.012717413,0.53223056,external_test,Bright,161.0,adaptive_feather,123,C:\Users\USER\Desktop\Articulo\Datasets\MESSIDOR2\adaptive_feather\r224\20060412_57874_0200_PP.png,direct_exact
EYEPACS,MESSIDOR2,20060412_57952_0200_PP.png,0,1,0.36923212,0.3723154,0.19240996,0.053930067,0.012112461,0.3723154,external_test,Bright,139.0,adaptive_feather,123,C:\Users\USER\Desktop\Articulo\Datasets\MESSIDOR2\adaptive_feather\r224\20060412_57952_0200_PP.png,direct_exact
EYEPACS,MESSIDOR2,20060412_57974_0200_PP.png,0,0,0.3365694,0.30393454,0.3244513,0.025501225,0.009543577,0.3365694,external_test,Bright,141.0,adaptive_feather,123,C:\Users\USER\Desktop\Articulo\Datasets\MESSIDOR2\adaptive_feather\r224\20060412_57974_0200_PP.png,direct_exact
EYEPACS,MESSIDOR2,20060412_58032_0200_PP.png,0,2,0.29178557,0.27758554,0.34266326,0.07191349,0.01605223,0.34266326,external_test,Bright,146.0,adaptive_feather,123,C:\Users\USER\Desktop\Articulo\Datasets\MESSIDOR2\adaptive_feather\r224\20060412_58032_0200_PP.png,direct_exact
EYEPACS,MESSIDOR2,20060412_58054_0200_PP.png,0,0,0.38237724,0.21188983,0.29429975,0.06546896,0.045964245,0.38237724,external_test,Bright,145.0,adaptive_feather,123,C:\Users\USER\Desktop\Articulo\Datasets\MESSIDOR2\adaptive_feather\r224\20060412_58054_0200_PP.png,direct_exact
EYEPACS,MESSIDOR2,20060412_58137_0200_PP.png,0,2,0.2241772,0.22922789,0.41166097,0.09884952,0.03608446,0.41166097,external_test,Bright,132.0,adaptive_feather,123,C:\Users\USER\Desktop\Articulo\Datasets\MESSIDOR2\adaptive_feather\r224\20060412_58137_0200_PP.png,direct_exact
EYEPACS,MESSIDOR2,20060412_58171_0200_PP.png,1,0,0.3944221,0.27155128,0.32489184,0.005899986,0.0032348314,0.3944221,external_test,Bright,139.0,adaptive_feather,123,C:\Users\USER\Desktop\Articulo\Datasets\MESSIDOR2\adaptive_feather\r224\20060412_58171_0200_PP.png,direct_exact
EYEPACS,MESSIDOR2,20060412_58287_0200_PP.png,2,2,0.08691517,0.157115,0.6164689,0.13071415,0.008786792,0.6164689,external_test,Normal,114.0,adaptive_feather,123,C:\Users\USER\Desktop\Articulo\Datasets\MESSIDOR2\adaptive_feather\r224\20060412_58287_0200_PP.png,direct_exact
EYEPACS,MESSIDOR2,20060412_58314_0200_PP.png,2,2,0.32845452,0.25845987,0.34064257,0.067654006,0.0047890553,0.34064257,external_test,Normal,115.0,adaptive_feather,123,C:\Users\USER\Desktop\Articulo\Datasets\MESSIDOR2\adaptive_feather\r224\20060412_58314_0200_PP.png,direct_exact
EYEPACS,MESSIDOR2,20060412_58368_0200_PP.png,1,1,0.35888204,0.39763337,0.22147422,0.01571181,0.0062985006,0.39763337,external_test,Bright,142.0,adaptive_feather,123,C:\Users\USER\Desktop\Articulo\Datasets\MESSIDOR2\adaptive_feather\r224\20060412_58368_0200_PP.png,direct_exact
EYEPACS,MESSIDOR2,20060412_58387_0200_PP.png,1,2,0.268359,0.26995543,0.39176136,0.046964824,0.022959456,0.39176136,external_test,Bright,142.0,adaptive_feather,123,C:\Users\USER\Desktop\Articulo\Datasets\MESSIDOR2\adaptive_feather\r224\20060412_58387_0200_PP.png,direct_exact
EYEPACS,MESSIDOR2,20060412_58471_0200_PP.png,2,4,0.019558245,0.011477424,0.071805134,0.17270805,0.7244511,0.7244511,external_test,Normal,116.0,adaptive_feather,123,C:\Users\USER\Desktop\Articulo\Datasets\MESSIDOR2\adaptive_feather\r224\20060412_58471_0200_PP.png,direct_exact
EYEPACS,MESSIDOR2,20060412_58497_0200_PP.png,2,2,0.16836916,0.08473033,0.37793115,0.10938059,0.25958875,0.37793115,external_test,Normal,120.0,adaptive_feather,123,C:\Users\USER\Desktop\Articulo\Datasets\MESSIDOR2\adaptive_feather\r224\20060412_58497_0200_PP.png,direct_exact
EYEPACS,MESSIDOR2,20060412_58548_0200_PP.png,2,2,0.28068295,0.101221375,0.34251523,0.20729966,0.068280794,0.34251523,external_test,Bright,136.0,adaptive_feather,123,C:\Users\USER\Desktop\Articulo\Datasets\MESSIDOR2\adaptive_feather\r224\20060412_58548_0200_PP.png,direct_exact
EYEPACS,MESSIDOR2,20060412_58563_0200_PP.png,2,2,0.1897124,0.1907905,0.2941374,0.22894491,0.09641484,0.2941374,external_test,Normal,111.0,adaptive_feather,123,C:\Users\USER\Desktop\Articulo\Datasets\MESSIDOR2\adaptive_feather\r224\20060412_58563_0200_PP.png,direct_exact
EYEPACS,MESSIDOR2,20060412_58638_0200_PP.png,2,0,0.3526142,0.26732105,0.29236022,0.030396389,0.05730817,0.3526142,external_test,Normal,118.0,adaptive_feather,123,C:\Users\USER\Desktop\Articulo\Datasets\MESSIDOR2\adaptive_feather\r224\20060412_58638_0200_PP.png,direct_exact
EYEPACS,MESSIDOR2,20060412_58668_0200_PP.png,1,1,0.2713966,0.3153634,0.15454066,0.13524006,0.12345926,0.3153634,external_test,Normal,113.0,adaptive_feather,123,C:\Users\USER\Desktop\Articulo\Datasets\MESSIDOR2\adaptive_feather\r224\20060412_58668_0200_PP.png,direct_exact
EYEPACS,MESSIDOR2,20060412_58723_0200_PP.png,0,0,0.3603878,0.24609168,0.3010151,0.057617802,0.034887534,0.3603878,external_test,Normal,124.0,adaptive_feather,123,C:\Users\USER\Desktop\Articulo\Datasets\MESSIDOR2\adaptive_feather\r224\20060412_58723_0200_PP.png,direct_exact
EYEPACS,MESSIDOR2,20060412_58747_0200_PP.png,2,1,0.31070498,0.42190775,0.1706766,0.070128374,0.026582249,0.42190775,external_test,Normal,124.0,adaptive_feather,123,C:\Users\USER\Desktop\Articulo\Datasets\MESSIDOR2\adaptive_feather\r224\20060412_58747_0200_PP.png,direct_exact
EYEPACS,MESSIDOR2,20060412_58802_0200_PP.png,0,0,0.45328894,0.37584853,0.14559105,0.014961274,0.010310269,0.45328894,external_test,Normal,128.0,adaptive_feather,123,C:\Users\USER\Desktop\Articulo\Datasets\MESSIDOR2\adaptive_feather\r224\20060412_58802_0200_PP.png,direct_exact
EYEPACS,MESSIDOR2,20060412_58819_0200_PP.png,0,0,0.50320345,0.38990462,0.10024514,0.0049651563,0.001681654,0.50320345,external_test,Normal,126.0,adaptive_feather,123,C:\Users\USER\Desktop\Articulo\Datasets\MESSIDOR2\adaptive_feather\r224\20060412_58819_0200_PP.png,direct_exact
EYEPACS,MESSIDOR2,20060412_58869_0200_PP.png,2,2,0.3843751,0.117243364,0.47981727,0.010304428,0.008259807,0.47981727,external_test,Bright,145.0,adaptive_feather,123,C:\Users\USER\Desktop\Articulo\Datasets\MESSIDOR2\adaptive_feather\r224\20060412_58869_0200_PP.png,direct_exact
EYEPACS,MESSIDOR2,20060412_58889_0200_PP.png,2,4,0.006641512,0.0049239844,0.047253583,0.1576589,0.78352207,0.78352207,external_test,Bright,138.0,adaptive_feather,123,C:\Users\USER\Desktop\Articulo\Datasets\MESSIDOR2\adaptive_feather\r224\20060412_58889_0200_PP.png,direct_exact
EYEPACS,MESSIDOR2,20060412_58945_0200_PP.png,1,2,0.19325118,0.15754147,0.4839922,0.12844585,0.036769312,0.4839922,external_test,Bright,142.0,adaptive_feather,123,C:\Users\USER\Desktop\Articulo\Datasets\MESSIDOR2\adaptive_feather\r224\20060412_58945_0200_PP.png,direct_exact
EYEPACS,MESSIDOR2,20060412_58965_0200_PP.png,1,2,0.30644867,0.1413919,0.37923783,0.08128687,0.09163474,0.37923783,external_test,Bright,141.0,adaptive_feather,123,C:\Users\USER\Desktop\Articulo\Datasets\MESSIDOR2\adaptive_feather\r224\20060412_58965_0200_PP.png,direct_exact
EYEPACS,MESSIDOR2,20060412_59012_0200_PP.png,1,2,0.24055196,0.23840708,0.30009633,0.19911161,0.021833023,0.30009633,external_test,Normal,125.0,adaptive_feather,123,C:\Users\USER\Desktop\Articulo\Datasets\MESSIDOR2\adaptive_feather\r224\20060412_59012_0200_PP.png,direct_exact
EYEPACS,MESSIDOR2,20060412_59037_0200_PP.png,1,2,0.20847607,0.18864056,0.4529348,0.13357146,0.016377095,0.4529348,external_test,Normal,124.0,adaptive_feather,123,C:\Users\USER\Desktop\Articulo\Datasets\MESSIDOR2\adaptive_feather\r224\20060412_59037_0200_PP.png,direct_exact
EYEPACS,MESSIDOR2,20060412_59100_0200_PP.png,1,2,0.1719329,0.18574265,0.4381069,0.1029732,0.10124433,0.4381069,external_test,Normal,117.0,adaptive_feather,123,C:\Users\USER\Desktop\Articulo\Datasets\MESSIDOR2\adaptive_feather\r224\20060412_59100_0200_PP.png,direct_exact
EYEPACS,MESSIDOR2,20060412_59124_0200_PP.png,1,2,0.15970849,0.14987662,0.57086384,0.09501093,0.024540186,0.57086384,external_test,Normal,118.0,adaptive_feather,123,C:\Users\USER\Desktop\Articulo\Datasets\MESSIDOR2\adaptive_feather\r224\20060412_59124_0200_PP.png,direct_exact
EYEPACS,MESSIDOR2,20060412_59175_0200_PP.png,0,0,0.46732688,0.30092537,0.20062196,0.021689365,0.009436409,0.46732688,external_test,Bright,151.0,adaptive_feather,123,C:\Users\USER\Desktop\Articulo\Datasets\MESSIDOR2\adaptive_feather\r224\20060412_59175_0200_PP.png,direct_exact
EYEPACS,MESSIDOR2,20060412_59196_0200_PP.png,0,2,0.21628238,0.20155497,0.40028366,0.143207,0.038672023,0.40028366,external_test,Bright,142.0,adaptive_feather,123,C:\Users\USER\Desktop\Articulo\Datasets\MESSIDOR2\adaptive_feather\r224\20060412_59196_0200_PP.png,direct_exact
EYEPACS,MESSIDOR2,20060412_59242_0200_PP.png,2,0,0.6170375,0.12086101,0.2329391,0.020758294,0.008404134,0.6170375,external_test,Bright,136.0,adaptive_feather,123,C:\Users\USER\Desktop\Articulo\Datasets\MESSIDOR2\adaptive_feather\r224\20060412_59242_0200_PP.png,direct_exact
EYEPACS,MESSIDOR2,20060412_59259_0200_PP.png,0,0,0.3781968,0.31310755,0.26972544,0.027326304,0.011643933,0.3781968,external_test,Bright,135.0,adaptive_feather,123,C:\Users\USER\Desktop\Articulo\Datasets\MESSIDOR2\adaptive_feather\r224\20060412_59259_0200_PP.png,direct_exact
EYEPACS,MESSIDOR2,20060412_59338_0200_PP.png,0,0,0.6817074,0.18100493,0.12540412,0.009127317,0.0027563176,0.6817074,external_test,Bright,136.0,adaptive_feather,123,C:\Users\USER\Desktop\Articulo\Datasets\MESSIDOR2\adaptive_feather\r224\20060412_59338_0200_PP.png,direct_exact
EYEPACS,MESSIDOR2,20060412_59355_0200_PP.png,0,0,0.5354225,0.1890815,0.26181334,0.009485315,0.0041973684,0.5354225,external_test,Bright,140.0,adaptive_feather,123,C:\Users\USER\Desktop\Articulo\Datasets\MESSIDOR2\adaptive_feather\r224\20060412_59355_0200_PP.png,direct_exact
EYEPACS,MESSIDOR2,20060412_59400_0200_PP.png,1,2,0.25054997,0.23699148,0.4502894,0.03133809,0.030831091,0.4502894,external_test,Normal,125.0,adaptive_feather,123,C:\Users\USER\Desktop\Articulo\Datasets\MESSIDOR2\adaptive_feather\r224\20060412_59400_0200_PP.png,direct_exact
EYEPACS,MESSIDOR2,20060412_59423_0200_PP.png,1,0,0.35626456,0.2708502,0.27841184,0.044658616,0.04981472,0.35626456,external_test,Normal,126.0,adaptive_feather,123,C:\Users\USER\Desktop\Articulo\Datasets\MESSIDOR2\adaptive_feather\r224\20060412_59423_0200_PP.png,direct_exact
EYEPACS,MESSIDOR2,20060412_59636_0200_PP.png,1,2,0.26461524,0.34818557,0.3660984,0.014658264,0.006442609,0.3660984,external_test,Bright,133.0,adaptive_feather,123,C:\Users\USER\Desktop\Articulo\Datasets\MESSIDOR2\adaptive_feather\r224\20060412_59636_0200_PP.png,direct_exact
EYEPACS,MESSIDOR2,20060412_59658_0200_PP.png,1,2,0.34542546,0.16034448,0.40343043,0.04532502,0.045474567,0.40343043,external_test,Bright,135.0,adaptive_feather,123,C:\Users\USER\Desktop\Articulo\Datasets\MESSIDOR2\adaptive_feather\r224\20060412_59658_0200_PP.png,direct_exact
EYEPACS,MESSIDOR2,20060412_59717_0200_PP.png,2,3,0.07238357,0.06814346,0.23856187,0.47337162,0.14753945,0.47337162,external_test,Bright,139.0,adaptive_feather,123,C:\Users\USER\Desktop\Articulo\Datasets\MESSIDOR2\adaptive_feather\r224\20060412_59717_0200_PP.png,direct_exact
EYEPACS,MESSIDOR2,20060412_59735_0200_PP.png,2,3,0.09137743,0.09411638,0.20658985,0.421607,0.18630935,0.421607,external_test,Bright,143.0,adaptive_feather,123,C:\Users\USER\Desktop\Articulo\Datasets\MESSIDOR2\adaptive_feather\r224\20060412_59735_0200_PP.png,direct_exact
EYEPACS,MESSIDOR2,20060412_60337_0200_PP.png,1,2,0.08387089,0.08473349,0.6423718,0.1685531,0.020470807,0.6423718,external_test,Normal,123.0,adaptive_feather,123,C:\Users\USER\Desktop\Articulo\Datasets\MESSIDOR2\adaptive_feather\r224\20060412_60337_0200_PP.png,direct_exact
EYEPACS,MESSIDOR2,20060412_60396_0200_PP.png,1,1,0.3740393,0.4262044,0.17378755,0.012394073,0.013574672,0.4262044,external_test,Normal,124.0,adaptive_feather,123,C:\Users\USER\Desktop\Articulo\Datasets\MESSIDOR2\adaptive_feather\r224\20060412_60396_0200_PP.png,direct_exact
EYEPACS,MESSIDOR2,20060412_60454_0200_PP.png,2,2,0.2714611,0.1841929,0.44879535,0.07903884,0.016511781,0.44879535,external_test,Bright,139.0,adaptive_feather,123,C:\Users\USER\Desktop\Articulo\Datasets\MESSIDOR2\adaptive_feather\r224\20060412_60454_0200_PP.png,direct_exact
EYEPACS,MESSIDOR2,20060412_60475_0200_PP.png,1,2,0.35130697,0.11473851,0.45468825,0.0634785,0.015787734,0.45468825,external_test,Bright,146.0,adaptive_feather,123,C:\Users\USER\Desktop\Articulo\Datasets\MESSIDOR2\adaptive_feather\r224\20060412_60475_0200_PP.png,direct_exact
EYEPACS,MESSIDOR2,20060412_60545_0200_PP.png,2,0,0.37909874,0.27047896,0.29382965,0.051855963,0.0047367234,0.37909874,external_test,Bright,132.0,adaptive_feather,123,C:\Users\USER\Desktop\Articulo\Datasets\MESSIDOR2\adaptive_feather\r224\20060412_60545_0200_PP.png,direct_exact
EYEPACS,MESSIDOR2,20060412_60573_0200_PP.png,1,0,0.3856881,0.2824004,0.2551544,0.06983875,0.006918301,0.3856881,external_test,Normal,129.0,adaptive_feather,123,C:\Users\USER\Desktop\Articulo\Datasets\MESSIDOR2\adaptive_feather\r224\20060412_60573_0200_PP.png,direct_exact
EYEPACS,MESSIDOR2,20060412_60751_0200_PP.png,0,0,0.50447166,0.33769488,0.124716215,0.01762888,0.015488336,0.50447166,external_test,Bright,141.0,adaptive_feather,123,C:\Users\USER\Desktop\Articulo\Datasets\MESSIDOR2\adaptive_feather\r224\20060412_60751_0200_PP.png,direct_exact
EYEPACS,MESSIDOR2,20060412_60773_0200_PP.png,0,0,0.6370952,0.2878346,0.06697941,0.0062061273,0.0018846672,0.6370952,external_test,Bright,151.0,adaptive_feather,123,C:\Users\USER\Desktop\Articulo\Datasets\MESSIDOR2\adaptive_feather\r224\20060412_60773_0200_PP.png,direct_exact
EYEPACS,MESSIDOR2,20060412_60825_0200_PP.png,1,0,0.5909605,0.1881857,0.2044082,0.01135728,0.0050883284,0.5909605,external_test,Bright,151.0,adaptive_feather,123,C:\Users\USER\Desktop\Articulo\Datasets\MESSIDOR2\adaptive_feather\r224\20060412_60825_0200_PP.png,direct_exact
EYEPACS,MESSIDOR2,20060412_60845_0200_PP.png,1,0,0.6803674,0.19027232,0.118431166,0.0066830297,0.004246019,0.6803674,external_test,Bright,151.0,adaptive_feather,123,C:\Users\USER\Desktop\Articulo\Datasets\MESSIDOR2\adaptive_feather\r224\20060412_60845_0200_PP.png,direct_exact
EYEPACS,MESSIDOR2,20060412_60895_0200_PP.png,2,3,0.12651746,0.2279272,0.21114285,0.37360233,0.060810227,0.37360233,external_test,Bright,148.0,adaptive_feather,123,C:\Users\USER\Desktop\Articulo\Datasets\MESSIDOR2\adaptive_feather\r224\20060412_60895_0200_PP.png,direct_exact
EYEPACS,MESSIDOR2,20060412_60913_0200_PP.png,2,0,0.32328394,0.247492,0.12971283,0.2636839,0.03582734,0.32328394,external_test,Bright,152.0,adaptive_feather,123,C:\Users\USER\Desktop\Articulo\Datasets\MESSIDOR2\adaptive_feather\r224\20060412_60913_0200_PP.png,direct_exact
EYEPACS,MESSIDOR2,20060412_60978_0200_PP.png,2,2,0.21656883,0.15383855,0.53865564,0.06889095,0.022046017,0.53865564,external_test,Normal,128.0,adaptive_feather,123,C:\Users\USER\Desktop\Articulo\Datasets\MESSIDOR2\adaptive_feather\r224\20060412_60978_0200_PP.png,direct_exact
EYEPACS,MESSIDOR2,20060412_61000_0200_PP.png,2,2,0.22848491,0.22709648,0.48123443,0.038582083,0.024602095,0.48123443,external_test,Bright,137.0,adaptive_feather,123,C:\Users\USER\Desktop\Articulo\Datasets\MESSIDOR2\adaptive_feather\r224\20060412_61000_0200_PP.png,direct_exact
EYEPACS,MESSIDOR2,20060412_61064_0200_PP.png,0,2,0.3164257,0.20758243,0.39205736,0.06546686,0.018467695,0.39205736,external_test,Bright,161.0,adaptive_feather,123,C:\Users\USER\Desktop\Articulo\Datasets\MESSIDOR2\adaptive_feather\r224\20060412_61064_0200_PP.png,direct_exact
EYEPACS,MESSIDOR2,20060412_61081_0200_PP.png,2,2,0.28543937,0.17423156,0.41688162,0.096037924,0.02740949,0.41688162,external_test,Bright,159.0,adaptive_feather,123,C:\Users\USER\Desktop\Articulo\Datasets\MESSIDOR2\adaptive_feather\r224\20060412_61081_0200_PP.png,direct_exact
EYEPACS,MESSIDOR2,20060412_61151_0200_PP.png,2,2,0.14955914,0.10609859,0.5179037,0.17067243,0.05576614,0.5179037,external_test,Normal,114.0,adaptive_feather,123,C:\Users\USER\Desktop\Articulo\Datasets\MESSIDOR2\adaptive_feather\r224\20060412_61151_0200_PP.png,direct_exact
EYEPACS,MESSIDOR2,20060412_61169_0200_PP.png,2,2,0.21242845,0.14925635,0.38285366,0.15047221,0.10498933,0.38285366,external_test,Normal,115.0,adaptive_feather,123,C:\Users\USER\Desktop\Articulo\Datasets\MESSIDOR2\adaptive_feather\r224\20060412_61169_0200_PP.png,direct_exact
EYEPACS,MESSIDOR2,20060412_61222_0200_PP.png,2,0,0.5206913,0.16541368,0.20854531,0.077019796,0.028329937,0.5206913,external_test,Bright,152.0,adaptive_feather,123,C:\Users\USER\Desktop\Articulo\Datasets\MESSIDOR2\adaptive_feather\r224\20060412_61222_0200_PP.png,direct_exact
EYEPACS,MESSIDOR2,20060412_61251_0200_PP.png,2,0,0.44467136,0.21739379,0.2998173,0.025786635,0.012330935,0.44467136,external_test,Bright,154.0,adaptive_feather,123,C:\Users\USER\Desktop\Articulo\Datasets\MESSIDOR2\adaptive_feather\r224\20060412_61251_0200_PP.png,direct_exact
EYEPACS,MESSIDOR2,20060412_61299_0200_PP.png,1,1,0.24038838,0.34273958,0.25544423,0.15041152,0.011016303,0.34273958,external_test,Normal,119.0,adaptive_feather,123,C:\Users\USER\Desktop\Articulo\Datasets\MESSIDOR2\adaptive_feather\r224\20060412_61299_0200_PP.png,direct_exact
EYEPACS,MESSIDOR2,20060412_61316_0200_PP.png,1,0,0.3616037,0.25676537,0.34616125,0.02519477,0.010274939,0.3616037,external_test,Normal,121.0,adaptive_feather,123,C:\Users\USER\Desktop\Articulo\Datasets\MESSIDOR2\adaptive_feather\r224\20060412_61316_0200_PP.png,direct_exact
EYEPACS,MESSIDOR2,20060412_61365_0200_PP.png,0,0,0.5175361,0.3777022,0.08960987,0.0069188992,0.008232915,0.5175361,external_test,Bright,137.0,adaptive_feather,123,C:\Users\USER\Desktop\Articulo\Datasets\MESSIDOR2\adaptive_feather\r224\20060412_61365_0200_PP.png,direct_exact
EYEPACS,MESSIDOR2,20060412_61383_0200_PP.png,0,0,0.51993895,0.3752505,0.09429646,0.0032111208,0.007302969,0.51993895,external_test,Bright,137.0,adaptive_feather,123,C:\Users\USER\Desktop\Articulo\Datasets\MESSIDOR2\adaptive_feather\r224\20060412_61383_0200_PP.png,direct_exact
EYEPACS,MESSIDOR2,20060412_61433_0200_PP.png,0,2,0.26750323,0.24197258,0.35329643,0.09235719,0.044870574,0.35329643,external_test,Normal,126.0,adaptive_feather,123,C:\Users\USER\Desktop\Articulo\Datasets\MESSIDOR2\adaptive_feather\r224\20060412_61433_0200_PP.png,direct_exact
EYEPACS,MESSIDOR2,20060412_61450_0200_PP.png,0,0,0.41780144,0.20691824,0.33180848,0.031803697,0.011668058,0.41780144,external_test,Normal,125.0,adaptive_feather,123,C:\Users\USER\Desktop\Articulo\Datasets\MESSIDOR2\adaptive_feather\r224\20060412_61450_0200_PP.png,direct_exact
EYEPACS,MESSIDOR2,20060412_61501_0200_PP.png,2,3,0.20580027,0.12728581,0.19690198,0.43381217,0.036199804,0.43381217,external_test,Normal,128.0,adaptive_feather,123,C:\Users\USER\Desktop\Articulo\Datasets\MESSIDOR2\adaptive_feather\r224\20060412_61501_0200_PP.png,direct_exact
EYEPACS,MESSIDOR2,20060412_61525_0200_PP.png,0,2,0.2816127,0.20163436,0.353316,0.12218291,0.041254036,0.353316,external_test,Bright,154.0,adaptive_feather,123,C:\Users\USER\Desktop\Articulo\Datasets\MESSIDOR2\adaptive_feather\r224\20060412_61525_0200_PP.png,direct_exact
EYEPACS,MESSIDOR2,20060412_61593_0200_PP.png,1,0,0.37038538,0.33266392,0.24685735,0.034250554,0.015842825,0.37038538,external_test,Normal,125.0,adaptive_feather,123,C:\Users\USER\Desktop\Articulo\Datasets\MESSIDOR2\adaptive_feather\r224\20060412_61593_0200_PP.png,direct_exact
EYEPACS,MESSIDOR2,20060412_61615_0200_PP.png,1,0,0.35671338,0.3108078,0.27679086,0.047915958,0.0077720634,0.35671338,external_test,Normal,126.0,adaptive_feather,123,C:\Users\USER\Desktop\Articulo\Datasets\MESSIDOR2\adaptive_feather\r224\20060412_61615_0200_PP.png,direct_exact
EYEPACS,MESSIDOR2,20060412_61665_0200_PP.png,0,0,0.4921278,0.33957094,0.12818387,0.020806871,0.019310549,0.4921278,external_test,Normal,129.0,adaptive_feather,123,C:\Users\USER\Desktop\Articulo\Datasets\MESSIDOR2\adaptive_feather\r224\20060412_61665_0200_PP.png,direct_exact
EYEPACS,MESSIDOR2,20060412_61681_0200_PP.png,1,0,0.5561599,0.21644858,0.18947425,0.027607638,0.010309607,0.5561599,external_test,Bright,131.0,adaptive_feather,123,C:\Users\USER\Desktop\Articulo\Datasets\MESSIDOR2\adaptive_feather\r224\20060412_61681_0200_PP.png,direct_exact
EYEPACS,MESSIDOR2,20060412_61790_0200_PP.png,0,0,0.54114854,0.12244145,0.31115517,0.013393826,0.011860989,0.54114854,external_test,Bright,148.0,adaptive_feather,123,C:\Users\USER\Desktop\Articulo\Datasets\MESSIDOR2\adaptive_feather\r224\20060412_61790_0200_PP.png,direct_exact
EYEPACS,MESSIDOR2,20060412_61808_0200_PP.png,2,2,0.17980132,0.03201602,0.51684844,0.09749603,0.17383821,0.51684844,external_test,Bright,149.0,adaptive_feather,123,C:\Users\USER\Desktop\Articulo\Datasets\MESSIDOR2\adaptive_feather\r224\20060412_61808_0200_PP.png,direct_exact
EYEPACS,MESSIDOR2,20060412_62936_0200_PP.png,3,3,0.048736066,0.023616824,0.19277182,0.54174036,0.1931349,0.54174036,external_test,Bright,146.0,adaptive_feather,123,C:\Users\USER\Desktop\Articulo\Datasets\MESSIDOR2\adaptive_feather\r224\20060412_62936_0200_PP.png,direct_exact
EYEPACS,MESSIDOR2,20060412_62960_0200_PP.png,3,3,0.06307663,0.023548469,0.07579872,0.7312354,0.10634085,0.7312354,external_test,Bright,141.0,adaptive_feather,123,C:\Users\USER\Desktop\Articulo\Datasets\MESSIDOR2\adaptive_feather\r224\20060412_62960_0200_PP.png,direct_exact
EYEPACS,MESSIDOR2,20060412_63009_0200_PP.png,1,0,0.4814498,0.36397296,0.14165908,0.009997841,0.0029204136,0.4814498,external_test,Normal,114.0,adaptive_feather,123,C:\Users\USER\Desktop\Articulo\Datasets\MESSIDOR2\adaptive_feather\r224\20060412_63009_0200_PP.png,direct_exact
EYEPACS,MESSIDOR2,20060412_63032_0200_PP.png,1,0,0.34575278,0.3307989,0.30277628,0.016815647,0.003856393,0.34575278,external_test,Normal,116.0,adaptive_feather,123,C:\Users\USER\Desktop\Articulo\Datasets\MESSIDOR2\adaptive_feather\r224\20060412_63032_0200_PP.png,direct_exact
EYEPACS,MESSIDOR2,20060412_63088_0200_PP.png,1,0,0.47892472,0.1927634,0.3017031,0.01809805,0.008510803,0.47892472,external_test,Normal,128.0,adaptive_feather,123,C:\Users\USER\Desktop\Articulo\Datasets\MESSIDOR2\adaptive_feather\r224\20060412_63088_0200_PP.png,direct_exact
EYEPACS,MESSIDOR2,20060412_63104_0200_PP.png,1,2,0.2069944,0.076960854,0.524861,0.07440827,0.11677557,0.524861,external_test,Normal,126.0,adaptive_feather,123,C:\Users\USER\Desktop\Articulo\Datasets\MESSIDOR2\adaptive_feather\r224\20060412_63104_0200_PP.png,direct_exact
EYEPACS,MESSIDOR2,20060522_43758_0100_PP.png,0,0,0.4052637,0.40397632,0.17769444,0.011034134,0.0020314136,0.4052637,external_test,Normal,110.0,adaptive_feather,123,C:\Users\USER\Desktop\Articulo\Datasets\MESSIDOR2\adaptive_feather\r224\20060522_43758_0100_PP.png,direct_exact
EYEPACS,MESSIDOR2,20060522_45069_0100_PP.png,1,0,0.33051115,0.3142678,0.32925668,0.01784473,0.00811962,0.33051115,external_test,Normal,110.0,adaptive_feather,123,C:\Users\USER\Desktop\Articulo\Datasets\MESSIDOR2\adaptive_feather\r224\20060522_45069_0100_PP.png,direct_exact
EYEPACS,MESSIDOR2,20060522_45212_0100_PP.png,2,0,0.4886838,0.28498596,0.21906817,0.005650549,0.0016115848,0.4886838,external_test,Normal,110.0,adaptive_feather,123,C:\Users\USER\Desktop\Articulo\Datasets\MESSIDOR2\adaptive_feather\r224\20060522_45212_0100_PP.png,direct_exact
EYEPACS,MESSIDOR2,20060522_45248_0100_PP.png,2,2,0.17913134,0.2647674,0.4103658,0.08698183,0.058753666,0.4103658,external_test,Normal,109.0,adaptive_feather,123,C:\Users\USER\Desktop\Articulo\Datasets\MESSIDOR2\adaptive_feather\r224\20060522_45248_0100_PP.png,direct_exact
EYEPACS,MESSIDOR2,20060522_45402_0100_PP.png,1,0,0.4458784,0.28934553,0.18692307,0.06031838,0.017534543,0.4458784,external_test,Normal,123.0,adaptive_feather,123,C:\Users\USER\Desktop\Articulo\Datasets\MESSIDOR2\adaptive_feather\r224\20060522_45402_0100_PP.png,direct_exact
EYEPACS,MESSIDOR2,20060522_45455_0100_PP.png,2,0,0.44931915,0.25789574,0.20279513,0.053277247,0.036712784,0.44931915,external_test,Normal,124.0,adaptive_feather,123,C:\Users\USER\Desktop\Articulo\Datasets\MESSIDOR2\adaptive_feather\r224\20060522_45455_0100_PP.png,direct_exact
EYEPACS,MESSIDOR2,20060522_45541_0100_PP.png,4,3,0.0055793533,0.0052024787,0.16698015,0.6783222,0.1439158,0.6783222,external_test,Bright,130.0,adaptive_feather,123,C:\Users\USER\Desktop\Articulo\Datasets\MESSIDOR2\adaptive_feather\r224\20060522_45541_0100_PP.png,direct_exact
EYEPACS,MESSIDOR2,20060522_45583_0100_PP.png,4,4,0.003255358,0.0026484444,0.04485055,0.4683722,0.48087344,0.48087344,external_test,Bright,131.0,adaptive_feather,123,C:\Users\USER\Desktop\Articulo\Datasets\MESSIDOR2\adaptive_feather\r224\20060522_45583_0100_PP.png,direct_exact
EYEPACS,MESSIDOR2,20060522_45691_0100_PP.png,2,2,0.2505487,0.21979572,0.4357103,0.059085093,0.034860205,0.4357103,external_test,Normal,114.0,adaptive_feather,123,C:\Users\USER\Desktop\Articulo\Datasets\MESSIDOR2\adaptive_feather\r224\20060522_45691_0100_PP.png,direct_exact
EYEPACS,MESSIDOR2,20060522_45718_0100_PP.png,2,2,0.2648548,0.106369585,0.49432954,0.089059725,0.045386445,0.49432954,external_test,Bright,147.0,adaptive_feather,123,C:\Users\USER\Desktop\Articulo\Datasets\MESSIDOR2\adaptive_feather\r224\20060522_45718_0100_PP.png,direct_exact
EYEPACS,MESSIDOR2,20060522_45777_0100_PP.png,0,0,0.5274856,0.24093415,0.2152001,0.0130870845,0.0032931003,0.5274856,external_test,Normal,111.0,adaptive_feather,123,C:\Users\USER\Desktop\Articulo\Datasets\MESSIDOR2\adaptive_feather\r224\20060522_45777_0100_PP.png,direct_exact
EYEPACS,MESSIDOR2,20060522_45796_0100_PP.png,0,0,0.616992,0.17853792,0.16715379,0.023417147,0.013899097,0.616992,external_test,Dark,108.0,adaptive_feather,123,C:\Users\USER\Desktop\Articulo\Datasets\MESSIDOR2\adaptive_feather\r224\20060522_45796_0100_PP.png,direct_exact
EYEPACS,MESSIDOR2,20060522_45853_0100_PP.png,0,3,0.26590204,0.25745565,0.15153506,0.3209258,0.0041813487,0.3209258,external_test,Dark,88.0,adaptive_feather,123,C:\Users\USER\Desktop\Articulo\Datasets\MESSIDOR2\adaptive_feather\r224\20060522_45853_0100_PP.png,direct_exact
EYEPACS,MESSIDOR2,20060522_45873_0100_PP.png,0,2,0.2773489,0.1854351,0.30499142,0.17926078,0.052963838,0.30499142,external_test,Dark,88.0,adaptive_feather,123,C:\Users\USER\Desktop\Articulo\Datasets\MESSIDOR2\adaptive_feather\r224\20060522_45873_0100_PP.png,direct_exact
EYEPACS,MESSIDOR2,20060522_45935_0100_PP.png,1,0,0.66100067,0.24263453,0.07272993,0.01550839,0.008126538,0.66100067,external_test,Bright,134.0,adaptive_feather,123,C:\Users\USER\Desktop\Articulo\Datasets\MESSIDOR2\adaptive_feather\r224\20060522_45935_0100_PP.png,direct_exact
EYEPACS,MESSIDOR2,20060522_45967_0100_PP.png,1,0,0.6383578,0.29697466,0.057945803,0.0039000395,0.0028216867,0.6383578,external_test,Bright,133.0,adaptive_feather,123,C:\Users\USER\Desktop\Articulo\Datasets\MESSIDOR2\adaptive_feather\r224\20060522_45967_0100_PP.png,direct_exact
EYEPACS,MESSIDOR2,20060522_46104_0100_PP.png,0,0,0.66341674,0.22768593,0.095266245,0.004045045,0.009586,0.66341674,external_test,Dark,105.0,adaptive_feather,123,C:\Users\USER\Desktop\Articulo\Datasets\MESSIDOR2\adaptive_feather\r224\20060522_46104_0100_PP.png,direct_exact
EYEPACS,MESSIDOR2,20060522_46149_0100_PP.png,0,0,0.5505493,0.33321628,0.10711691,0.0053416314,0.0037758525,0.5505493,external_test,Dark,107.0,adaptive_feather,123,C:\Users\USER\Desktop\Articulo\Datasets\MESSIDOR2\adaptive_feather\r224\20060522_46149_0100_PP.png,direct_exact
EYEPACS,MESSIDOR2,20060522_46379_0100_PP.png,0,0,0.47241905,0.2757544,0.21014062,0.033032946,0.0086530885,0.47241905,external_test,Normal,122.0,adaptive_feather,123,C:\Users\USER\Desktop\Articulo\Datasets\MESSIDOR2\adaptive_feather\r224\20060522_46379_0100_PP.png,direct_exact
EYEPACS,MESSIDOR2,20060522_46400_0100_PP.png,0,0,0.45208415,0.103431165,0.37812296,0.042634252,0.023727413,0.45208415,external_test,Normal,128.0,adaptive_feather,123,C:\Users\USER\Desktop\Articulo\Datasets\MESSIDOR2\adaptive_feather\r224\20060522_46400_0100_PP.png,direct_exact
EYEPACS,MESSIDOR2,20060522_46454_0100_PP.png,1,0,0.5325225,0.32880664,0.11528338,0.018969707,0.0044176555,0.5325225,external_test,Normal,128.0,adaptive_feather,123,C:\Users\USER\Desktop\Articulo\Datasets\MESSIDOR2\adaptive_feather\r224\20060522_46454_0100_PP.png,direct_exact
EYEPACS,MESSIDOR2,20060523_42953_0100_PP.png,0,0,0.5476997,0.24503593,0.18553866,0.016089115,0.005636597,0.5476997,external_test,Normal,126.0,adaptive_feather,123,C:\Users\USER\Desktop\Articulo\Datasets\MESSIDOR2\adaptive_feather\r224\20060523_42953_0100_PP.png,direct_exact
EYEPACS,MESSIDOR2,20060523_43016_0100_PP.png,2,0,0.49173802,0.33215833,0.15269138,0.012599684,0.010812496,0.49173802,external_test,Normal,119.0,adaptive_feather,123,C:\Users\USER\Desktop\Articulo\Datasets\MESSIDOR2\adaptive_feather\r224\20060523_43016_0100_PP.png,direct_exact
EYEPACS,MESSIDOR2,20060523_43038_0100_PP.png,2,0,0.4214654,0.26267436,0.28140864,0.024530731,0.009920812,0.4214654,external_test,Normal,124.0,adaptive_feather,123,C:\Users\USER\Desktop\Articulo\Datasets\MESSIDOR2\adaptive_feather\r224\20060523_43038_0100_PP.png,direct_exact
EYEPACS,MESSIDOR2,20060523_43105_0100_PP.png,0,0,0.41759354,0.39692733,0.17023988,0.013754288,0.0014849538,0.41759354,external_test,Dark,98.0,adaptive_feather,123,C:\Users\USER\Desktop\Articulo\Datasets\MESSIDOR2\adaptive_feather\r224\20060523_43105_0100_PP.png,direct_exact
EYEPACS,MESSIDOR2,20060523_43123_0100_PP.png,0,1,0.31124246,0.5059076,0.16006538,0.020481633,0.0023029475,0.5059076,external_test,Dark,105.0,adaptive_feather,123,C:\Users\USER\Desktop\Articulo\Datasets\MESSIDOR2\adaptive_feather\r224\20060523_43123_0100_PP.png,direct_exact
EYEPACS,MESSIDOR2,20060523_43174_0100_PP.png,2,2,0.16024178,0.1413352,0.43498322,0.20631476,0.057124965,0.43498322,external_test,Bright,130.0,adaptive_feather,123,C:\Users\USER\Desktop\Articulo\Datasets\MESSIDOR2\adaptive_feather\r224\20060523_43174_0100_PP.png,direct_exact
EYEPACS,MESSIDOR2,20060523_43196_0100_PP.png,3,3,0.07629293,0.059786808,0.25555542,0.50942737,0.09893743,0.50942737,external_test,Normal,129.0,adaptive_feather,123,C:\Users\USER\Desktop\Articulo\Datasets\MESSIDOR2\adaptive_feather\r224\20060523_43196_0100_PP.png,direct_exact
EYEPACS,MESSIDOR2,20060523_43248_0100_PP.png,0,0,0.5198337,0.26399127,0.18164901,0.019919267,0.014606797,0.5198337,external_test,Normal,126.0,adaptive_feather,123,C:\Users\USER\Desktop\Articulo\Datasets\MESSIDOR2\adaptive_feather\r224\20060523_43248_0100_PP.png,direct_exact
EYEPACS,MESSIDOR2,20060523_43267_0100_PP.png,1,0,0.6702483,0.17679115,0.14708978,0.003536962,0.0023337577,0.6702483,external_test,Bright,130.0,adaptive_feather,123,C:\Users\USER\Desktop\Articulo\Datasets\MESSIDOR2\adaptive_feather\r224\20060523_43267_0100_PP.png,direct_exact
EYEPACS,MESSIDOR2,20060523_43333_0100_PP.png,0,0,0.5942265,0.21981026,0.14336927,0.02701931,0.015574674,0.5942265,external_test,Normal,120.0,adaptive_feather,123,C:\Users\USER\Desktop\Articulo\Datasets\MESSIDOR2\adaptive_feather\r224\20060523_43333_0100_PP.png,direct_exact
EYEPACS,MESSIDOR2,20060523_43354_0100_PP.png,0,0,0.51807266,0.30858603,0.1575663,0.008311128,0.007463864,0.51807266,external_test,Normal,118.0,adaptive_feather,123,C:\Users\USER\Desktop\Articulo\Datasets\MESSIDOR2\adaptive_feather\r224\20060523_43354_0100_PP.png,direct_exact
EYEPACS,MESSIDOR2,20060523_45216_0100_PP.png,2,2,0.24193534,0.17364706,0.3531483,0.20870923,0.022560058,0.3531483,external_test,VeryDark,74.0,adaptive_feather,123,C:\Users\USER\Desktop\Articulo\Datasets\MESSIDOR2\adaptive_feather\r224\20060523_45216_0100_PP.png,direct_exact
EYEPACS,MESSIDOR2,20060523_45235_0100_PP.png,2,2,0.34514824,0.17525911,0.42572933,0.034470588,0.01939276,0.42572933,external_test,VeryDark,80.0,adaptive_feather,123,C:\Users\USER\Desktop\Articulo\Datasets\MESSIDOR2\adaptive_feather\r224\20060523_45235_0100_PP.png,direct_exact
EYEPACS,MESSIDOR2,20060523_45300_0100_PP.png,0,0,0.5558356,0.2979039,0.101053625,0.034177687,0.011029073,0.5558356,external_test,Normal,116.0,adaptive_feather,123,C:\Users\USER\Desktop\Articulo\Datasets\MESSIDOR2\adaptive_feather\r224\20060523_45300_0100_PP.png,direct_exact
EYEPACS,MESSIDOR2,20060523_45316_0100_PP.png,0,1,0.37429163,0.424543,0.15306252,0.037608717,0.01049415,0.424543,external_test,Normal,119.0,adaptive_feather,123,C:\Users\USER\Desktop\Articulo\Datasets\MESSIDOR2\adaptive_feather\r224\20060523_45316_0100_PP.png,direct_exact
EYEPACS,MESSIDOR2,20060523_45369_0100_PP.png,2,0,0.46776685,0.21435155,0.28864753,0.024039315,0.0051947483,0.46776685,external_test,Normal,115.0,adaptive_feather,123,C:\Users\USER\Desktop\Articulo\Datasets\MESSIDOR2\adaptive_feather\r224\20060523_45369_0100_PP.png,direct_exact
EYEPACS,MESSIDOR2,20060523_45389_0100_PP.png,2,2,0.13136815,0.042353492,0.56598485,0.22235593,0.037937544,0.56598485,external_test,Normal,122.0,adaptive_feather,123,C:\Users\USER\Desktop\Articulo\Datasets\MESSIDOR2\adaptive_feather\r224\20060523_45389_0100_PP.png,direct_exact
EYEPACS,MESSIDOR2,20060523_45449_0100_PP.png,0,0,0.3324656,0.3063053,0.21650906,0.032158155,0.11256195,0.3324656,external_test,Bright,150.0,adaptive_feather,123,C:\Users\USER\Desktop\Articulo\Datasets\MESSIDOR2\adaptive_feather\r224\20060523_45449_0100_PP.png,direct_exact
EYEPACS,MESSIDOR2,20060523_45467_0100_PP.png,0,2,0.2580255,0.18937036,0.3657265,0.08378169,0.103096016,0.3657265,external_test,Bright,134.0,adaptive_feather,123,C:\Users\USER\Desktop\Articulo\Datasets\MESSIDOR2\adaptive_feather\r224\20060523_45467_0100_PP.png,direct_exact
EYEPACS,MESSIDOR2,20060523_45524_0100_PP.png,0,1,0.36758336,0.38752782,0.17528135,0.057892866,0.011714598,0.38752782,external_test,Normal,116.0,adaptive_feather,123,C:\Users\USER\Desktop\Articulo\Datasets\MESSIDOR2\adaptive_feather\r224\20060523_45524_0100_PP.png,direct_exact
EYEPACS,MESSIDOR2,20060523_45548_0100_PP.png,0,0,0.6284142,0.28227586,0.07455107,0.0075342236,0.007224671,0.6284142,external_test,Normal,117.0,adaptive_feather,123,C:\Users\USER\Desktop\Articulo\Datasets\MESSIDOR2\adaptive_feather\r224\20060523_45548_0100_PP.png,direct_exact
EYEPACS,MESSIDOR2,20060523_45662_0100_PP.png,2,2,0.23707788,0.3005081,0.36260924,0.097283885,0.0025207528,0.36260924,external_test,Dark,103.0,adaptive_feather,123,C:\Users\USER\Desktop\Articulo\Datasets\MESSIDOR2\adaptive_feather\r224\20060523_45662_0100_PP.png,direct_exact
EYEPACS,MESSIDOR2,20060523_45697_0100_PP.png,2,2,0.071578056,0.04723379,0.5888771,0.26816025,0.024150798,0.5888771,external_test,Dark,102.0,adaptive_feather,123,C:\Users\USER\Desktop\Articulo\Datasets\MESSIDOR2\adaptive_feather\r224\20060523_45697_0100_PP.png,direct_exact
EYEPACS,MESSIDOR2,20060523_45787_0100_PP.png,2,0,0.41418353,0.16427797,0.3224778,0.08134115,0.017719574,0.41418353,external_test,Dark,102.0,adaptive_feather,123,C:\Users\USER\Desktop\Articulo\Datasets\MESSIDOR2\adaptive_feather\r224\20060523_45787_0100_PP.png,direct_exact
EYEPACS,MESSIDOR2,20060523_45812_0100_PP.png,2,0,0.3846782,0.2162866,0.20123707,0.10998589,0.08781227,0.3846782,external_test,Normal,111.0,adaptive_feather,123,C:\Users\USER\Desktop\Articulo\Datasets\MESSIDOR2\adaptive_feather\r224\20060523_45812_0100_PP.png,direct_exact
EYEPACS,MESSIDOR2,20060523_47987_0100_PP.png,0,0,0.5849969,0.29241866,0.11458756,0.0062198457,0.0017771397,0.5849969,external_test,Bright,143.0,adaptive_feather,123,C:\Users\USER\Desktop\Articulo\Datasets\MESSIDOR2\adaptive_feather\r224\20060523_47987_0100_PP.png,direct_exact
EYEPACS,MESSIDOR2,20060523_48005_0100_PP.png,0,0,0.64919436,0.21916485,0.115021,0.012113436,0.00450636,0.64919436,external_test,Bright,141.0,adaptive_feather,123,C:\Users\USER\Desktop\Articulo\Datasets\MESSIDOR2\adaptive_feather\r224\20060523_48005_0100_PP.png,direct_exact
EYEPACS,MESSIDOR2,20060523_48028_0100_PP.png,2,2,0.11436031,0.11507807,0.59402305,0.15630506,0.020233532,0.59402305,external_test,Normal,122.0,adaptive_feather,123,C:\Users\USER\Desktop\Articulo\Datasets\MESSIDOR2\adaptive_feather\r224\20060523_48028_0100_PP.png,direct_exact
EYEPACS,MESSIDOR2,20060523_48102_0100_PP.png,2,2,0.06397888,0.019832999,0.43014374,0.22797726,0.25806707,0.43014374,external_test,Normal,124.0,adaptive_feather,123,C:\Users\USER\Desktop\Articulo\Datasets\MESSIDOR2\adaptive_feather\r224\20060523_48102_0100_PP.png,direct_exact
EYEPACS,MESSIDOR2,20060523_48136_0100_PP.png,0,0,0.29641035,0.19204316,0.22174452,0.22057788,0.06922404,0.29641035,external_test,Dark,100.0,adaptive_feather,123,C:\Users\USER\Desktop\Articulo\Datasets\MESSIDOR2\adaptive_feather\r224\20060523_48136_0100_PP.png,direct_exact
EYEPACS,MESSIDOR2,20060523_48161_0100_PP.png,0,2,0.3797572,0.10104702,0.41089407,0.075306766,0.03299497,0.41089407,external_test,Bright,131.0,adaptive_feather,123,C:\Users\USER\Desktop\Articulo\Datasets\MESSIDOR2\adaptive_feather\r224\20060523_48161_0100_PP.png,direct_exact
EYEPACS,MESSIDOR2,20060523_48182_0100_PP.png,3,3,0.014829856,0.024983456,0.17496508,0.7642882,0.02093337,0.7642882,external_test,Dark,91.0,adaptive_feather,123,C:\Users\USER\Desktop\Articulo\Datasets\MESSIDOR2\adaptive_feather\r224\20060523_48182_0100_PP.png,direct_exact
EYEPACS,MESSIDOR2,20060523_48199_0100_PP.png,3,2,0.06608338,0.031793084,0.62771636,0.25683364,0.017573496,0.62771636,external_test,Dark,100.0,adaptive_feather,123,C:\Users\USER\Desktop\Articulo\Datasets\MESSIDOR2\adaptive_feather\r224\20060523_48199_0100_PP.png,direct_exact
EYEPACS,MESSIDOR2,20060523_48406_0100_PP.png,0,1,0.37220913,0.37567705,0.17910057,0.06820179,0.0048114224,0.37567705,external_test,ExtremelyDark,56.0,adaptive_feather,123,C:\Users\USER\Desktop\Articulo\Datasets\MESSIDOR2\adaptive_feather\r224\20060523_48406_0100_PP.png,direct_exact
EYEPACS,MESSIDOR2,20060523_48425_0100_PP.png,1,0,0.40856978,0.355944,0.21370614,0.016300682,0.005479339,0.40856978,external_test,ExtremelyDark,55.0,adaptive_feather,123,C:\Users\USER\Desktop\Articulo\Datasets\MESSIDOR2\adaptive_feather\r224\20060523_48425_0100_PP.png,direct_exact
EYEPACS,MESSIDOR2,20060523_48477_0100_PP.png,2,3,0.17226437,0.13427398,0.24807553,0.38699222,0.058393817,0.38699222,external_test,Bright,138.0,adaptive_feather,123,C:\Users\USER\Desktop\Articulo\Datasets\MESSIDOR2\adaptive_feather\r224\20060523_48477_0100_PP.png,direct_exact
EYEPACS,MESSIDOR2,20060523_48499_0100_PP.png,3,2,0.27741358,0.21890454,0.30692992,0.17935732,0.017394684,0.30692992,external_test,Bright,138.0,adaptive_feather,123,C:\Users\USER\Desktop\Articulo\Datasets\MESSIDOR2\adaptive_feather\r224\20060523_48499_0100_PP.png,direct_exact
EYEPACS,MESSIDOR2,20060523_48572_0100_PP.png,2,0,0.48180562,0.1510461,0.27340055,0.06520417,0.028543534,0.48180562,external_test,Bright,138.0,adaptive_feather,123,C:\Users\USER\Desktop\Articulo\Datasets\MESSIDOR2\adaptive_feather\r224\20060523_48572_0100_PP.png,direct_exact
EYEPACS,MESSIDOR2,20060523_48591_0100_PP.png,0,0,0.70121944,0.09648279,0.18386607,0.0092184935,0.009213163,0.70121944,external_test,Bright,141.0,adaptive_feather,123,C:\Users\USER\Desktop\Articulo\Datasets\MESSIDOR2\adaptive_feather\r224\20060523_48591_0100_PP.png,direct_exact
EYEPACS,MESSIDOR2,20060523_48643_0100_PP.png,1,0,0.6460647,0.20218247,0.11688244,0.030182555,0.00468784,0.6460647,external_test,Bright,132.0,adaptive_feather,123,C:\Users\USER\Desktop\Articulo\Datasets\MESSIDOR2\adaptive_feather\r224\20060523_48643_0100_PP.png,direct_exact
EYEPACS,MESSIDOR2,20060523_48659_0100_PP.png,1,0,0.45021337,0.23153795,0.3025703,0.012705377,0.0029729996,0.45021337,external_test,Bright,130.0,adaptive_feather,123,C:\Users\USER\Desktop\Articulo\Datasets\MESSIDOR2\adaptive_feather\r224\20060523_48659_0100_PP.png,direct_exact
EYEPACS,MESSIDOR2,20060523_48709_0100_PP.png,0,0,0.6943596,0.19405986,0.097213924,0.00932333,0.0050433776,0.6943596,external_test,Dark,106.0,adaptive_feather,123,C:\Users\USER\Desktop\Articulo\Datasets\MESSIDOR2\adaptive_feather\r224\20060523_48709_0100_PP.png,direct_exact
EYEPACS,MESSIDOR2,20060523_48728_0100_PP.png,0,0,0.6397743,0.13787644,0.19803324,0.013444281,0.010871713,0.6397743,external_test,Normal,110.0,adaptive_feather,123,C:\Users\USER\Desktop\Articulo\Datasets\MESSIDOR2\adaptive_feather\r224\20060523_48728_0100_PP.png,direct_exact
EYEPACS,MESSIDOR2,20060523_48787_0100_PP.png,2,0,0.45870566,0.24652077,0.23298141,0.048436977,0.01335524,0.45870566,external_test,Bright,132.0,adaptive_feather,123,C:\Users\USER\Desktop\Articulo\Datasets\MESSIDOR2\adaptive_feather\r224\20060523_48787_0100_PP.png,direct_exact
EYEPACS,MESSIDOR2,20060523_48816_0100_PP.png,1,0,0.42146447,0.2197619,0.3062973,0.03214118,0.020335045,0.42146447,external_test,VeryDark,82.0,adaptive_feather,123,C:\Users\USER\Desktop\Articulo\Datasets\MESSIDOR2\adaptive_feather\r224\20060523_48816_0100_PP.png,direct_exact
EYEPACS,MESSIDOR2,20060523_48890_0100_PP.png,0,0,0.51390934,0.4042838,0.07656952,0.0033581585,0.0018792168,0.51390934,external_test,Dark,102.0,adaptive_feather,123,C:\Users\USER\Desktop\Articulo\Datasets\MESSIDOR2\adaptive_feather\r224\20060523_48890_0100_PP.png,direct_exact
EYEPACS,MESSIDOR2,20060523_48931_0100_PP.png,0,0,0.54678583,0.414751,0.036319133,0.0014572523,0.0006867448,0.54678583,external_test,Normal,109.0,adaptive_feather,123,C:\Users\USER\Desktop\Articulo\Datasets\MESSIDOR2\adaptive_feather\r224\20060523_48931_0100_PP.png,direct_exact
EYEPACS,MESSIDOR2,20060523_48990_0100_PP.png,2,0,0.51890355,0.27055323,0.1992679,0.009044781,0.0022306123,0.51890355,external_test,Normal,124.0,adaptive_feather,123,C:\Users\USER\Desktop\Articulo\Datasets\MESSIDOR2\adaptive_feather\r224\20060523_48990_0100_PP.png,direct_exact
EYEPACS,MESSIDOR2,20060523_49010_0100_PP.png,2,2,0.29973713,0.24490853,0.38826698,0.064176336,0.00291109,0.38826698,external_test,Normal,121.0,adaptive_feather,123,C:\Users\USER\Desktop\Articulo\Datasets\MESSIDOR2\adaptive_feather\r224\20060523_49010_0100_PP.png,direct_exact
EYEPACS,MESSIDOR2,20060523_49100_0100_PP.png,0,0,0.38509467,0.23684935,0.26179525,0.10300251,0.013258131,0.38509467,external_test,Dark,101.0,adaptive_feather,123,C:\Users\USER\Desktop\Articulo\Datasets\MESSIDOR2\adaptive_feather\r224\20060523_49100_0100_PP.png,direct_exact
EYEPACS,MESSIDOR2,20060523_49120_0100_PP.png,0,0,0.5985149,0.25273487,0.13639171,0.009865396,0.0024931128,0.5985149,external_test,Dark,106.0,adaptive_feather,123,C:\Users\USER\Desktop\Articulo\Datasets\MESSIDOR2\adaptive_feather\r224\20060523_49120_0100_PP.png,direct_exact
EYEPACS,MESSIDOR2,20060523_49176_0100_PP.png,0,0,0.39510965,0.2128279,0.2790586,0.10799403,0.0050098095,0.39510965,external_test,Normal,120.0,adaptive_feather,123,C:\Users\USER\Desktop\Articulo\Datasets\MESSIDOR2\adaptive_feather\r224\20060523_49176_0100_PP.png,direct_exact
EYEPACS,MESSIDOR2,20060523_49191_0100_PP.png,0,2,0.2427413,0.19271508,0.32786813,0.18216865,0.05450682,0.32786813,external_test,Normal,113.0,adaptive_feather,123,C:\Users\USER\Desktop\Articulo\Datasets\MESSIDOR2\adaptive_feather\r224\20060523_49191_0100_PP.png,direct_exact
EYEPACS,MESSIDOR2,20060523_49269_0100_PP.png,1,0,0.36624292,0.21393262,0.3061214,0.08556636,0.02813668,0.36624292,external_test,Dark,103.0,adaptive_feather,123,C:\Users\USER\Desktop\Articulo\Datasets\MESSIDOR2\adaptive_feather\r224\20060523_49269_0100_PP.png,direct_exact
EYEPACS,MESSIDOR2,20060523_49288_0100_PP.png,1,2,0.29446748,0.09611048,0.55372673,0.029232614,0.026462711,0.55372673,external_test,Dark,107.0,adaptive_feather,123,C:\Users\USER\Desktop\Articulo\Datasets\MESSIDOR2\adaptive_feather\r224\20060523_49288_0100_PP.png,direct_exact
EYEPACS,MESSIDOR2,20060523_49449_0100_PP.png,1,0,0.5377249,0.28565443,0.14568229,0.026218167,0.0047201747,0.5377249,external_test,Normal,123.0,adaptive_feather,123,C:\Users\USER\Desktop\Articulo\Datasets\MESSIDOR2\adaptive_feather\r224\20060523_49449_0100_PP.png,direct_exact
EYEPACS,MESSIDOR2,20060523_49515_0100_PP.png,0,1,0.3990479,0.530872,0.0660113,0.0032622009,0.000806564,0.530872,external_test,Normal,123.0,adaptive_feather,123,C:\Users\USER\Desktop\Articulo\Datasets\MESSIDOR2\adaptive_feather\r224\20060523_49515_0100_PP.png,direct_exact
EYEPACS,MESSIDOR2,20060523_49573_0100_PP.png,0,1,0.3706511,0.50865734,0.088299155,0.017774535,0.014617878,0.50865734,external_test,Normal,111.0,adaptive_feather,123,C:\Users\USER\Desktop\Articulo\Datasets\MESSIDOR2\adaptive_feather\r224\20060523_49573_0100_PP.png,direct_exact
EYEPACS,MESSIDOR2,20060523_49591_0100_PP.png,1,0,0.3635611,0.33994922,0.27462897,0.016087728,0.0057730083,0.3635611,external_test,Normal,117.0,adaptive_feather,123,C:\Users\USER\Desktop\Articulo\Datasets\MESSIDOR2\adaptive_feather\r224\20060523_49591_0100_PP.png,direct_exact
EYEPACS,MESSIDOR2,20060523_49663_0100_PP.png,0,0,0.5324173,0.3121865,0.12343122,0.015803838,0.016161047,0.5324173,external_test,Bright,130.0,adaptive_feather,123,C:\Users\USER\Desktop\Articulo\Datasets\MESSIDOR2\adaptive_feather\r224\20060523_49663_0100_PP.png,direct_exact
EYEPACS,MESSIDOR2,20060523_49681_0100_PP.png,0,0,0.35072958,0.18372396,0.23148248,0.18497384,0.049090177,0.35072958,external_test,Bright,133.0,adaptive_feather,123,C:\Users\USER\Desktop\Articulo\Datasets\MESSIDOR2\adaptive_feather\r224\20060523_49681_0100_PP.png,direct_exact
EYEPACS,MESSIDOR2,20060523_49726_0100_PP.png,0,0,0.55430514,0.31260896,0.1188567,0.011385956,0.002843227,0.55430514,external_test,Dark,94.0,adaptive_feather,123,C:\Users\USER\Desktop\Articulo\Datasets\MESSIDOR2\adaptive_feather\r224\20060523_49726_0100_PP.png,direct_exact
EYEPACS,MESSIDOR2,20060523_49745_0100_PP.png,0,0,0.45218295,0.33096597,0.17702654,0.029265806,0.0105588,0.45218295,external_test,Dark,97.0,adaptive_feather,123,C:\Users\USER\Desktop\Articulo\Datasets\MESSIDOR2\adaptive_feather\r224\20060523_49745_0100_PP.png,direct_exact
EYEPACS,MESSIDOR2,20060523_49791_0100_PP.png,2,3,0.03809551,0.023975242,0.18250431,0.42590943,0.32951552,0.42590943,external_test,Normal,114.0,adaptive_feather,123,C:\Users\USER\Desktop\Articulo\Datasets\MESSIDOR2\adaptive_feather\r224\20060523_49791_0100_PP.png,direct_exact
EYEPACS,MESSIDOR2,20060523_49809_0100_PP.png,3,3,0.008566627,0.017446026,0.047571283,0.8047713,0.121644676,0.8047713,external_test,Normal,128.0,adaptive_feather,123,C:\Users\USER\Desktop\Articulo\Datasets\MESSIDOR2\adaptive_feather\r224\20060523_49809_0100_PP.png,direct_exact
EYEPACS,MESSIDOR2,20060523_49859_0100_PP.png,2,2,0.10537034,0.21261387,0.4543208,0.14152296,0.08617202,0.4543208,external_test,Normal,125.0,adaptive_feather,123,C:\Users\USER\Desktop\Articulo\Datasets\MESSIDOR2\adaptive_feather\r224\20060523_49859_0100_PP.png,direct_exact
EYEPACS,MESSIDOR2,20060523_49875_0100_PP.png,3,2,0.16196813,0.12938832,0.37895915,0.29718673,0.03249768,0.37895915,external_test,Dark,102.0,adaptive_feather,123,C:\Users\USER\Desktop\Articulo\Datasets\MESSIDOR2\adaptive_feather\r224\20060523_49875_0100_PP.png,direct_exact
EYEPACS,MESSIDOR2,20060523_49928_0100_PP.png,2,3,0.21663073,0.21475963,0.21212097,0.25944316,0.09704548,0.25944316,external_test,Normal,127.0,adaptive_feather,123,C:\Users\USER\Desktop\Articulo\Datasets\MESSIDOR2\adaptive_feather\r224\20060523_49928_0100_PP.png,direct_exact
EYEPACS,MESSIDOR2,20060523_49942_0100_PP.png,2,2,0.1399051,0.2152857,0.41878346,0.19083057,0.035195135,0.41878346,external_test,Normal,113.0,adaptive_feather,123,C:\Users\USER\Desktop\Articulo\Datasets\MESSIDOR2\adaptive_feather\r224\20060523_49942_0100_PP.png,direct_exact
EYEPACS,MESSIDOR2,20060523_50003_0100_PP.png,3,2,0.05782038,0.07264517,0.60004854,0.22456363,0.04492236,0.60004854,external_test,Normal,120.0,adaptive_feather,123,C:\Users\USER\Desktop\Articulo\Datasets\MESSIDOR2\adaptive_feather\r224\20060523_50003_0100_PP.png,direct_exact
EYEPACS,MESSIDOR2,20060523_50019_0100_PP.png,2,2,0.11449643,0.09469306,0.49169898,0.22637582,0.07273568,0.49169898,external_test,Normal,121.0,adaptive_feather,123,C:\Users\USER\Desktop\Articulo\Datasets\MESSIDOR2\adaptive_feather\r224\20060523_50019_0100_PP.png,direct_exact
EYEPACS,MESSIDOR2,20060523_50135_0100_PP.png,2,0,0.41648307,0.33287698,0.23810887,0.010147105,0.0023839446,0.41648307,external_test,Dark,106.0,adaptive_feather,123,C:\Users\USER\Desktop\Articulo\Datasets\MESSIDOR2\adaptive_feather\r224\20060523_50135_0100_PP.png,direct_exact
EYEPACS,MESSIDOR2,20060523_50153_0100_PP.png,0,2,0.2528418,0.33594397,0.3702899,0.024799503,0.016124895,0.3702899,external_test,Normal,119.0,adaptive_feather,123,C:\Users\USER\Desktop\Articulo\Datasets\MESSIDOR2\adaptive_feather\r224\20060523_50153_0100_PP.png,direct_exact
EYEPACS,MESSIDOR2,20060523_50234_0100_PP.png,2,2,0.20975487,0.15719032,0.3034809,0.21270719,0.11686674,0.3034809,external_test,Dark,101.0,adaptive_feather,123,C:\Users\USER\Desktop\Articulo\Datasets\MESSIDOR2\adaptive_feather\r224\20060523_50234_0100_PP.png,direct_exact
EYEPACS,MESSIDOR2,20060523_50262_0100_PP.png,2,2,0.21991612,0.097711876,0.3765902,0.17366067,0.13212115,0.3765902,external_test,Normal,111.0,adaptive_feather,123,C:\Users\USER\Desktop\Articulo\Datasets\MESSIDOR2\adaptive_feather\r224\20060523_50262_0100_PP.png,direct_exact
EYEPACS,MESSIDOR2,20060523_50325_0100_PP.png,0,0,0.6728016,0.22885406,0.07224853,0.015366906,0.010728989,0.6728016,external_test,Normal,117.0,adaptive_feather,123,C:\Users\USER\Desktop\Articulo\Datasets\MESSIDOR2\adaptive_feather\r224\20060523_50325_0100_PP.png,direct_exact
EYEPACS,MESSIDOR2,20060523_50342_0100_PP.png,0,0,0.52791274,0.2224618,0.20785373,0.032560863,0.009210786,0.52791274,external_test,Normal,117.0,adaptive_feather,123,C:\Users\USER\Desktop\Articulo\Datasets\MESSIDOR2\adaptive_feather\r224\20060523_50342_0100_PP.png,direct_exact
EYEPACS,MESSIDOR2,20060523_50392_0100_PP.png,2,2,0.20529526,0.3012044,0.43615586,0.05139321,0.0059513384,0.43615586,external_test,Dark,99.0,adaptive_feather,123,C:\Users\USER\Desktop\Articulo\Datasets\MESSIDOR2\adaptive_feather\r224\20060523_50392_0100_PP.png,direct_exact
EYEPACS,MESSIDOR2,20060523_50408_0100_PP.png,1,2,0.33053783,0.18665889,0.4461173,0.031564064,0.0051218932,0.4461173,external_test,Bright,134.0,adaptive_feather,123,C:\Users\USER\Desktop\Articulo\Datasets\MESSIDOR2\adaptive_feather\r224\20060523_50408_0100_PP.png,direct_exact
EYEPACS,MESSIDOR2,20060523_50469_0100_PP.png,3,3,0.001619959,0.0011923409,0.014468442,0.94020987,0.04250932,0.94020987,external_test,Normal,120.0,adaptive_feather,123,C:\Users\USER\Desktop\Articulo\Datasets\MESSIDOR2\adaptive_feather\r224\20060523_50469_0100_PP.png,direct_exact
EYEPACS,MESSIDOR2,20060523_50489_0100_PP.png,3,3,0.016792124,0.0076837754,0.108085826,0.7563185,0.11111976,0.7563185,external_test,Normal,117.0,adaptive_feather,123,C:\Users\USER\Desktop\Articulo\Datasets\MESSIDOR2\adaptive_feather\r224\20060523_50489_0100_PP.png,direct_exact
EYEPACS,MESSIDOR2,20060523_50539_0100_PP.png,3,3,0.034544453,0.020753868,0.13831459,0.7763537,0.030033395,0.7763537,external_test,Normal,114.0,adaptive_feather,123,C:\Users\USER\Desktop\Articulo\Datasets\MESSIDOR2\adaptive_feather\r224\20060523_50539_0100_PP.png,direct_exact
EYEPACS,MESSIDOR2,20060523_50556_0100_PP.png,3,3,0.020091506,0.004013226,0.17338888,0.77970177,0.022804637,0.77970177,external_test,Normal,118.0,adaptive_feather,123,C:\Users\USER\Desktop\Articulo\Datasets\MESSIDOR2\adaptive_feather\r224\20060523_50556_0100_PP.png,direct_exact
EYEPACS,MESSIDOR2,20060523_50616_0100_PP.png,0,0,0.52314866,0.36859688,0.100545086,0.005127769,0.0025816555,0.52314866,external_test,Normal,110.0,adaptive_feather,123,C:\Users\USER\Desktop\Articulo\Datasets\MESSIDOR2\adaptive_feather\r224\20060523_50616_0100_PP.png,direct_exact
EYEPACS,MESSIDOR2,20060523_50631_0100_PP.png,0,0,0.54047203,0.18003543,0.21724759,0.040726997,0.021518033,0.54047203,external_test,Normal,112.0,adaptive_feather,123,C:\Users\USER\Desktop\Articulo\Datasets\MESSIDOR2\adaptive_feather\r224\20060523_50631_0100_PP.png,direct_exact
EYEPACS,MESSIDOR2,20060523_50707_0100_PP.png,2,0,0.29878077,0.24716152,0.28891018,0.08448319,0.080664344,0.29878077,external_test,Normal,113.0,adaptive_feather,123,C:\Users\USER\Desktop\Articulo\Datasets\MESSIDOR2\adaptive_feather\r224\20060523_50707_0100_PP.png,direct_exact
EYEPACS,MESSIDOR2,20060523_50730_0100_PP.png,1,2,0.27966595,0.25209153,0.42237166,0.03352955,0.01234129,0.42237166,external_test,Normal,116.0,adaptive_feather,123,C:\Users\USER\Desktop\Articulo\Datasets\MESSIDOR2\adaptive_feather\r224\20060523_50730_0100_PP.png,direct_exact
EYEPACS,MESSIDOR2,20060523_50790_0100_PP.png,3,3,0.034989797,0.011636728,0.11924571,0.614825,0.21930279,0.614825,external_test,Dark,102.0,adaptive_feather,123,C:\Users\USER\Desktop\Articulo\Datasets\MESSIDOR2\adaptive_feather\r224\20060523_50790_0100_PP.png,direct_exact
EYEPACS,MESSIDOR2,20060523_50806_0100_PP.png,3,3,0.24179803,0.060386844,0.1685534,0.39545298,0.13380879,0.39545298,external_test,Normal,120.0,adaptive_feather,123,C:\Users\USER\Desktop\Articulo\Datasets\MESSIDOR2\adaptive_feather\r224\20060523_50806_0100_PP.png,direct_exact
EYEPACS,MESSIDOR2,20060529_56013_0100_PP.png,0,0,0.45060182,0.3015012,0.22857502,0.0057078856,0.013614083,0.45060182,external_test,Normal,112.0,adaptive_feather,123,C:\Users\USER\Desktop\Articulo\Datasets\MESSIDOR2\adaptive_feather\r224\20060529_56013_0100_PP.png,direct_exact
EYEPACS,MESSIDOR2,20060529_56039_0100_PP.png,0,0,0.6581665,0.14340991,0.18245597,0.007731277,0.008236388,0.6581665,external_test,Normal,111.0,adaptive_feather,123,C:\Users\USER\Desktop\Articulo\Datasets\MESSIDOR2\adaptive_feather\r224\20060529_56039_0100_PP.png,direct_exact
EYEPACS,MESSIDOR2,20060529_56255_0100_PP.png,2,0,0.4012524,0.27871308,0.25708264,0.048317313,0.014634574,0.4012524,external_test,Dark,107.0,adaptive_feather,123,C:\Users\USER\Desktop\Articulo\Datasets\MESSIDOR2\adaptive_feather\r224\20060529_56255_0100_PP.png,direct_exact
EYEPACS,MESSIDOR2,20060529_56338_0100_PP.png,2,2,0.36048254,0.19285306,0.40428582,0.036030024,0.006348555,0.40428582,external_test,Dark,106.0,adaptive_feather,123,C:\Users\USER\Desktop\Articulo\Datasets\MESSIDOR2\adaptive_feather\r224\20060529_56338_0100_PP.png,direct_exact
EYEPACS,MESSIDOR2,20060529_56420_0100_PP.png,0,0,0.6764728,0.27061403,0.04273176,0.00736551,0.0028159148,0.6764728,external_test,Normal,118.0,adaptive_feather,123,C:\Users\USER\Desktop\Articulo\Datasets\MESSIDOR2\adaptive_feather\r224\20060529_56420_0100_PP.png,direct_exact
EYEPACS,MESSIDOR2,20060529_56442_0100_PP.png,0,0,0.66528696,0.20351197,0.0979397,0.030197242,0.0030641498,0.66528696,external_test,Normal,116.0,adaptive_feather,123,C:\Users\USER\Desktop\Articulo\Datasets\MESSIDOR2\adaptive_feather\r224\20060529_56442_0100_PP.png,direct_exact
EYEPACS,MESSIDOR2,20060529_56563_0100_PP.png,0,0,0.46178362,0.17429793,0.28410655,0.047565892,0.03224602,0.46178362,external_test,ExtremelyDark,67.0,adaptive_feather,123,C:\Users\USER\Desktop\Articulo\Datasets\MESSIDOR2\adaptive_feather\r224\20060529_56563_0100_PP.png,direct_exact
EYEPACS,MESSIDOR2,20060529_56592_0100_PP.png,0,0,0.49733457,0.22717558,0.16186787,0.07637225,0.03724972,0.49733457,external_test,Dark,87.0,adaptive_feather,123,C:\Users\USER\Desktop\Articulo\Datasets\MESSIDOR2\adaptive_feather\r224\20060529_56592_0100_PP.png,direct_exact
EYEPACS,MESSIDOR2,20060529_56700_0100_PP.png,2,3,0.20842423,0.16371666,0.21627319,0.2844641,0.12712182,0.2844641,external_test,Normal,118.0,adaptive_feather,123,C:\Users\USER\Desktop\Articulo\Datasets\MESSIDOR2\adaptive_feather\r224\20060529_56700_0100_PP.png,direct_exact
EYEPACS,MESSIDOR2,20060529_56730_0100_PP.png,2,1,0.36043075,0.38854933,0.22030988,0.02211024,0.008599924,0.38854933,external_test,Normal,116.0,adaptive_feather,123,C:\Users\USER\Desktop\Articulo\Datasets\MESSIDOR2\adaptive_feather\r224\20060529_56730_0100_PP.png,direct_exact
EYEPACS,MESSIDOR2,20060529_56834_0100_PP.png,2,2,0.1456132,0.37448135,0.4242975,0.04558994,0.010017937,0.4242975,external_test,Bright,130.0,adaptive_feather,123,C:\Users\USER\Desktop\Articulo\Datasets\MESSIDOR2\adaptive_feather\r224\20060529_56834_0100_PP.png,direct_exact
EYEPACS,MESSIDOR2,20060529_56853_0100_PP.png,1,2,0.18661061,0.294817,0.42822078,0.07307156,0.017280016,0.42822078,external_test,Bright,141.0,adaptive_feather,123,C:\Users\USER\Desktop\Articulo\Datasets\MESSIDOR2\adaptive_feather\r224\20060529_56853_0100_PP.png,direct_exact
EYEPACS,MESSIDOR2,20060529_56948_0100_PP.png,0,0,0.7045323,0.19578889,0.07284461,0.011261873,0.015572362,0.7045323,external_test,Dark,95.0,adaptive_feather,123,C:\Users\USER\Desktop\Articulo\Datasets\MESSIDOR2\adaptive_feather\r224\20060529_56948_0100_PP.png,direct_exact
EYEPACS,MESSIDOR2,20060529_56968_0100_PP.png,0,0,0.59793943,0.2649471,0.09689598,0.018608075,0.021609455,0.59793943,external_test,Dark,97.0,adaptive_feather,123,C:\Users\USER\Desktop\Articulo\Datasets\MESSIDOR2\adaptive_feather\r224\20060529_56968_0100_PP.png,direct_exact
EYEPACS,MESSIDOR2,20060529_57030_0100_PP.png,3,3,0.01879737,0.013350935,0.12994558,0.8133703,0.024535842,0.8133703,external_test,Bright,131.0,adaptive_feather,123,C:\Users\USER\Desktop\Articulo\Datasets\MESSIDOR2\adaptive_feather\r224\20060529_57030_0100_PP.png,direct_exact
EYEPACS,MESSIDOR2,20060529_57063_0100_PP.png,3,3,0.024326755,0.013731191,0.17816275,0.70479995,0.07897935,0.70479995,external_test,Bright,136.0,adaptive_feather,123,C:\Users\USER\Desktop\Articulo\Datasets\MESSIDOR2\adaptive_feather\r224\20060529_57063_0100_PP.png,direct_exact
EYEPACS,MESSIDOR2,20060529_57156_0100_PP.png,2,3,0.110795885,0.055547636,0.35799178,0.3989632,0.07670146,0.3989632,external_test,Dark,99.0,adaptive_feather,123,C:\Users\USER\Desktop\Articulo\Datasets\MESSIDOR2\adaptive_feather\r224\20060529_57156_0100_PP.png,direct_exact
EYEPACS,MESSIDOR2,20060529_57174_0100_PP.png,1,2,0.09415009,0.13517629,0.45857486,0.25753626,0.05456256,0.45857486,external_test,Normal,129.0,adaptive_feather,123,C:\Users\USER\Desktop\Articulo\Datasets\MESSIDOR2\adaptive_feather\r224\20060529_57174_0100_PP.png,direct_exact
EYEPACS,MESSIDOR2,20060529_57261_0100_PP.png,0,0,0.59491116,0.28739658,0.10843763,0.006670432,0.0025842355,0.59491116,external_test,Normal,113.0,adaptive_feather,123,C:\Users\USER\Desktop\Articulo\Datasets\MESSIDOR2\adaptive_feather\r224\20060529_57261_0100_PP.png,direct_exact
EYEPACS,MESSIDOR2,20060529_57287_0100_PP.png,0,0,0.52856576,0.24041605,0.15377478,0.0416272,0.035616208,0.52856576,external_test,Normal,128.0,adaptive_feather,123,C:\Users\USER\Desktop\Articulo\Datasets\MESSIDOR2\adaptive_feather\r224\20060529_57287_0100_PP.png,direct_exact
EYEPACS,MESSIDOR2,20060529_57351_0100_PP.png,0,0,0.45937905,0.40942985,0.12184386,0.0062961103,0.0030511878,0.45937905,external_test,Dark,103.0,adaptive_feather,123,C:\Users\USER\Desktop\Articulo\Datasets\MESSIDOR2\adaptive_feather\r224\20060529_57351_0100_PP.png,direct_exact
EYEPACS,MESSIDOR2,20060529_57372_0100_PP.png,0,1,0.20456716,0.47823673,0.25377023,0.051856723,0.011569094,0.47823673,external_test,ExtremelyDark,53.0,adaptive_feather,123,C:\Users\USER\Desktop\Articulo\Datasets\MESSIDOR2\adaptive_feather\r224\20060529_57372_0100_PP.png,direct_exact
EYEPACS,MESSIDOR2,20060529_57430_0100_PP.png,3,3,0.053616077,0.07244528,0.2398095,0.60032177,0.033807386,0.60032177,external_test,Normal,125.0,adaptive_feather,123,C:\Users\USER\Desktop\Articulo\Datasets\MESSIDOR2\adaptive_feather\r224\20060529_57430_0100_PP.png,direct_exact
EYEPACS,MESSIDOR2,20060529_57447_0100_PP.png,2,2,0.026162868,0.020219717,0.44720873,0.38947567,0.11693295,0.44720873,external_test,Normal,111.0,adaptive_feather,123,C:\Users\USER\Desktop\Articulo\Datasets\MESSIDOR2\adaptive_feather\r224\20060529_57447_0100_PP.png,direct_exact
EYEPACS,MESSIDOR2,20060530_36860_0100_PP.png,2,3,0.05311142,0.052381437,0.36557955,0.4522585,0.076669075,0.4522585,external_test,Normal,129.0,adaptive_feather,123,C:\Users\USER\Desktop\Articulo\Datasets\MESSIDOR2\adaptive_feather\r224\20060530_36860_0100_PP.png,direct_exact
EYEPACS,MESSIDOR2,20060530_36895_0100_PP.png,2,2,0.2365799,0.12432868,0.39504513,0.15599295,0.08805332,0.39504513,external_test,Normal,129.0,adaptive_feather,123,C:\Users\USER\Desktop\Articulo\Datasets\MESSIDOR2\adaptive_feather\r224\20060530_36895_0100_PP.png,direct_exact
EYEPACS,MESSIDOR2,20060530_51254_0100_PP.png,0,0,0.6238228,0.24384618,0.11177597,0.018476777,0.002078186,0.6238228,external_test,Normal,110.0,adaptive_feather,123,C:\Users\USER\Desktop\Articulo\Datasets\MESSIDOR2\adaptive_feather\r224\20060530_51254_0100_PP.png,direct_exact
EYEPACS,MESSIDOR2,20060530_51279_0100_PP.png,0,0,0.48889875,0.29822809,0.19067375,0.019347357,0.002852054,0.48889875,external_test,Bright,130.0,adaptive_feather,123,C:\Users\USER\Desktop\Articulo\Datasets\MESSIDOR2\adaptive_feather\r224\20060530_51279_0100_PP.png,direct_exact
EYEPACS,MESSIDOR2,20060530_51377_0100_PP.png,2,2,0.20063654,0.12965485,0.40245438,0.17496619,0.09228795,0.40245438,external_test,Dark,91.0,adaptive_feather,123,C:\Users\USER\Desktop\Articulo\Datasets\MESSIDOR2\adaptive_feather\r224\20060530_51377_0100_PP.png,direct_exact
EYEPACS,MESSIDOR2,20060530_51399_0100_PP.png,2,2,0.22739084,0.12128281,0.47025725,0.1283167,0.05275243,0.47025725,external_test,Dark,93.0,adaptive_feather,123,C:\Users\USER\Desktop\Articulo\Datasets\MESSIDOR2\adaptive_feather\r224\20060530_51399_0100_PP.png,direct_exact
EYEPACS,MESSIDOR2,20060530_53042_0100_PP.png,0,0,0.51139957,0.23795025,0.22904451,0.017288513,0.0043171444,0.51139957,external_test,Dark,108.0,adaptive_feather,123,C:\Users\USER\Desktop\Articulo\Datasets\MESSIDOR2\adaptive_feather\r224\20060530_53042_0100_PP.png,direct_exact
EYEPACS,MESSIDOR2,20060530_53062_0100_PP.png,0,0,0.5282989,0.14816745,0.27391544,0.038911358,0.010706866,0.5282989,external_test,Normal,109.0,adaptive_feather,123,C:\Users\USER\Desktop\Articulo\Datasets\MESSIDOR2\adaptive_feather\r224\20060530_53062_0100_PP.png,direct_exact
EYEPACS,MESSIDOR2,20060530_53132_0100_PP.png,0,0,0.7093601,0.20796248,0.07781132,0.0027722663,0.0020937251,0.7093601,external_test,VeryDark,73.0,adaptive_feather,123,C:\Users\USER\Desktop\Articulo\Datasets\MESSIDOR2\adaptive_feather\r224\20060530_53132_0100_PP.png,direct_exact
EYEPACS,MESSIDOR2,20060530_53152_0100_PP.png,0,0,0.48271608,0.40684834,0.09880056,0.0068063033,0.0048286566,0.48271608,external_test,VeryDark,75.0,adaptive_feather,123,C:\Users\USER\Desktop\Articulo\Datasets\MESSIDOR2\adaptive_feather\r224\20060530_53152_0100_PP.png,direct_exact
EYEPACS,MESSIDOR2,20060530_53233_0100_PP.png,2,0,0.30186552,0.22798295,0.24069615,0.19792074,0.031534635,0.30186552,external_test,Normal,122.0,adaptive_feather,123,C:\Users\USER\Desktop\Articulo\Datasets\MESSIDOR2\adaptive_feather\r224\20060530_53233_0100_PP.png,direct_exact
EYEPACS,MESSIDOR2,20060530_53271_0100_PP.png,3,2,0.09310502,0.059069633,0.39574417,0.37495968,0.07712145,0.39574417,external_test,Bright,136.0,adaptive_feather,123,C:\Users\USER\Desktop\Articulo\Datasets\MESSIDOR2\adaptive_feather\r224\20060530_53271_0100_PP.png,direct_exact
EYEPACS,MESSIDOR2,20060530_53421_0100_PP.png,3,3,0.0051508723,0.0024304132,0.027107093,0.94025457,0.025057014,0.94025457,external_test,Bright,145.0,adaptive_feather,123,C:\Users\USER\Desktop\Articulo\Datasets\MESSIDOR2\adaptive_feather\r224\20060530_53421_0100_PP.png,direct_exact
EYEPACS,MESSIDOR2,20060530_53455_0100_PP.png,2,3,0.032552265,0.019798169,0.1570536,0.57306814,0.2175278,0.57306814,external_test,Bright,134.0,adaptive_feather,123,C:\Users\USER\Desktop\Articulo\Datasets\MESSIDOR2\adaptive_feather\r224\20060530_53455_0100_PP.png,direct_exact
EYEPACS,MESSIDOR2,20060530_53522_0100_PP.png,2,2,0.15509781,0.060771212,0.45053226,0.31331474,0.020283934,0.45053226,external_test,Bright,134.0,adaptive_feather,123,C:\Users\USER\Desktop\Articulo\Datasets\MESSIDOR2\adaptive_feather\r224\20060530_53522_0100_PP.png,direct_exact
EYEPACS,MESSIDOR2,20060530_53540_0100_PP.png,2,2,0.26249135,0.104322635,0.4216875,0.18101504,0.030483501,0.4216875,external_test,Bright,135.0,adaptive_feather,123,C:\Users\USER\Desktop\Articulo\Datasets\MESSIDOR2\adaptive_feather\r224\20060530_53540_0100_PP.png,direct_exact
EYEPACS,MESSIDOR2,20060530_53597_0100_PP.png,0,0,0.6035589,0.2538409,0.13757001,0.0035105117,0.0015197347,0.6035589,external_test,Normal,122.0,adaptive_feather,123,C:\Users\USER\Desktop\Articulo\Datasets\MESSIDOR2\adaptive_feather\r224\20060530_53597_0100_PP.png,direct_exact
EYEPACS,MESSIDOR2,20060530_53617_0100_PP.png,1,0,0.51872367,0.19295302,0.25103566,0.019087663,0.01820005,0.51872367,external_test,Normal,126.0,adaptive_feather,123,C:\Users\USER\Desktop\Articulo\Datasets\MESSIDOR2\adaptive_feather\r224\20060530_53617_0100_PP.png,direct_exact
EYEPACS,MESSIDOR2,20060530_53742_0100_PP.png,0,0,0.5479557,0.12403342,0.28698552,0.022557804,0.018467614,0.5479557,external_test,Bright,140.0,adaptive_feather,123,C:\Users\USER\Desktop\Articulo\Datasets\MESSIDOR2\adaptive_feather\r224\20060530_53742_0100_PP.png,direct_exact
EYEPACS,MESSIDOR2,20060530_53761_0100_PP.png,0,0,0.3612367,0.11500906,0.2603251,0.19849832,0.064930856,0.3612367,external_test,Bright,144.0,adaptive_feather,123,C:\Users\USER\Desktop\Articulo\Datasets\MESSIDOR2\adaptive_feather\r224\20060530_53761_0100_PP.png,direct_exact
EYEPACS,MESSIDOR2,20060530_53816_0100_PP.png,0,0,0.45360065,0.33725855,0.1898569,0.016514054,0.0027699026,0.45360065,external_test,ExtremelyDark,58.0,adaptive_feather,123,C:\Users\USER\Desktop\Articulo\Datasets\MESSIDOR2\adaptive_feather\r224\20060530_53816_0100_PP.png,direct_exact
EYEPACS,MESSIDOR2,20060530_53836_0100_PP.png,0,0,0.44628155,0.39461672,0.13997285,0.016806021,0.0023228573,0.44628155,external_test,ExtremelyDark,63.0,adaptive_feather,123,C:\Users\USER\Desktop\Articulo\Datasets\MESSIDOR2\adaptive_feather\r224\20060530_53836_0100_PP.png,direct_exact
EYEPACS,MESSIDOR2,20060530_53928_0100_PP.png,0,0,0.5361963,0.18954833,0.24353299,0.02358682,0.007135564,0.5361963,external_test,Bright,131.0,adaptive_feather,123,C:\Users\USER\Desktop\Articulo\Datasets\MESSIDOR2\adaptive_feather\r224\20060530_53928_0100_PP.png,direct_exact
EYEPACS,MESSIDOR2,20060530_53954_0100_PP.png,0,0,0.38995653,0.16063435,0.35196912,0.08041005,0.017029904,0.38995653,external_test,Bright,133.0,adaptive_feather,123,C:\Users\USER\Desktop\Articulo\Datasets\MESSIDOR2\adaptive_feather\r224\20060530_53954_0100_PP.png,direct_exact
EYEPACS,MESSIDOR2,20060530_54011_0100_PP.png,2,0,0.37258023,0.1587695,0.29061258,0.114541285,0.06349642,0.37258023,external_test,Bright,155.0,adaptive_feather,123,C:\Users\USER\Desktop\Articulo\Datasets\MESSIDOR2\adaptive_feather\r224\20060530_54011_0100_PP.png,direct_exact
EYEPACS,MESSIDOR2,20060530_54030_0100_PP.png,2,0,0.43698996,0.13461654,0.33574036,0.05684092,0.03581218,0.43698996,external_test,Bright,161.0,adaptive_feather,123,C:\Users\USER\Desktop\Articulo\Datasets\MESSIDOR2\adaptive_feather\r224\20060530_54030_0100_PP.png,direct_exact
EYEPACS,MESSIDOR2,20060530_54107_0100_PP.png,2,0,0.3726028,0.26580968,0.28594604,0.05801618,0.01762528,0.3726028,external_test,Dark,103.0,adaptive_feather,123,C:\Users\USER\Desktop\Articulo\Datasets\MESSIDOR2\adaptive_feather\r224\20060530_54107_0100_PP.png,direct_exact
EYEPACS,MESSIDOR2,20060530_54117_0100_PP.png,2,3,0.08860181,0.05645943,0.30973375,0.43505415,0.11015091,0.43505415,external_test,Dark,106.0,adaptive_feather,123,C:\Users\USER\Desktop\Articulo\Datasets\MESSIDOR2\adaptive_feather\r224\20060530_54117_0100_PP.png,direct_exact
EYEPACS,MESSIDOR2,20060530_54223_0100_PP.png,2,2,0.2305255,0.26111054,0.30349475,0.17086807,0.034001146,0.30349475,external_test,Normal,112.0,adaptive_feather,123,C:\Users\USER\Desktop\Articulo\Datasets\MESSIDOR2\adaptive_feather\r224\20060530_54223_0100_PP.png,direct_exact
EYEPACS,MESSIDOR2,20060530_54242_0100_PP.png,3,3,0.06678161,0.1580671,0.12206663,0.6021968,0.05088793,0.6021968,external_test,Normal,111.0,adaptive_feather,123,C:\Users\USER\Desktop\Articulo\Datasets\MESSIDOR2\adaptive_feather\r224\20060530_54242_0100_PP.png,direct_exact
EYEPACS,MESSIDOR2,20060530_54312_0100_PP.png,2,3,0.06697153,0.15548454,0.2879387,0.45736328,0.032241914,0.45736328,external_test,Normal,123.0,adaptive_feather,123,C:\Users\USER\Desktop\Articulo\Datasets\MESSIDOR2\adaptive_feather\r224\20060530_54312_0100_PP.png,direct_exact
EYEPACS,MESSIDOR2,20060530_54332_0100_PP.png,2,2,0.18758681,0.14217506,0.42497772,0.15987252,0.085387856,0.42497772,external_test,Bright,131.0,adaptive_feather,123,C:\Users\USER\Desktop\Articulo\Datasets\MESSIDOR2\adaptive_feather\r224\20060530_54332_0100_PP.png,direct_exact
EYEPACS,MESSIDOR2,20060530_54529_0100_PP.png,2,2,0.09448441,0.108976305,0.38886434,0.33251992,0.075155035,0.38886434,external_test,Dark,91.0,adaptive_feather,123,C:\Users\USER\Desktop\Articulo\Datasets\MESSIDOR2\adaptive_feather\r224\20060530_54529_0100_PP.png,direct_exact
EYEPACS,MESSIDOR2,20060530_54556_0100_PP.png,2,2,0.04057834,0.038334534,0.52562857,0.35442582,0.041032746,0.52562857,external_test,Dark,90.0,adaptive_feather,123,C:\Users\USER\Desktop\Articulo\Datasets\MESSIDOR2\adaptive_feather\r224\20060530_54556_0100_PP.png,direct_exact
EYEPACS,MESSIDOR2,20060530_54632_0100_PP.png,2,2,0.34361526,0.16803017,0.43617666,0.029298607,0.0228793,0.43617666,external_test,Normal,125.0,adaptive_feather,123,C:\Users\USER\Desktop\Articulo\Datasets\MESSIDOR2\adaptive_feather\r224\20060530_54632_0100_PP.png,direct_exact
EYEPACS,MESSIDOR2,20060530_54653_0100_PP.png,2,0,0.55442107,0.0906661,0.31809106,0.016599618,0.020222178,0.55442107,external_test,Normal,124.0,adaptive_feather,123,C:\Users\USER\Desktop\Articulo\Datasets\MESSIDOR2\adaptive_feather\r224\20060530_54653_0100_PP.png,direct_exact
EYEPACS,MESSIDOR2,20060530_55180_0100_PP.png,0,0,0.5081031,0.3099404,0.1607101,0.013139855,0.00810655,0.5081031,external_test,Bright,136.0,adaptive_feather,123,C:\Users\USER\Desktop\Articulo\Datasets\MESSIDOR2\adaptive_feather\r224\20060530_55180_0100_PP.png,direct_exact
EYEPACS,MESSIDOR2,20060530_55203_0100_PP.png,1,0,0.4041355,0.36903626,0.16611308,0.045382008,0.015333176,0.4041355,external_test,Normal,117.0,adaptive_feather,123,C:\Users\USER\Desktop\Articulo\Datasets\MESSIDOR2\adaptive_feather\r224\20060530_55203_0100_PP.png,direct_exact
EYEPACS,MESSIDOR2,20060530_55370_0100_PP.png,1,2,0.28896633,0.11124404,0.32910421,0.22114982,0.049535535,0.32910421,external_test,Normal,128.0,adaptive_feather,123,C:\Users\USER\Desktop\Articulo\Datasets\MESSIDOR2\adaptive_feather\r224\20060530_55370_0100_PP.png,direct_exact
EYEPACS,MESSIDOR2,20060530_55390_0100_PP.png,1,0,0.4768879,0.19829535,0.270089,0.029488472,0.025239207,0.4768879,external_test,Bright,131.0,adaptive_feather,123,C:\Users\USER\Desktop\Articulo\Datasets\MESSIDOR2\adaptive_feather\r224\20060530_55390_0100_PP.png,direct_exact
EYEPACS,MESSIDOR2,20060530_55451_0100_PP.png,1,2,0.21625862,0.3033051,0.37214962,0.0845474,0.02373923,0.37214962,external_test,Normal,113.0,adaptive_feather,123,C:\Users\USER\Desktop\Articulo\Datasets\MESSIDOR2\adaptive_feather\r224\20060530_55451_0100_PP.png,direct_exact
EYEPACS,MESSIDOR2,20060530_55468_0100_PP.png,2,2,0.16132692,0.16747987,0.48467442,0.14725253,0.039266266,0.48467442,external_test,ExtremelyDark,68.0,adaptive_feather,123,C:\Users\USER\Desktop\Articulo\Datasets\MESSIDOR2\adaptive_feather\r224\20060530_55468_0100_PP.png,direct_exact
EYEPACS,MESSIDOR2,20060530_55607_0100_PP.png,0,0,0.48924738,0.24260296,0.23105098,0.027450578,0.009648146,0.48924738,external_test,Bright,130.0,adaptive_feather,123,C:\Users\USER\Desktop\Articulo\Datasets\MESSIDOR2\adaptive_feather\r224\20060530_55607_0100_PP.png,direct_exact
EYEPACS,MESSIDOR2,20060530_55628_0100_PP.png,1,0,0.49286097,0.25148723,0.21251366,0.032624405,0.010513728,0.49286097,external_test,Bright,143.0,adaptive_feather,123,C:\Users\USER\Desktop\Articulo\Datasets\MESSIDOR2\adaptive_feather\r224\20060530_55628_0100_PP.png,direct_exact
EYEPACS,MESSIDOR2,20060530_55724_0100_PP.png,3,2,0.07474609,0.06694007,0.4110011,0.40421936,0.043093406,0.4110011,external_test,Normal,128.0,adaptive_feather,123,C:\Users\USER\Desktop\Articulo\Datasets\MESSIDOR2\adaptive_feather\r224\20060530_55724_0100_PP.png,direct_exact
EYEPACS,MESSIDOR2,20060530_55746_0100_PP.png,3,2,0.18774259,0.12332137,0.3645006,0.29015243,0.03428296,0.3645006,external_test,Normal,122.0,adaptive_feather,123,C:\Users\USER\Desktop\Articulo\Datasets\MESSIDOR2\adaptive_feather\r224\20060530_55746_0100_PP.png,direct_exact
EYEPACS,MESSIDOR2,20060530_55816_0100_PP.png,2,2,0.18424661,0.2906691,0.4041227,0.11357093,0.007390568,0.4041227,external_test,Dark,103.0,adaptive_feather,123,C:\Users\USER\Desktop\Articulo\Datasets\MESSIDOR2\adaptive_feather\r224\20060530_55816_0100_PP.png,direct_exact
EYEPACS,MESSIDOR2,20060530_55837_0100_PP.png,2,0,0.38533747,0.20577836,0.38531172,0.014623236,0.008949194,0.38533747,external_test,Dark,108.0,adaptive_feather,123,C:\Users\USER\Desktop\Articulo\Datasets\MESSIDOR2\adaptive_feather\r224\20060530_55837_0100_PP.png,direct_exact
EYEPACS,MESSIDOR2,IM000012.jpg,2,0,0.3891823,0.17738286,0.31170267,0.043748353,0.07798385,0.3891823,external_test,Dark,91.0,adaptive_feather,123,C:\Users\USER\Desktop\Articulo\Datasets\MESSIDOR2\adaptive_feather\r224\IM000012.png,basename
EYEPACS,MESSIDOR2,IM000013.jpg,1,0,0.3369432,0.22856121,0.31193045,0.08516288,0.03740236,0.3369432,external_test,Dark,95.0,adaptive_feather,123,C:\Users\USER\Desktop\Articulo\Datasets\MESSIDOR2\adaptive_feather\r224\IM000013.png,basename
EYEPACS,MESSIDOR2,IM000056.jpg,0,2,0.27959594,0.09258756,0.31001112,0.15947945,0.15832596,0.31001112,external_test,Dark,107.0,adaptive_feather,123,C:\Users\USER\Desktop\Articulo\Datasets\MESSIDOR2\adaptive_feather\r224\IM000056.png,basename
EYEPACS,MESSIDOR2,IM000057.jpg,0,2,0.1969556,0.060907926,0.31601626,0.19899939,0.2271208,0.31601626,external_test,Dark,106.0,adaptive_feather,123,C:\Users\USER\Desktop\Articulo\Datasets\MESSIDOR2\adaptive_feather\r224\IM000057.png,basename
EYEPACS,MESSIDOR2,IM000065.jpg,1,0,0.39593813,0.22162402,0.2754995,0.07421751,0.03272074,0.39593813,external_test,Dark,95.0,adaptive_feather,123,C:\Users\USER\Desktop\Articulo\Datasets\MESSIDOR2\adaptive_feather\r224\IM000065.png,basename
EYEPACS,MESSIDOR2,IM000066.jpg,1,3,0.13006485,0.043134432,0.25655627,0.4691644,0.10108006,0.4691644,external_test,VeryDark,73.0,adaptive_feather,123,C:\Users\USER\Desktop\Articulo\Datasets\MESSIDOR2\adaptive_feather\r224\IM000066.png,basename
EYEPACS,MESSIDOR2,IM000072.jpg,0,1,0.2712528,0.3541049,0.30784157,0.034230493,0.032570206,0.3541049,external_test,VeryDark,75.0,adaptive_feather,123,C:\Users\USER\Desktop\Articulo\Datasets\MESSIDOR2\adaptive_feather\r224\IM000072.png,basename
EYEPACS,MESSIDOR2,IM000073.jpg,0,1,0.29096833,0.3587446,0.3081624,0.025407147,0.016717542,0.3587446,external_test,Dark,85.0,adaptive_feather,123,C:\Users\USER\Desktop\Articulo\Datasets\MESSIDOR2\adaptive_feather\r224\IM000073.png,basename
EYEPACS,MESSIDOR2,IM000079.jpg,1,4,0.04527646,0.044960164,0.13073792,0.19670758,0.5823179,0.5823179,external_test,Dark,100.0,adaptive_feather,123,C:\Users\USER\Desktop\Articulo\Datasets\MESSIDOR2\adaptive_feather\r224\IM000079.png,basename
EYEPACS,MESSIDOR2,IM000080.jpg,0,4,0.113035485,0.061043598,0.25807562,0.2761122,0.29173306,0.29173306,external_test,Dark,85.0,adaptive_feather,123,C:\Users\USER\Desktop\Articulo\Datasets\MESSIDOR2\adaptive_feather\r224\IM000080.png,basename
EYEPACS,MESSIDOR2,IM000086.jpg,0,0,0.48179385,0.20964406,0.21560186,0.015620847,0.07733941,0.48179385,external_test,Dark,102.0,adaptive_feather,123,C:\Users\USER\Desktop\Articulo\Datasets\MESSIDOR2\adaptive_feather\r224\IM000086.png,basename
EYEPACS,MESSIDOR2,IM000087.jpg,0,0,0.31097668,0.290396,0.29381755,0.03825633,0.06655345,0.31097668,external_test,Dark,100.0,adaptive_feather,123,C:\Users\USER\Desktop\Articulo\Datasets\MESSIDOR2\adaptive_feather\r224\IM000087.png,basename
EYEPACS,MESSIDOR2,IM000093.jpg,2,4,0.16255979,0.05746486,0.20057416,0.2870701,0.29233107,0.29233107,external_test,Normal,127.0,adaptive_feather,123,C:\Users\USER\Desktop\Articulo\Datasets\MESSIDOR2\adaptive_feather\r224\IM000093.png,basename
EYEPACS,MESSIDOR2,IM000094.jpg,2,2,0.19181855,0.10855407,0.48967227,0.07875535,0.13119978,0.48967227,external_test,Normal,120.0,adaptive_feather,123,C:\Users\USER\Desktop\Articulo\Datasets\MESSIDOR2\adaptive_feather\r224\IM000094.png,basename
EYEPACS,MESSIDOR2,IM000100.jpg,0,2,0.29570305,0.093570754,0.32070047,0.10008133,0.1899444,0.32070047,external_test,Dark,94.0,adaptive_feather,123,C:\Users\USER\Desktop\Articulo\Datasets\MESSIDOR2\adaptive_feather\r224\IM000100.png,basename
EYEPACS,MESSIDOR2,IM000101.jpg,0,3,0.1391479,0.09560604,0.31637958,0.37154832,0.077318214,0.37154832,external_test,Dark,89.0,adaptive_feather,123,C:\Users\USER\Desktop\Articulo\Datasets\MESSIDOR2\adaptive_feather\r224\IM000101.png,basename
EYEPACS,MESSIDOR2,IM000107.jpg,0,2,0.2698033,0.09884024,0.30280897,0.20969622,0.118851215,0.30280897,external_test,Dark,89.0,adaptive_feather,123,C:\Users\USER\Desktop\Articulo\Datasets\MESSIDOR2\adaptive_feather\r224\IM000107.png,basename
EYEPACS,MESSIDOR2,IM000108.jpg,0,4,0.24809232,0.06718357,0.30765113,0.04548189,0.33159107,0.33159107,external_test,Dark,102.0,adaptive_feather,123,C:\Users\USER\Desktop\Articulo\Datasets\MESSIDOR2\adaptive_feather\r224\IM000108.png,basename
EYEPACS,MESSIDOR2,IM000114.jpg,0,4,0.17509231,0.07645413,0.20833984,0.08960673,0.45050696,0.45050696,external_test,Dark,92.0,adaptive_feather,123,C:\Users\USER\Desktop\Articulo\Datasets\MESSIDOR2\adaptive_feather\r224\IM000114.png,basename
EYEPACS,MESSIDOR2,IM000115.jpg,0,2,0.26759082,0.1291065,0.37405032,0.113286205,0.11596607,0.37405032,external_test,VeryDark,80.0,adaptive_feather,123,C:\Users\USER\Desktop\Articulo\Datasets\MESSIDOR2\adaptive_feather\r224\IM000115.png,basename
EYEPACS,MESSIDOR2,IM000122.jpg,0,3,0.087016135,0.060811955,0.28711307,0.3016462,0.26341265,0.3016462,external_test,Dark,108.0,adaptive_feather,123,C:\Users\USER\Desktop\Articulo\Datasets\MESSIDOR2\adaptive_feather\r224\IM000122.png,basename
EYEPACS,MESSIDOR2,IM000123.jpg,0,4,0.052149292,0.024617169,0.04300601,0.20063454,0.679593,0.679593,external_test,VeryDark,79.0,adaptive_feather,123,C:\Users\USER\Desktop\Articulo\Datasets\MESSIDOR2\adaptive_feather\r224\IM000123.png,basename
EYEPACS,MESSIDOR2,IM000131.jpg,0,2,0.26973978,0.1441184,0.2758608,0.1430958,0.16718525,0.2758608,external_test,Dark,91.0,adaptive_feather,123,C:\Users\USER\Desktop\Articulo\Datasets\MESSIDOR2\adaptive_feather\r224\IM000131.png,basename
EYEPACS,MESSIDOR2,IM000132.jpg,0,4,0.016779702,0.0030919574,0.06489196,0.26325634,0.65198004,0.65198004,external_test,VeryDark,76.0,adaptive_feather,123,C:\Users\USER\Desktop\Articulo\Datasets\MESSIDOR2\adaptive_feather\r224\IM000132.png,basename
EYEPACS,MESSIDOR2,IM000138.jpg,1,2,0.18384823,0.10369456,0.4550485,0.05188897,0.20551969,0.4550485,external_test,Dark,92.0,adaptive_feather,123,C:\Users\USER\Desktop\Articulo\Datasets\MESSIDOR2\adaptive_feather\r224\IM000138.png,basename
EYEPACS,MESSIDOR2,IM000139.jpg,0,2,0.2227353,0.07801039,0.3245268,0.090650946,0.2840766,0.3245268,external_test,VeryDark,83.0,adaptive_feather,123,C:\Users\USER\Desktop\Articulo\Datasets\MESSIDOR2\adaptive_feather\r224\IM000139.png,basename
EYEPACS,MESSIDOR2,IM000145.jpg,1,3,0.045347255,0.05328011,0.22789675,0.5572301,0.116245784,0.5572301,external_test,Dark,105.0,adaptive_feather,123,C:\Users\USER\Desktop\Articulo\Datasets\MESSIDOR2\adaptive_feather\r224\IM000145.png,basename
EYEPACS,MESSIDOR2,IM000146.jpg,0,4,0.096480876,0.055737246,0.25976253,0.2598925,0.32812685,0.32812685,external_test,Normal,122.0,adaptive_feather,123,C:\Users\USER\Desktop\Articulo\Datasets\MESSIDOR2\adaptive_feather\r224\IM000146.png,basename
EYEPACS,MESSIDOR2,IM000160.jpg,0,2,0.2844088,0.19398251,0.43663958,0.032175224,0.05279384,0.43663958,external_test,VeryDark,84.0,adaptive_feather,123,C:\Users\USER\Desktop\Articulo\Datasets\MESSIDOR2\adaptive_feather\r224\IM000160.png,basename
EYEPACS,MESSIDOR2,IM000161.jpg,0,1,0.19925138,0.38706318,0.36869904,0.029342826,0.015643673,0.38706318,external_test,VeryDark,84.0,adaptive_feather,123,C:\Users\USER\Desktop\Articulo\Datasets\MESSIDOR2\adaptive_feather\r224\IM000161.png,basename
EYEPACS,MESSIDOR2,IM000167.jpg,0,0,0.5697274,0.33829412,0.08696916,0.0015321483,0.0034772055,0.5697274,external_test,VeryDark,82.0,adaptive_feather,123,C:\Users\USER\Desktop\Articulo\Datasets\MESSIDOR2\adaptive_feather\r224\IM000167.png,basename
EYEPACS,MESSIDOR2,IM000168.jpg,0,0,0.5427142,0.35221535,0.0805469,0.012447686,0.0120758535,0.5427142,external_test,VeryDark,80.0,adaptive_feather,123,C:\Users\USER\Desktop\Articulo\Datasets\MESSIDOR2\adaptive_feather\r224\IM000168.png,basename
EYEPACS,MESSIDOR2,IM000190.jpg,0,2,0.19484544,0.10079392,0.45001882,0.12243692,0.13190494,0.45001882,external_test,Normal,125.0,adaptive_feather,123,C:\Users\USER\Desktop\Articulo\Datasets\MESSIDOR2\adaptive_feather\r224\IM000190.png,basename
EYEPACS,MESSIDOR2,IM000191.jpg,0,4,0.11427948,0.037475016,0.13768522,0.29217002,0.41839018,0.41839018,external_test,Dark,101.0,adaptive_feather,123,C:\Users\USER\Desktop\Articulo\Datasets\MESSIDOR2\adaptive_feather\r224\IM000191.png,basename
EYEPACS,MESSIDOR2,IM000197.jpg,0,2,0.17820646,0.17920819,0.4770447,0.08436667,0.081173986,0.4770447,external_test,Dark,94.0,adaptive_feather,123,C:\Users\USER\Desktop\Articulo\Datasets\MESSIDOR2\adaptive_feather\r224\IM000197.png,basename
EYEPACS,MESSIDOR2,IM000198.jpg,0,0,0.3425532,0.20264712,0.22702464,0.031907566,0.1958675,0.3425532,external_test,Dark,87.0,adaptive_feather,123,C:\Users\USER\Desktop\Articulo\Datasets\MESSIDOR2\adaptive_feather\r224\IM000198.png,basename
EYEPACS,MESSIDOR2,IM000205.jpg,0,0,0.48879296,0.22712246,0.22292823,0.035921607,0.02523477,0.48879296,external_test,VeryDark,83.0,adaptive_feather,123,C:\Users\USER\Desktop\Articulo\Datasets\MESSIDOR2\adaptive_feather\r224\IM000205.png,basename
EYEPACS,MESSIDOR2,IM000206.jpg,0,0,0.37063366,0.32074124,0.22783528,0.06547468,0.015315121,0.37063366,external_test,VeryDark,83.0,adaptive_feather,123,C:\Users\USER\Desktop\Articulo\Datasets\MESSIDOR2\adaptive_feather\r224\IM000206.png,basename
EYEPACS,MESSIDOR2,IM000212.jpg,0,2,0.20760304,0.22199985,0.44971332,0.09699231,0.023691451,0.44971332,external_test,VeryDark,81.0,adaptive_feather,123,C:\Users\USER\Desktop\Articulo\Datasets\MESSIDOR2\adaptive_feather\r224\IM000212.png,basename
EYEPACS,MESSIDOR2,IM000213.jpg,0,4,0.11140559,0.028675605,0.16974968,0.24431323,0.4458559,0.4458559,external_test,ExtremelyDark,62.0,adaptive_feather,123,C:\Users\USER\Desktop\Articulo\Datasets\MESSIDOR2\adaptive_feather\r224\IM000213.png,basename
EYEPACS,MESSIDOR2,IM000219.jpg,0,0,0.4299685,0.18502858,0.32735673,0.023194982,0.03445124,0.4299685,external_test,ExtremelyDark,69.0,adaptive_feather,123,C:\Users\USER\Desktop\Articulo\Datasets\MESSIDOR2\adaptive_feather\r224\IM000219.png,basename
EYEPACS,MESSIDOR2,IM000220.jpg,0,2,0.19844015,0.25125858,0.40235493,0.059194524,0.088751785,0.40235493,external_test,ExtremelyDark,58.0,adaptive_feather,123,C:\Users\USER\Desktop\Articulo\Datasets\MESSIDOR2\adaptive_feather\r224\IM000220.png,basename
EYEPACS,MESSIDOR2,IM000241.jpg,0,2,0.124084786,0.11425851,0.31559455,0.20438242,0.24167977,0.31559455,external_test,Dark,98.0,adaptive_feather,123,C:\Users\USER\Desktop\Articulo\Datasets\MESSIDOR2\adaptive_feather\r224\IM000241.png,basename
EYEPACS,MESSIDOR2,IM000242.jpg,0,0,0.43284607,0.18698335,0.25588468,0.069657005,0.054628905,0.43284607,external_test,Dark,98.0,adaptive_feather,123,C:\Users\USER\Desktop\Articulo\Datasets\MESSIDOR2\adaptive_feather\r224\IM000242.png,basename
EYEPACS,MESSIDOR2,IM000248.jpg,2,3,0.04234636,0.028465172,0.25403148,0.47318432,0.20197272,0.47318432,external_test,Dark,97.0,adaptive_feather,123,C:\Users\USER\Desktop\Articulo\Datasets\MESSIDOR2\adaptive_feather\r224\IM000248.png,basename
EYEPACS,MESSIDOR2,IM000249.jpg,2,2,0.16909511,0.11083227,0.35734767,0.13066006,0.23206487,0.35734767,external_test,Dark,93.0,adaptive_feather,123,C:\Users\USER\Desktop\Articulo\Datasets\MESSIDOR2\adaptive_feather\r224\IM000249.png,basename
EYEPACS,MESSIDOR2,IM000263.jpg,0,2,0.14210656,0.14651448,0.39599502,0.22248818,0.0928957,0.39599502,external_test,Dark,107.0,adaptive_feather,123,C:\Users\USER\Desktop\Articulo\Datasets\MESSIDOR2\adaptive_feather\r224\IM000263.png,basename
EYEPACS,MESSIDOR2,IM000264.jpg,0,4,0.0663151,0.04910037,0.08813977,0.32655513,0.46988958,0.46988958,external_test,Dark,106.0,adaptive_feather,123,C:\Users\USER\Desktop\Articulo\Datasets\MESSIDOR2\adaptive_feather\r224\IM000264.png,basename
EYEPACS,MESSIDOR2,IM000291.jpg,0,0,0.3207805,0.20287164,0.24979511,0.15763785,0.068915024,0.3207805,external_test,Normal,119.0,adaptive_feather,123,C:\Users\USER\Desktop\Articulo\Datasets\MESSIDOR2\adaptive_feather\r224\IM000291.png,basename
EYEPACS,MESSIDOR2,IM000292.jpg,0,0,0.36971468,0.33984542,0.24753013,0.030217465,0.012692346,0.36971468,external_test,Normal,114.0,adaptive_feather,123,C:\Users\USER\Desktop\Articulo\Datasets\MESSIDOR2\adaptive_feather\r224\IM000292.png,basename
EYEPACS,MESSIDOR2,IM000298.jpg,0,0,0.48474094,0.33928946,0.15615343,0.011333987,0.008482261,0.48474094,external_test,Dark,88.0,adaptive_feather,123,C:\Users\USER\Desktop\Articulo\Datasets\MESSIDOR2\adaptive_feather\r224\IM000298.png,basename
EYEPACS,MESSIDOR2,IM000299.jpg,0,0,0.54383945,0.27154708,0.14696339,0.010477992,0.027172096,0.54383945,external_test,VeryDark,76.0,adaptive_feather,123,C:\Users\USER\Desktop\Articulo\Datasets\MESSIDOR2\adaptive_feather\r224\IM000299.png,basename
EYEPACS,MESSIDOR2,IM000305.jpg,0,2,0.34202838,0.181357,0.4188178,0.028172502,0.02962429,0.4188178,external_test,Dark,89.0,adaptive_feather,123,C:\Users\USER\Desktop\Articulo\Datasets\MESSIDOR2\adaptive_feather\r224\IM000305.png,basename
EYEPACS,MESSIDOR2,IM000306.jpg,0,2,0.18344547,0.12173878,0.44208506,0.16632509,0.08640555,0.44208506,external_test,Dark,91.0,adaptive_feather,123,C:\Users\USER\Desktop\Articulo\Datasets\MESSIDOR2\adaptive_feather\r224\IM000306.png,basename
EYEPACS,MESSIDOR2,IM000312.jpg,0,0,0.38362387,0.16510615,0.29795083,0.09768042,0.055638723,0.38362387,external_test,Dark,95.0,adaptive_feather,123,C:\Users\USER\Desktop\Articulo\Datasets\MESSIDOR2\adaptive_feather\r224\IM000312.png,basename
EYEPACS,MESSIDOR2,IM000313.jpg,0,3,0.06399555,0.04308951,0.1552606,0.5642154,0.17343888,0.5642154,external_test,Dark,88.0,adaptive_feather,123,C:\Users\USER\Desktop\Articulo\Datasets\MESSIDOR2\adaptive_feather\r224\IM000313.png,basename
EYEPACS,MESSIDOR2,IM000319.jpg,0,4,0.07158477,0.036862567,0.09920557,0.2570694,0.53527766,0.53527766,external_test,VeryDark,83.0,adaptive_feather,123,C:\Users\USER\Desktop\Articulo\Datasets\MESSIDOR2\adaptive_feather\r224\IM000319.png,basename
EYEPACS,MESSIDOR2,IM000320.jpg,1,2,0.2667742,0.14444081,0.26799548,0.11415758,0.20663193,0.26799548,external_test,Dark,98.0,adaptive_feather,123,C:\Users\USER\Desktop\Articulo\Datasets\MESSIDOR2\adaptive_feather\r224\IM000320.png,basename
EYEPACS,MESSIDOR2,IM000326.jpg,0,2,0.11052959,0.04735416,0.3165327,0.30712497,0.21845858,0.3165327,external_test,Normal,122.0,adaptive_feather,123,C:\Users\USER\Desktop\Articulo\Datasets\MESSIDOR2\adaptive_feather\r224\IM000326.png,basename
EYEPACS,MESSIDOR2,IM000327.jpg,0,2,0.1764618,0.09343147,0.37271008,0.13961796,0.21777864,0.37271008,external_test,Normal,109.0,adaptive_feather,123,C:\Users\USER\Desktop\Articulo\Datasets\MESSIDOR2\adaptive_feather\r224\IM000327.png,basename
EYEPACS,MESSIDOR2,IM000349.jpg,0,2,0.23569718,0.25259286,0.40212256,0.0777933,0.031794157,0.40212256,external_test,VeryDark,83.0,adaptive_feather,123,C:\Users\USER\Desktop\Articulo\Datasets\MESSIDOR2\adaptive_feather\r224\IM000349.png,basename
EYEPACS,MESSIDOR2,IM000350.jpg,0,0,0.35859016,0.19760166,0.3274317,0.06281013,0.053566396,0.35859016,external_test,VeryDark,73.0,adaptive_feather,123,C:\Users\USER\Desktop\Articulo\Datasets\MESSIDOR2\adaptive_feather\r224\IM000350.png,basename
EYEPACS,MESSIDOR2,IM000356.jpg,0,0,0.41676334,0.23880412,0.24410968,0.076818235,0.023504723,0.41676334,external_test,VeryDark,72.0,adaptive_feather,123,C:\Users\USER\Desktop\Articulo\Datasets\MESSIDOR2\adaptive_feather\r224\IM000356.png,basename
EYEPACS,MESSIDOR2,IM000357.jpg,0,0,0.52566034,0.24081098,0.16897695,0.03778176,0.026769957,0.52566034,external_test,ExtremelyDark,69.0,adaptive_feather,123,C:\Users\USER\Desktop\Articulo\Datasets\MESSIDOR2\adaptive_feather\r224\IM000357.png,basename
EYEPACS,MESSIDOR2,IM000371.jpg,0,4,0.24427246,0.12841739,0.25812122,0.08911426,0.28007463,0.28007463,external_test,Dark,87.0,adaptive_feather,123,C:\Users\USER\Desktop\Articulo\Datasets\MESSIDOR2\adaptive_feather\r224\IM000371.png,basename
EYEPACS,MESSIDOR2,IM000372.jpg,0,2,0.223074,0.22936477,0.34301576,0.11106505,0.093480505,0.34301576,external_test,VeryDark,73.0,adaptive_feather,123,C:\Users\USER\Desktop\Articulo\Datasets\MESSIDOR2\adaptive_feather\r224\IM000372.png,basename
EYEPACS,MESSIDOR2,IM000378.jpg,0,2,0.1889875,0.22956553,0.36308137,0.14912379,0.06924178,0.36308137,external_test,Dark,87.0,adaptive_feather,123,C:\Users\USER\Desktop\Articulo\Datasets\MESSIDOR2\adaptive_feather\r224\IM000378.png,basename
EYEPACS,MESSIDOR2,IM000379.jpg,0,2,0.26444328,0.13215601,0.38515967,0.10770122,0.11053974,0.38515967,external_test,Dark,88.0,adaptive_feather,123,C:\Users\USER\Desktop\Articulo\Datasets\MESSIDOR2\adaptive_feather\r224\IM000379.png,basename
EYEPACS,MESSIDOR2,IM000405.jpg,1,0,0.43572676,0.27026767,0.24347804,0.029909246,0.020618353,0.43572676,external_test,VeryDark,83.0,adaptive_feather,123,C:\Users\USER\Desktop\Articulo\Datasets\MESSIDOR2\adaptive_feather\r224\IM000405.png,basename
EYEPACS,MESSIDOR2,IM000406.jpg,1,0,0.36376882,0.2875526,0.24635798,0.043168962,0.059151612,0.36376882,external_test,Dark,86.0,adaptive_feather,123,C:\Users\USER\Desktop\Articulo\Datasets\MESSIDOR2\adaptive_feather\r224\IM000406.png,basename
EYEPACS,MESSIDOR2,IM000412.jpg,0,0,0.39206013,0.15745509,0.28977084,0.12398657,0.036727402,0.39206013,external_test,Dark,98.0,adaptive_feather,123,C:\Users\USER\Desktop\Articulo\Datasets\MESSIDOR2\adaptive_feather\r224\IM000412.png,basename
EYEPACS,MESSIDOR2,IM000413.jpg,1,1,0.2782443,0.31618208,0.25000787,0.06404605,0.09151974,0.31618208,external_test,Dark,89.0,adaptive_feather,123,C:\Users\USER\Desktop\Articulo\Datasets\MESSIDOR2\adaptive_feather\r224\IM000413.png,basename
EYEPACS,MESSIDOR2,IM000425.jpg,0,2,0.24872275,0.12795119,0.46205416,0.08439601,0.07687583,0.46205416,external_test,Dark,91.0,adaptive_feather,123,C:\Users\USER\Desktop\Articulo\Datasets\MESSIDOR2\adaptive_feather\r224\IM000425.png,basename
EYEPACS,MESSIDOR2,IM000426.jpg,0,0,0.25669312,0.1594119,0.22360983,0.105174206,0.25511098,0.25669312,external_test,Dark,96.0,adaptive_feather,123,C:\Users\USER\Desktop\Articulo\Datasets\MESSIDOR2\adaptive_feather\r224\IM000426.png,basename
EYEPACS,MESSIDOR2,IM000449.jpg,0,1,0.30728588,0.39644787,0.261686,0.019614076,0.014966176,0.39644787,external_test,VeryDark,83.0,adaptive_feather,123,C:\Users\USER\Desktop\Articulo\Datasets\MESSIDOR2\adaptive_feather\r224\IM000449.png,basename
EYEPACS,MESSIDOR2,IM000450.jpg,0,0,0.47924623,0.39119348,0.113936745,0.0029547964,0.012668782,0.47924623,external_test,VeryDark,82.0,adaptive_feather,123,C:\Users\USER\Desktop\Articulo\Datasets\MESSIDOR2\adaptive_feather\r224\IM000450.png,basename
EYEPACS,MESSIDOR2,IM000472.jpg,2,3,0.0374483,0.0160427,0.092392676,0.6094165,0.24469988,0.6094165,external_test,Normal,129.0,adaptive_feather,123,C:\Users\USER\Desktop\Articulo\Datasets\MESSIDOR2\adaptive_feather\r224\IM000472.png,basename
EYEPACS,MESSIDOR2,IM000473.jpg,2,3,0.12092755,0.08517852,0.28302106,0.33435637,0.17651652,0.33435637,external_test,Bright,132.0,adaptive_feather,123,C:\Users\USER\Desktop\Articulo\Datasets\MESSIDOR2\adaptive_feather\r224\IM000473.png,basename
EYEPACS,MESSIDOR2,IM000479.jpg,0,0,0.3748268,0.25446504,0.30716297,0.033817135,0.029728003,0.3748268,external_test,Dark,105.0,adaptive_feather,123,C:\Users\USER\Desktop\Articulo\Datasets\MESSIDOR2\adaptive_feather\r224\IM000479.png,basename
EYEPACS,MESSIDOR2,IM000480.jpg,0,0,0.5456326,0.2512833,0.1809712,0.009270354,0.012842534,0.5456326,external_test,Dark,106.0,adaptive_feather,123,C:\Users\USER\Desktop\Articulo\Datasets\MESSIDOR2\adaptive_feather\r224\IM000480.png,basename
EYEPACS,MESSIDOR2,IM000500.jpg,1,0,0.50036496,0.2946575,0.14687425,0.041460544,0.016642727,0.50036496,external_test,Dark,90.0,adaptive_feather,123,C:\Users\USER\Desktop\Articulo\Datasets\MESSIDOR2\adaptive_feather\r224\IM000500.png,basename
EYEPACS,MESSIDOR2,IM000501.jpg,0,2,0.25783128,0.25377813,0.34363437,0.081680216,0.06307599,0.34363437,external_test,Dark,91.0,adaptive_feather,123,C:\Users\USER\Desktop\Articulo\Datasets\MESSIDOR2\adaptive_feather\r224\IM000501.png,basename
EYEPACS,MESSIDOR2,IM000515.jpg,0,0,0.48208025,0.41514182,0.092726864,0.005094847,0.0049563395,0.48208025,external_test,VeryDark,78.0,adaptive_feather,123,C:\Users\USER\Desktop\Articulo\Datasets\MESSIDOR2\adaptive_feather\r224\IM000515.png,basename
EYEPACS,MESSIDOR2,IM000516.jpg,0,2,0.3048173,0.26009274,0.3455444,0.069023825,0.020521794,0.3455444,external_test,VeryDark,75.0,adaptive_feather,123,C:\Users\USER\Desktop\Articulo\Datasets\MESSIDOR2\adaptive_feather\r224\IM000516.png,basename
EYEPACS,MESSIDOR2,IM000530.jpg,1,4,0.029049926,0.005729741,0.031692617,0.050148316,0.8833794,0.8833794,external_test,VeryDark,82.0,adaptive_feather,123,C:\Users\USER\Desktop\Articulo\Datasets\MESSIDOR2\adaptive_feather\r224\IM000530.png,basename
EYEPACS,MESSIDOR2,IM000531.jpg,0,4,0.007019698,0.0053030835,0.0445225,0.2982377,0.644917,0.644917,external_test,VeryDark,76.0,adaptive_feather,123,C:\Users\USER\Desktop\Articulo\Datasets\MESSIDOR2\adaptive_feather\r224\IM000531.png,basename
EYEPACS,MESSIDOR2,IM000537.jpg,0,0,0.46467125,0.15044786,0.18723857,0.061714366,0.13592798,0.46467125,external_test,VeryDark,76.0,adaptive_feather,123,C:\Users\USER\Desktop\Articulo\Datasets\MESSIDOR2\adaptive_feather\r224\IM000537.png,basename
EYEPACS,MESSIDOR2,IM000538.jpg,0,0,0.49234283,0.15340175,0.24268875,0.049710695,0.061855946,0.49234283,external_test,VeryDark,75.0,adaptive_feather,123,C:\Users\USER\Desktop\Articulo\Datasets\MESSIDOR2\adaptive_feather\r224\IM000538.png,basename
EYEPACS,MESSIDOR2,IM000546.jpg,2,4,0.02475463,0.009618425,0.11920965,0.29488996,0.5515273,0.5515273,external_test,Normal,111.0,adaptive_feather,123,C:\Users\USER\Desktop\Articulo\Datasets\MESSIDOR2\adaptive_feather\r224\IM000546.png,basename
EYEPACS,MESSIDOR2,IM000547.jpg,2,4,0.08762757,0.029874958,0.17356767,0.27550963,0.43342015,0.43342015,external_test,Normal,111.0,adaptive_feather,123,C:\Users\USER\Desktop\Articulo\Datasets\MESSIDOR2\adaptive_feather\r224\IM000547.png,basename
EYEPACS,MESSIDOR2,IM000553.jpg,0,0,0.49724308,0.26913112,0.16130598,0.009890849,0.062428914,0.49724308,external_test,ExtremelyDark,62.0,adaptive_feather,123,C:\Users\USER\Desktop\Articulo\Datasets\MESSIDOR2\adaptive_feather\r224\IM000553.png,basename
EYEPACS,MESSIDOR2,IM000554.jpg,0,4,0.1826701,0.019933702,0.06316398,0.04527052,0.68896174,0.68896174,external_test,ExtremelyDark,57.0,adaptive_feather,123,C:\Users\USER\Desktop\Articulo\Datasets\MESSIDOR2\adaptive_feather\r224\IM000554.png,basename
EYEPACS,MESSIDOR2,IM000560.jpg,0,4,0.12696725,0.045166157,0.24263868,0.2603156,0.32491234,0.32491234,external_test,Dark,96.0,adaptive_feather,123,C:\Users\USER\Desktop\Articulo\Datasets\MESSIDOR2\adaptive_feather\r224\IM000560.png,basename
EYEPACS,MESSIDOR2,IM000561.jpg,0,4,0.03980384,0.029090907,0.024821235,0.23288271,0.6734013,0.6734013,external_test,Dark,95.0,adaptive_feather,123,C:\Users\USER\Desktop\Articulo\Datasets\MESSIDOR2\adaptive_feather\r224\IM000561.png,basename
EYEPACS,MESSIDOR2,IM000567.jpg,0,2,0.2072053,0.18301038,0.3990633,0.16495034,0.045770645,0.3990633,external_test,Dark,100.0,adaptive_feather,123,C:\Users\USER\Desktop\Articulo\Datasets\MESSIDOR2\adaptive_feather\r224\IM000567.png,basename
EYEPACS,MESSIDOR2,IM000568.jpg,0,2,0.18294103,0.21318957,0.4931884,0.090220705,0.020460283,0.4931884,external_test,Dark,101.0,adaptive_feather,123,C:\Users\USER\Desktop\Articulo\Datasets\MESSIDOR2\adaptive_feather\r224\IM000568.png,basename
EYEPACS,MESSIDOR2,IM000579.jpg,0,2,0.293791,0.17737813,0.44457847,0.06679684,0.017455641,0.44457847,external_test,Dark,86.0,adaptive_feather,123,C:\Users\USER\Desktop\Articulo\Datasets\MESSIDOR2\adaptive_feather\r224\IM000579.png,basename
EYEPACS,MESSIDOR2,IM000580.jpg,0,2,0.21095005,0.1383625,0.4683457,0.14765304,0.034688655,0.4683457,external_test,Dark,90.0,adaptive_feather,123,C:\Users\USER\Desktop\Articulo\Datasets\MESSIDOR2\adaptive_feather\r224\IM000580.png,basename
EYEPACS,MESSIDOR2,IM000586.jpg,0,0,0.46783933,0.34734344,0.121512845,0.030656178,0.03264824,0.46783933,external_test,ExtremelyDark,69.0,adaptive_feather,123,C:\Users\USER\Desktop\Articulo\Datasets\MESSIDOR2\adaptive_feather\r224\IM000586.png,basename
EYEPACS,MESSIDOR2,IM000587.jpg,0,0,0.41680208,0.14552894,0.2507235,0.083123945,0.10382155,0.41680208,external_test,ExtremelyDark,64.0,adaptive_feather,123,C:\Users\USER\Desktop\Articulo\Datasets\MESSIDOR2\adaptive_feather\r224\IM000587.png,basename
EYEPACS,MESSIDOR2,IM000594.jpg,0,0,0.5204636,0.38529748,0.09003282,0.0021875752,0.002018576,0.5204636,external_test,VeryDark,74.0,adaptive_feather,123,C:\Users\USER\Desktop\Articulo\Datasets\MESSIDOR2\adaptive_feather\r224\IM000594.png,basename
EYEPACS,MESSIDOR2,IM000595.jpg,0,2,0.26207763,0.2674908,0.45223922,0.014962617,0.0032297354,0.45223922,external_test,ExtremelyDark,67.0,adaptive_feather,123,C:\Users\USER\Desktop\Articulo\Datasets\MESSIDOR2\adaptive_feather\r224\IM000595.png,basename
EYEPACS,MESSIDOR2,IM000601.jpg,0,0,0.3798772,0.12451949,0.18488766,0.08755907,0.22315654,0.3798772,external_test,Dark,104.0,adaptive_feather,123,C:\Users\USER\Desktop\Articulo\Datasets\MESSIDOR2\adaptive_feather\r224\IM000601.png,basename
EYEPACS,MESSIDOR2,IM000602.jpg,0,4,0.24292989,0.074017756,0.1953844,0.1983184,0.28934956,0.28934956,external_test,Dark,102.0,adaptive_feather,123,C:\Users\USER\Desktop\Articulo\Datasets\MESSIDOR2\adaptive_feather\r224\IM000602.png,basename
EYEPACS,MESSIDOR2,IM000653.jpg,0,0,0.3668502,0.14460956,0.22557864,0.07321805,0.18974353,0.3668502,external_test,Normal,120.0,adaptive_feather,123,C:\Users\USER\Desktop\Articulo\Datasets\MESSIDOR2\adaptive_feather\r224\IM000653.png,basename
EYEPACS,MESSIDOR2,IM000654.jpg,1,4,0.0082103945,0.003584508,0.013064318,0.061964598,0.9131762,0.9131762,external_test,Dark,89.0,adaptive_feather,123,C:\Users\USER\Desktop\Articulo\Datasets\MESSIDOR2\adaptive_feather\r224\IM000654.png,basename
EYEPACS,MESSIDOR2,IM000667.jpg,0,2,0.18204427,0.107134715,0.48703465,0.16116554,0.06262077,0.48703465,external_test,Dark,106.0,adaptive_feather,123,C:\Users\USER\Desktop\Articulo\Datasets\MESSIDOR2\adaptive_feather\r224\IM000667.png,basename
EYEPACS,MESSIDOR2,IM000668.jpg,0,2,0.10059827,0.057542935,0.29076803,0.26537725,0.28571355,0.29076803,external_test,Dark,103.0,adaptive_feather,123,C:\Users\USER\Desktop\Articulo\Datasets\MESSIDOR2\adaptive_feather\r224\IM000668.png,basename
EYEPACS,MESSIDOR2,IM000674.jpg,0,1,0.31024623,0.49548474,0.17404032,0.015063646,0.005164977,0.49548474,external_test,ExtremelyDark,68.0,adaptive_feather,123,C:\Users\USER\Desktop\Articulo\Datasets\MESSIDOR2\adaptive_feather\r224\IM000674.png,basename
EYEPACS,MESSIDOR2,IM000675.jpg,0,1,0.30971557,0.39633545,0.2647412,0.014968811,0.014238902,0.39633545,external_test,ExtremelyDark,64.0,adaptive_feather,123,C:\Users\USER\Desktop\Articulo\Datasets\MESSIDOR2\adaptive_feather\r224\IM000675.png,basename
EYEPACS,MESSIDOR2,IM000682.jpg,0,2,0.09389911,0.11103589,0.3792744,0.09793649,0.31785414,0.3792744,external_test,Normal,115.0,adaptive_feather,123,C:\Users\USER\Desktop\Articulo\Datasets\MESSIDOR2\adaptive_feather\r224\IM000682.png,basename
EYEPACS,MESSIDOR2,IM000683.jpg,0,0,0.40170395,0.15196475,0.37841964,0.028130375,0.039781347,0.40170395,external_test,Normal,117.0,adaptive_feather,123,C:\Users\USER\Desktop\Articulo\Datasets\MESSIDOR2\adaptive_feather\r224\IM000683.png,basename
EYEPACS,MESSIDOR2,IM000689.jpg,0,0,0.48591876,0.12838824,0.2792998,0.0317057,0.07468747,0.48591876,external_test,Dark,98.0,adaptive_feather,123,C:\Users\USER\Desktop\Articulo\Datasets\MESSIDOR2\adaptive_feather\r224\IM000689.png,basename
EYEPACS,MESSIDOR2,IM000690.jpg,0,2,0.3327467,0.25327545,0.3366107,0.049907763,0.027459389,0.3366107,external_test,ExtremelyDark,69.0,adaptive_feather,123,C:\Users\USER\Desktop\Articulo\Datasets\MESSIDOR2\adaptive_feather\r224\IM000690.png,basename
EYEPACS,MESSIDOR2,IM000696.jpg,0,2,0.30491754,0.21885069,0.34974074,0.094110705,0.032380253,0.34974074,external_test,Dark,107.0,adaptive_feather,123,C:\Users\USER\Desktop\Articulo\Datasets\MESSIDOR2\adaptive_feather\r224\IM000696.png,basename
EYEPACS,MESSIDOR2,IM000697.jpg,0,3,0.13183793,0.12301147,0.2955995,0.36172438,0.087826796,0.36172438,external_test,Dark,100.0,adaptive_feather,123,C:\Users\USER\Desktop\Articulo\Datasets\MESSIDOR2\adaptive_feather\r224\IM000697.png,basename
EYEPACS,MESSIDOR2,IM000703.jpg,0,0,0.36608544,0.10016547,0.35464036,0.10699328,0.07211554,0.36608544,external_test,VeryDark,83.0,adaptive_feather,123,C:\Users\USER\Desktop\Articulo\Datasets\MESSIDOR2\adaptive_feather\r224\IM000703.png,basename
EYEPACS,MESSIDOR2,IM000704.jpg,0,0,0.46674,0.23090014,0.15666546,0.06601949,0.079674914,0.46674,external_test,VeryDark,84.0,adaptive_feather,123,C:\Users\USER\Desktop\Articulo\Datasets\MESSIDOR2\adaptive_feather\r224\IM000704.png,basename
EYEPACS,MESSIDOR2,IM000711.jpg,0,0,0.49910277,0.23678909,0.2448955,0.012909851,0.006302827,0.49910277,external_test,VeryDark,84.0,adaptive_feather,123,C:\Users\USER\Desktop\Articulo\Datasets\MESSIDOR2\adaptive_feather\r224\IM000711.png,basename
EYEPACS,MESSIDOR2,IM000712.jpg,0,2,0.23528071,0.32706013,0.3524279,0.06272869,0.022502476,0.3524279,external_test,Dark,85.0,adaptive_feather,123,C:\Users\USER\Desktop\Articulo\Datasets\MESSIDOR2\adaptive_feather\r224\IM000712.png,basename
EYEPACS,MESSIDOR2,IM000725.jpg,1,0,0.40422332,0.17117223,0.30063426,0.053871606,0.07009855,0.40422332,external_test,Dark,104.0,adaptive_feather,123,C:\Users\USER\Desktop\Articulo\Datasets\MESSIDOR2\adaptive_feather\r224\IM000725.png,basename
EYEPACS,MESSIDOR2,IM000726.jpg,2,0,0.38454026,0.25749665,0.22738387,0.061068524,0.069510646,0.38454026,external_test,Dark,97.0,adaptive_feather,123,C:\Users\USER\Desktop\Articulo\Datasets\MESSIDOR2\adaptive_feather\r224\IM000726.png,basename
EYEPACS,MESSIDOR2,IM000732.jpg,1,1,0.3115417,0.46682322,0.19727114,0.018739855,0.00562405,0.46682322,external_test,Dark,98.0,adaptive_feather,123,C:\Users\USER\Desktop\Articulo\Datasets\MESSIDOR2\adaptive_feather\r224\IM000732.png,basename
EYEPACS,MESSIDOR2,IM000733.jpg,0,2,0.23956056,0.13124987,0.36176327,0.1880474,0.07937896,0.36176327,external_test,Dark,102.0,adaptive_feather,123,C:\Users\USER\Desktop\Articulo\Datasets\MESSIDOR2\adaptive_feather\r224\IM000733.png,basename
EYEPACS,MESSIDOR2,IM000761.jpg,0,2,0.27780965,0.23316526,0.35925004,0.063718334,0.06605673,0.35925004,external_test,VeryDark,72.0,adaptive_feather,123,C:\Users\USER\Desktop\Articulo\Datasets\MESSIDOR2\adaptive_feather\r224\IM000761.png,basename
EYEPACS,MESSIDOR2,IM000762.jpg,0,2,0.25907734,0.24947578,0.39231893,0.05717808,0.041949913,0.39231893,external_test,VeryDark,73.0,adaptive_feather,123,C:\Users\USER\Desktop\Articulo\Datasets\MESSIDOR2\adaptive_feather\r224\IM000762.png,basename
EYEPACS,MESSIDOR2,IM000768.jpg,1,0,0.5781085,0.2374668,0.13449177,0.018932434,0.031000448,0.5781085,external_test,Dark,104.0,adaptive_feather,123,C:\Users\USER\Desktop\Articulo\Datasets\MESSIDOR2\adaptive_feather\r224\IM000768.png,basename
EYEPACS,MESSIDOR2,IM000769.jpg,1,2,0.20260578,0.17293118,0.3486283,0.1453697,0.13046506,0.3486283,external_test,Dark,103.0,adaptive_feather,123,C:\Users\USER\Desktop\Articulo\Datasets\MESSIDOR2\adaptive_feather\r224\IM000769.png,basename
EYEPACS,MESSIDOR2,IM000776.jpg,0,2,0.16427132,0.09889726,0.36721545,0.09337999,0.276236,0.36721545,external_test,VeryDark,76.0,adaptive_feather,123,C:\Users\USER\Desktop\Articulo\Datasets\MESSIDOR2\adaptive_feather\r224\IM000776.png,basename
EYEPACS,MESSIDOR2,IM000777.jpg,0,4,0.03639957,0.017020674,0.16973715,0.18542738,0.5914153,0.5914153,external_test,ExtremelyDark,66.0,adaptive_feather,123,C:\Users\USER\Desktop\Articulo\Datasets\MESSIDOR2\adaptive_feather\r224\IM000777.png,basename
EYEPACS,MESSIDOR2,IM000805.jpg,0,2,0.27456713,0.29419315,0.39785582,0.021132119,0.012251763,0.39785582,external_test,Dark,102.0,adaptive_feather,123,C:\Users\USER\Desktop\Articulo\Datasets\MESSIDOR2\adaptive_feather\r224\IM000805.png,basename
EYEPACS,MESSIDOR2,IM000806.jpg,0,2,0.3176332,0.25555125,0.36309242,0.033026095,0.030697012,0.36309242,external_test,Dark,104.0,adaptive_feather,123,C:\Users\USER\Desktop\Articulo\Datasets\MESSIDOR2\adaptive_feather\r224\IM000806.png,basename
EYEPACS,MESSIDOR2,IM000812.jpg,0,2,0.17997164,0.1618915,0.4924765,0.13423102,0.031429347,0.4924765,external_test,Normal,110.0,adaptive_feather,123,C:\Users\USER\Desktop\Articulo\Datasets\MESSIDOR2\adaptive_feather\r224\IM000812.png,basename
EYEPACS,MESSIDOR2,IM000813.jpg,0,2,0.17656974,0.24128747,0.44573724,0.109098226,0.027307358,0.44573724,external_test,Normal,109.0,adaptive_feather,123,C:\Users\USER\Desktop\Articulo\Datasets\MESSIDOR2\adaptive_feather\r224\IM000813.png,basename
EYEPACS,MESSIDOR2,IM000826.jpg,1,2,0.14322929,0.13724725,0.47626615,0.15737182,0.08588558,0.47626615,external_test,VeryDark,82.0,adaptive_feather,123,C:\Users\USER\Desktop\Articulo\Datasets\MESSIDOR2\adaptive_feather\r224\IM000826.png,basename
EYEPACS,MESSIDOR2,IM000827.jpg,0,2,0.13580349,0.07486908,0.41514468,0.18315442,0.19102837,0.41514468,external_test,VeryDark,71.0,adaptive_feather,123,C:\Users\USER\Desktop\Articulo\Datasets\MESSIDOR2\adaptive_feather\r224\IM000827.png,basename
EYEPACS,MESSIDOR2,IM000833.jpg,0,2,0.26385754,0.20945558,0.2731331,0.13863678,0.11491704,0.2731331,external_test,Dark,94.0,adaptive_feather,123,C:\Users\USER\Desktop\Articulo\Datasets\MESSIDOR2\adaptive_feather\r224\IM000833.png,basename
EYEPACS,MESSIDOR2,IM000834.jpg,1,0,0.33910033,0.18694162,0.30279562,0.09121893,0.07994344,0.33910033,external_test,Dark,88.0,adaptive_feather,123,C:\Users\USER\Desktop\Articulo\Datasets\MESSIDOR2\adaptive_feather\r224\IM000834.png,basename
EYEPACS,MESSIDOR2,IM000840.jpg,0,1,0.30619934,0.33728272,0.28941795,0.037827555,0.02927248,0.33728272,external_test,ExtremelyDark,63.0,adaptive_feather,123,C:\Users\USER\Desktop\Articulo\Datasets\MESSIDOR2\adaptive_feather\r224\IM000840.png,basename
EYEPACS,MESSIDOR2,IM000848.jpg,1,2,0.31034094,0.18415873,0.42445025,0.04715738,0.033892658,0.42445025,external_test,ExtremelyDark,57.0,adaptive_feather,123,C:\Users\USER\Desktop\Articulo\Datasets\MESSIDOR2\adaptive_feather\r224\IM000848.png,basename
EYEPACS,MESSIDOR2,IM000850.jpg,0,1,0.40686804,0.4910325,0.09482713,0.003562675,0.0037096282,0.4910325,external_test,VeryDark,80.0,adaptive_feather,123,C:\Users\USER\Desktop\Articulo\Datasets\MESSIDOR2\adaptive_feather\r224\IM000850.png,basename
EYEPACS,MESSIDOR2,IM000851.jpg,0,2,0.29415977,0.2523506,0.36412776,0.038712103,0.05064976,0.36412776,external_test,VeryDark,76.0,adaptive_feather,123,C:\Users\USER\Desktop\Articulo\Datasets\MESSIDOR2\adaptive_feather\r224\IM000851.png,basename
EYEPACS,MESSIDOR2,IM000859.jpg,0,2,0.28987747,0.23895407,0.34996364,0.10432464,0.016880162,0.34996364,external_test,Dark,98.0,adaptive_feather,123,C:\Users\USER\Desktop\Articulo\Datasets\MESSIDOR2\adaptive_feather\r224\IM000859.png,basename
EYEPACS,MESSIDOR2,IM000860.jpg,0,2,0.19638397,0.21884266,0.37192813,0.19776988,0.015075397,0.37192813,external_test,Dark,95.0,adaptive_feather,123,C:\Users\USER\Desktop\Articulo\Datasets\MESSIDOR2\adaptive_feather\r224\IM000860.png,basename
EYEPACS,MESSIDOR2,IM000880.jpg,1,2,0.15015398,0.30715454,0.4393737,0.07301534,0.030302355,0.4393737,external_test,Bright,133.0,adaptive_feather,123,C:\Users\USER\Desktop\Articulo\Datasets\MESSIDOR2\adaptive_feather\r224\IM000880.png,basename
EYEPACS,MESSIDOR2,IM000881.jpg,0,0,0.46133086,0.28886086,0.18058182,0.0064687273,0.062757775,0.46133086,external_test,Bright,133.0,adaptive_feather,123,C:\Users\USER\Desktop\Articulo\Datasets\MESSIDOR2\adaptive_feather\r224\IM000881.png,basename
EYEPACS,MESSIDOR2,IM000887.jpg,0,2,0.20699891,0.14362039,0.51838714,0.09485019,0.036143374,0.51838714,external_test,VeryDark,82.0,adaptive_feather,123,C:\Users\USER\Desktop\Articulo\Datasets\MESSIDOR2\adaptive_feather\r224\IM000887.png,basename
EYEPACS,MESSIDOR2,IM000888.jpg,0,0,0.4294072,0.11787538,0.40670383,0.026314214,0.019699436,0.4294072,external_test,VeryDark,84.0,adaptive_feather,123,C:\Users\USER\Desktop\Articulo\Datasets\MESSIDOR2\adaptive_feather\r224\IM000888.png,basename
EYEPACS,MESSIDOR2,IM000895.jpg,2,2,0.16267283,0.074689396,0.31178892,0.2893992,0.16144969,0.31178892,external_test,Dark,94.0,adaptive_feather,123,C:\Users\USER\Desktop\Articulo\Datasets\MESSIDOR2\adaptive_feather\r224\IM000895.png,basename
EYEPACS,MESSIDOR2,IM000896.jpg,2,3,0.09409013,0.032831337,0.22432043,0.53825325,0.11050485,0.53825325,external_test,Dark,96.0,adaptive_feather,123,C:\Users\USER\Desktop\Articulo\Datasets\MESSIDOR2\adaptive_feather\r224\IM000896.png,basename
EYEPACS,MESSIDOR2,IM000916.jpg,0,4,0.12219085,0.053154383,0.30436194,0.14776935,0.37252352,0.37252352,external_test,Dark,93.0,adaptive_feather,123,C:\Users\USER\Desktop\Articulo\Datasets\MESSIDOR2\adaptive_feather\r224\IM000916.png,basename
EYEPACS,MESSIDOR2,IM000917.jpg,0,4,0.0671876,0.025274731,0.11059602,0.13189264,0.66504896,0.66504896,external_test,Dark,102.0,adaptive_feather,123,C:\Users\USER\Desktop\Articulo\Datasets\MESSIDOR2\adaptive_feather\r224\IM000917.png,basename
EYEPACS,MESSIDOR2,IM000923.jpg,0,2,0.25485948,0.042204753,0.4355887,0.10928024,0.15806687,0.4355887,external_test,Dark,93.0,adaptive_feather,123,C:\Users\USER\Desktop\Articulo\Datasets\MESSIDOR2\adaptive_feather\r224\IM000923.png,basename
EYEPACS,MESSIDOR2,IM000924.jpg,0,4,0.08976345,0.011693239,0.040382974,0.038177706,0.8199826,0.8199826,external_test,Dark,88.0,adaptive_feather,123,C:\Users\USER\Desktop\Articulo\Datasets\MESSIDOR2\adaptive_feather\r224\IM000924.png,basename
EYEPACS,MESSIDOR2,IM000937.jpg,0,2,0.19482322,0.18706158,0.47923523,0.08437483,0.054505214,0.47923523,external_test,VeryDark,77.0,adaptive_feather,123,C:\Users\USER\Desktop\Articulo\Datasets\MESSIDOR2\adaptive_feather\r224\IM000937.png,basename
EYEPACS,MESSIDOR2,IM000938.jpg,0,2,0.09838706,0.15875518,0.5132152,0.16771628,0.06192633,0.5132152,external_test,VeryDark,78.0,adaptive_feather,123,C:\Users\USER\Desktop\Articulo\Datasets\MESSIDOR2\adaptive_feather\r224\IM000938.png,basename
EYEPACS,MESSIDOR2,IM000984.jpg,1,0,0.39171308,0.24642462,0.28642035,0.03471319,0.040728755,0.39171308,external_test,Dark,86.0,adaptive_feather,123,C:\Users\USER\Desktop\Articulo\Datasets\MESSIDOR2\adaptive_feather\r224\IM000984.png,basename
EYEPACS,MESSIDOR2,IM000985.jpg,2,0,0.381413,0.20184574,0.34432867,0.052451793,0.019960836,0.381413,external_test,VeryDark,81.0,adaptive_feather,123,C:\Users\USER\Desktop\Articulo\Datasets\MESSIDOR2\adaptive_feather\r224\IM000985.png,basename
EYEPACS,MESSIDOR2,IM000991.jpg,0,2,0.22958529,0.07472886,0.45083144,0.06540227,0.17945214,0.45083144,external_test,Dark,101.0,adaptive_feather,123,C:\Users\USER\Desktop\Articulo\Datasets\MESSIDOR2\adaptive_feather\r224\IM000991.png,basename
EYEPACS,MESSIDOR2,IM000992.jpg,0,0,0.3600065,0.13926665,0.30597338,0.06947434,0.12527908,0.3600065,external_test,Dark,101.0,adaptive_feather,123,C:\Users\USER\Desktop\Articulo\Datasets\MESSIDOR2\adaptive_feather\r224\IM000992.png,basename
EYEPACS,MESSIDOR2,IM000998.jpg,0,2,0.25827914,0.06958869,0.5518397,0.028371006,0.0919215,0.5518397,external_test,Normal,116.0,adaptive_feather,123,C:\Users\USER\Desktop\Articulo\Datasets\MESSIDOR2\adaptive_feather\r224\IM000998.png,basename
EYEPACS,MESSIDOR2,IM000999.jpg,0,2,0.31797385,0.124051,0.46275678,0.0476786,0.04753976,0.46275678,external_test,Normal,114.0,adaptive_feather,123,C:\Users\USER\Desktop\Articulo\Datasets\MESSIDOR2\adaptive_feather\r224\IM000999.png,basename
EYEPACS,MESSIDOR2,IM001007.jpg,0,4,0.10331631,0.038528867,0.13684684,0.157175,0.564133,0.564133,external_test,VeryDark,70.0,adaptive_feather,123,C:\Users\USER\Desktop\Articulo\Datasets\MESSIDOR2\adaptive_feather\r224\IM001007.png,basename
EYEPACS,MESSIDOR2,IM001008.jpg,0,0,0.42679,0.25099066,0.21222034,0.029521035,0.08047794,0.42679,external_test,VeryDark,75.0,adaptive_feather,123,C:\Users\USER\Desktop\Articulo\Datasets\MESSIDOR2\adaptive_feather\r224\IM001008.png,basename
EYEPACS,MESSIDOR2,IM001026.jpg,0,3,0.13708453,0.08630555,0.32317266,0.35733294,0.096104346,0.35733294,external_test,Normal,126.0,adaptive_feather,123,C:\Users\USER\Desktop\Articulo\Datasets\MESSIDOR2\adaptive_feather\r224\IM001026.png,basename
EYEPACS,MESSIDOR2,IM001027.jpg,0,2,0.21247822,0.15911935,0.27111536,0.21882844,0.13845861,0.27111536,external_test,Normal,115.0,adaptive_feather,123,C:\Users\USER\Desktop\Articulo\Datasets\MESSIDOR2\adaptive_feather\r224\IM001027.png,basename
EYEPACS,MESSIDOR2,IM001033.jpg,1,2,0.31360695,0.19463505,0.40729454,0.038250703,0.046212785,0.40729454,external_test,VeryDark,84.0,adaptive_feather,123,C:\Users\USER\Desktop\Articulo\Datasets\MESSIDOR2\adaptive_feather\r224\IM001033.png,basename
EYEPACS,MESSIDOR2,IM001034.jpg,0,3,0.1642697,0.06216038,0.28349218,0.35931626,0.13076147,0.35931626,external_test,VeryDark,71.0,adaptive_feather,123,C:\Users\USER\Desktop\Articulo\Datasets\MESSIDOR2\adaptive_feather\r224\IM001034.png,basename
EYEPACS,MESSIDOR2,IM001088.jpg,2,1,0.2956026,0.33749774,0.32110143,0.01901472,0.026783578,0.33749774,external_test,Dark,101.0,adaptive_feather,123,C:\Users\USER\Desktop\Articulo\Datasets\MESSIDOR2\adaptive_feather\r224\IM001088.png,basename
EYEPACS,MESSIDOR2,IM001089.jpg,0,2,0.27418175,0.09765426,0.3177105,0.086305775,0.22414777,0.3177105,external_test,Dark,95.0,adaptive_feather,123,C:\Users\USER\Desktop\Articulo\Datasets\MESSIDOR2\adaptive_feather\r224\IM001089.png,basename
EYEPACS,MESSIDOR2,IM001095.jpg,0,2,0.19918384,0.09201852,0.44271746,0.138373,0.12770715,0.44271746,external_test,VeryDark,83.0,adaptive_feather,123,C:\Users\USER\Desktop\Articulo\Datasets\MESSIDOR2\adaptive_feather\r224\IM001095.png,basename
EYEPACS,MESSIDOR2,IM001096.jpg,0,4,0.19494069,0.049989123,0.22941346,0.19582874,0.32982796,0.32982796,external_test,ExtremelyDark,66.0,adaptive_feather,123,C:\Users\USER\Desktop\Articulo\Datasets\MESSIDOR2\adaptive_feather\r224\IM001096.png,basename
EYEPACS,MESSIDOR2,IM001102.jpg,0,2,0.2993017,0.26852903,0.36804014,0.03471457,0.029414555,0.36804014,external_test,ExtremelyDark,68.0,adaptive_feather,123,C:\Users\USER\Desktop\Articulo\Datasets\MESSIDOR2\adaptive_feather\r224\IM001102.png,basename
EYEPACS,MESSIDOR2,IM001103.jpg,0,0,0.42147705,0.17840838,0.30144364,0.042960078,0.055710863,0.42147705,external_test,ExtremelyDark,69.0,adaptive_feather,123,C:\Users\USER\Desktop\Articulo\Datasets\MESSIDOR2\adaptive_feather\r224\IM001103.png,basename
EYEPACS,MESSIDOR2,IM001109.jpg,0,2,0.29415578,0.28577885,0.36753926,0.025202671,0.027323412,0.36753926,external_test,Dark,88.0,adaptive_feather,123,C:\Users\USER\Desktop\Articulo\Datasets\MESSIDOR2\adaptive_feather\r224\IM001109.png,basename
EYEPACS,MESSIDOR2,IM001110.jpg,1,0,0.40863058,0.24216495,0.26005262,0.034254245,0.054897614,0.40863058,external_test,Dark,86.0,adaptive_feather,123,C:\Users\USER\Desktop\Articulo\Datasets\MESSIDOR2\adaptive_feather\r224\IM001110.png,basename
EYEPACS,MESSIDOR2,IM001116.jpg,0,2,0.1719168,0.09790883,0.3259988,0.20779695,0.19637866,0.3259988,external_test,VeryDark,83.0,adaptive_feather,123,C:\Users\USER\Desktop\Articulo\Datasets\MESSIDOR2\adaptive_feather\r224\IM001116.png,basename
EYEPACS,MESSIDOR2,IM001117.jpg,0,2,0.24303462,0.31430802,0.3850152,0.03788443,0.019757692,0.3850152,external_test,VeryDark,80.0,adaptive_feather,123,C:\Users\USER\Desktop\Articulo\Datasets\MESSIDOR2\adaptive_feather\r224\IM001117.png,basename
EYEPACS,MESSIDOR2,IM001123.jpg,0,2,0.17403758,0.0890429,0.35448825,0.2646947,0.11773658,0.35448825,external_test,Dark,100.0,adaptive_feather,123,C:\Users\USER\Desktop\Articulo\Datasets\MESSIDOR2\adaptive_feather\r224\IM001123.png,basename
EYEPACS,MESSIDOR2,IM001124.jpg,0,3,0.12099506,0.049880885,0.23872319,0.38271806,0.20768283,0.38271806,external_test,Dark,93.0,adaptive_feather,123,C:\Users\USER\Desktop\Articulo\Datasets\MESSIDOR2\adaptive_feather\r224\IM001124.png,basename
EYEPACS,MESSIDOR2,IM001138.jpg,0,0,0.4986865,0.36812747,0.05757819,0.030058943,0.045548838,0.4986865,external_test,Normal,123.0,adaptive_feather,123,C:\Users\USER\Desktop\Articulo\Datasets\MESSIDOR2\adaptive_feather\r224\IM001138.png,basename
EYEPACS,MESSIDOR2,IM001139.jpg,0,0,0.4393168,0.23712109,0.24186194,0.04540368,0.036296494,0.4393168,external_test,Dark,97.0,adaptive_feather,123,C:\Users\USER\Desktop\Articulo\Datasets\MESSIDOR2\adaptive_feather\r224\IM001139.png,basename
EYEPACS,MESSIDOR2,IM001145.jpg,0,0,0.31209564,0.1731482,0.18967292,0.15674467,0.16833858,0.31209564,external_test,Dark,103.0,adaptive_feather,123,C:\Users\USER\Desktop\Articulo\Datasets\MESSIDOR2\adaptive_feather\r224\IM001145.png,basename
EYEPACS,MESSIDOR2,IM001146.jpg,1,2,0.28178328,0.2924721,0.29975432,0.037669867,0.08832045,0.29975432,external_test,Dark,89.0,adaptive_feather,123,C:\Users\USER\Desktop\Articulo\Datasets\MESSIDOR2\adaptive_feather\r224\IM001146.png,basename
EYEPACS,MESSIDOR2,IM001152.jpg,0,0,0.43062967,0.25799933,0.18503122,0.021211732,0.10512801,0.43062967,external_test,Dark,86.0,adaptive_feather,123,C:\Users\USER\Desktop\Articulo\Datasets\MESSIDOR2\adaptive_feather\r224\IM001152.png,basename
EYEPACS,MESSIDOR2,IM001153.jpg,0,4,0.11814769,0.13792996,0.21460053,0.11712978,0.41219205,0.41219205,external_test,Dark,85.0,adaptive_feather,123,C:\Users\USER\Desktop\Articulo\Datasets\MESSIDOR2\adaptive_feather\r224\IM001153.png,basename
EYEPACS,MESSIDOR2,IM001160.jpg,0,0,0.32604536,0.07700345,0.3231821,0.110044956,0.16372415,0.32604536,external_test,Dark,100.0,adaptive_feather,123,C:\Users\USER\Desktop\Articulo\Datasets\MESSIDOR2\adaptive_feather\r224\IM001160.png,basename
EYEPACS,MESSIDOR2,IM001161.jpg,0,0,0.3493307,0.1606852,0.33019748,0.09231128,0.067475416,0.3493307,external_test,Dark,99.0,adaptive_feather,123,C:\Users\USER\Desktop\Articulo\Datasets\MESSIDOR2\adaptive_feather\r224\IM001161.png,basename
EYEPACS,MESSIDOR2,IM001167.jpg,0,2,0.18925695,0.062288485,0.42045656,0.09087501,0.237123,0.42045656,external_test,Dark,97.0,adaptive_feather,123,C:\Users\USER\Desktop\Articulo\Datasets\MESSIDOR2\adaptive_feather\r224\IM001167.png,basename
EYEPACS,MESSIDOR2,IM001168.jpg,0,4,0.096036136,0.03449072,0.24142805,0.17457502,0.45347005,0.45347005,external_test,Dark,101.0,adaptive_feather,123,C:\Users\USER\Desktop\Articulo\Datasets\MESSIDOR2\adaptive_feather\r224\IM001168.png,basename
EYEPACS,MESSIDOR2,IM001174.jpg,0,0,0.4635303,0.29536355,0.2232428,0.010262716,0.007600671,0.4635303,external_test,Dark,85.0,adaptive_feather,123,C:\Users\USER\Desktop\Articulo\Datasets\MESSIDOR2\adaptive_feather\r224\IM001174.png,basename
EYEPACS,MESSIDOR2,IM001175.jpg,0,2,0.21473144,0.21251975,0.47232643,0.07177418,0.028648278,0.47232643,external_test,Dark,88.0,adaptive_feather,123,C:\Users\USER\Desktop\Articulo\Datasets\MESSIDOR2\adaptive_feather\r224\IM001175.png,basename
EYEPACS,MESSIDOR2,IM001181.jpg,0,0,0.5056383,0.27587423,0.2033298,0.009308767,0.005848922,0.5056383,external_test,VeryDark,77.0,adaptive_feather,123,C:\Users\USER\Desktop\Articulo\Datasets\MESSIDOR2\adaptive_feather\r224\IM001181.png,basename
EYEPACS,MESSIDOR2,IM001185.jpg,0,2,0.2402137,0.17365104,0.27471277,0.116356894,0.19506557,0.27471277,external_test,VeryDark,74.0,adaptive_feather,123,C:\Users\USER\Desktop\Articulo\Datasets\MESSIDOR2\adaptive_feather\r224\IM001185.png,basename
EYEPACS,MESSIDOR2,IM001199.jpg,0,2,0.3054575,0.16904071,0.33085194,0.102427974,0.09222197,0.33085194,external_test,Dark,105.0,adaptive_feather,123,C:\Users\USER\Desktop\Articulo\Datasets\MESSIDOR2\adaptive_feather\r224\IM001199.png,basename
EYEPACS,MESSIDOR2,IM001200.jpg,1,2,0.23892829,0.1465264,0.3538259,0.19155876,0.0691606,0.3538259,external_test,Dark,97.0,adaptive_feather,123,C:\Users\USER\Desktop\Articulo\Datasets\MESSIDOR2\adaptive_feather\r224\IM001200.png,basename
EYEPACS,MESSIDOR2,IM001210.jpg,0,0,0.42130277,0.16422391,0.34157434,0.0519989,0.020900046,0.42130277,external_test,Dark,100.0,adaptive_feather,123,C:\Users\USER\Desktop\Articulo\Datasets\MESSIDOR2\adaptive_feather\r224\IM001210.png,basename
EYEPACS,MESSIDOR2,IM001211.jpg,0,4,0.025298774,0.009468341,0.123404436,0.17371604,0.6681124,0.6681124,external_test,VeryDark,77.0,adaptive_feather,123,C:\Users\USER\Desktop\Articulo\Datasets\MESSIDOR2\adaptive_feather\r224\IM001211.png,basename
EYEPACS,MESSIDOR2,IM001217.jpg,0,2,0.25098845,0.2799503,0.36293623,0.06707862,0.03904636,0.36293623,external_test,Dark,90.0,adaptive_feather,123,C:\Users\USER\Desktop\Articulo\Datasets\MESSIDOR2\adaptive_feather\r224\IM001217.png,basename
EYEPACS,MESSIDOR2,IM001218.jpg,1,0,0.42375645,0.25403705,0.27171576,0.035641365,0.014849396,0.42375645,external_test,Dark,99.0,adaptive_feather,123,C:\Users\USER\Desktop\Articulo\Datasets\MESSIDOR2\adaptive_feather\r224\IM001218.png,basename
EYEPACS,MESSIDOR2,IM001224.jpg,0,2,0.24852909,0.1781233,0.4129319,0.14919657,0.011219097,0.4129319,external_test,Dark,96.0,adaptive_feather,123,C:\Users\USER\Desktop\Articulo\Datasets\MESSIDOR2\adaptive_feather\r224\IM001224.png,basename
EYEPACS,MESSIDOR2,IM001227.jpg,0,0,0.550378,0.24326596,0.1818371,0.008905968,0.015612926,0.550378,external_test,Dark,93.0,adaptive_feather,123,C:\Users\USER\Desktop\Articulo\Datasets\MESSIDOR2\adaptive_feather\r224\IM001227.png,basename
EYEPACS,MESSIDOR2,IM001231.jpg,2,3,0.028963117,0.04030737,0.19233193,0.55239064,0.18600698,0.55239064,external_test,Normal,113.0,adaptive_feather,123,C:\Users\USER\Desktop\Articulo\Datasets\MESSIDOR2\adaptive_feather\r224\IM001231.png,basename
EYEPACS,MESSIDOR2,IM001232.jpg,2,3,0.06243906,0.031658556,0.30378437,0.36292955,0.23918846,0.36292955,external_test,Normal,113.0,adaptive_feather,123,C:\Users\USER\Desktop\Articulo\Datasets\MESSIDOR2\adaptive_feather\r224\IM001232.png,basename
EYEPACS,MESSIDOR2,IM001245.jpg,2,1,0.2829717,0.30592698,0.29571,0.088366225,0.027025122,0.30592698,external_test,Normal,114.0,adaptive_feather,123,C:\Users\USER\Desktop\Articulo\Datasets\MESSIDOR2\adaptive_feather\r224\IM001245.png,basename
EYEPACS,MESSIDOR2,IM001246.jpg,0,0,0.37064993,0.27177104,0.24790807,0.059964,0.04970701,0.37064993,external_test,Dark,95.0,adaptive_feather,123,C:\Users\USER\Desktop\Articulo\Datasets\MESSIDOR2\adaptive_feather\r224\IM001246.png,basename
EYEPACS,MESSIDOR2,IM001252.jpg,0,2,0.15616073,0.13155401,0.33069143,0.2933055,0.088288404,0.33069143,external_test,Normal,114.0,adaptive_feather,123,C:\Users\USER\Desktop\Articulo\Datasets\MESSIDOR2\adaptive_feather\r224\IM001252.png,basename
EYEPACS,MESSIDOR2,IM001253.jpg,2,0,0.3894481,0.12762092,0.29994828,0.09393893,0.08904373,0.3894481,external_test,Normal,120.0,adaptive_feather,123,C:\Users\USER\Desktop\Articulo\Datasets\MESSIDOR2\adaptive_feather\r224\IM001253.png,basename
EYEPACS,MESSIDOR2,IM001272.jpg,0,2,0.2881036,0.26967,0.3385552,0.06280896,0.040862165,0.3385552,external_test,Dark,90.0,adaptive_feather,123,C:\Users\USER\Desktop\Articulo\Datasets\MESSIDOR2\adaptive_feather\r224\IM001272.png,basename
EYEPACS,MESSIDOR2,IM001273.jpg,0,4,0.21078984,0.13733213,0.28049523,0.05906419,0.31231853,0.31231853,external_test,Dark,94.0,adaptive_feather,123,C:\Users\USER\Desktop\Articulo\Datasets\MESSIDOR2\adaptive_feather\r224\IM001273.png,basename
EYEPACS,MESSIDOR2,IM001293.jpg,0,0,0.44460812,0.23086353,0.21010777,0.039721824,0.074698806,0.44460812,external_test,Dark,92.0,adaptive_feather,123,C:\Users\USER\Desktop\Articulo\Datasets\MESSIDOR2\adaptive_feather\r224\IM001293.png,basename
EYEPACS,MESSIDOR2,IM001294.jpg,0,0,0.40655643,0.23915647,0.23828351,0.051041026,0.06496247,0.40655643,external_test,Dark,91.0,adaptive_feather,123,C:\Users\USER\Desktop\Articulo\Datasets\MESSIDOR2\adaptive_feather\r224\IM001294.png,basename
EYEPACS,MESSIDOR2,IM001300.jpg,0,4,0.25953478,0.06472252,0.13573298,0.035980217,0.5040295,0.5040295,external_test,Dark,98.0,adaptive_feather,123,C:\Users\USER\Desktop\Articulo\Datasets\MESSIDOR2\adaptive_feather\r224\IM001300.png,basename
EYEPACS,MESSIDOR2,IM001301.jpg,1,4,0.18990801,0.14433637,0.16158345,0.10967037,0.3945018,0.3945018,external_test,VeryDark,80.0,adaptive_feather,123,C:\Users\USER\Desktop\Articulo\Datasets\MESSIDOR2\adaptive_feather\r224\IM001301.png,basename
EYEPACS,MESSIDOR2,IM001307.jpg,1,0,0.33269173,0.19219601,0.2540329,0.13554773,0.08553171,0.33269173,external_test,Dark,85.0,adaptive_feather,123,C:\Users\USER\Desktop\Articulo\Datasets\MESSIDOR2\adaptive_feather\r224\IM001307.png,basename
EYEPACS,MESSIDOR2,IM001308.jpg,0,1,0.25371215,0.36715922,0.34303594,0.024977744,0.011114973,0.36715922,external_test,Dark,90.0,adaptive_feather,123,C:\Users\USER\Desktop\Articulo\Datasets\MESSIDOR2\adaptive_feather\r224\IM001308.png,basename
EYEPACS,MESSIDOR2,IM001321.jpg,0,1,0.39153072,0.41680768,0.16060705,0.02309369,0.007960841,0.41680768,external_test,Dark,98.0,adaptive_feather,123,C:\Users\USER\Desktop\Articulo\Datasets\MESSIDOR2\adaptive_feather\r224\IM001321.png,basename
EYEPACS,MESSIDOR2,IM001322.jpg,0,0,0.5698833,0.30464774,0.09434144,0.01961301,0.011514481,0.5698833,external_test,Dark,102.0,adaptive_feather,123,C:\Users\USER\Desktop\Articulo\Datasets\MESSIDOR2\adaptive_feather\r224\IM001322.png,basename
EYEPACS,MESSIDOR2,IM001328.jpg,1,0,0.4106983,0.15538882,0.24405153,0.055697873,0.13416348,0.4106983,external_test,Dark,87.0,adaptive_feather,123,C:\Users\USER\Desktop\Articulo\Datasets\MESSIDOR2\adaptive_feather\r224\IM001328.png,basename
EYEPACS,MESSIDOR2,IM001329.jpg,0,2,0.19123542,0.09259654,0.47344825,0.11257928,0.1301405,0.47344825,external_test,Dark,93.0,adaptive_feather,123,C:\Users\USER\Desktop\Articulo\Datasets\MESSIDOR2\adaptive_feather\r224\IM001329.png,basename
EYEPACS,MESSIDOR2,IM001335.jpg,0,4,0.14490773,0.04806648,0.27467412,0.16425158,0.36810002,0.36810002,external_test,Dark,101.0,adaptive_feather,123,C:\Users\USER\Desktop\Articulo\Datasets\MESSIDOR2\adaptive_feather\r224\IM001335.png,basename
EYEPACS,MESSIDOR2,IM001336.jpg,0,4,0.20995225,0.096636236,0.2865711,0.10710726,0.29973316,0.29973316,external_test,Dark,91.0,adaptive_feather,123,C:\Users\USER\Desktop\Articulo\Datasets\MESSIDOR2\adaptive_feather\r224\IM001336.png,basename
EYEPACS,MESSIDOR2,IM001357.jpg,0,0,0.48366058,0.34318456,0.15476963,0.011610627,0.0067746276,0.48366058,external_test,VeryDark,81.0,adaptive_feather,123,C:\Users\USER\Desktop\Articulo\Datasets\MESSIDOR2\adaptive_feather\r224\IM001357.png,basename
EYEPACS,MESSIDOR2,IM001358.jpg,1,1,0.3323057,0.44228178,0.20221049,0.013408248,0.009793857,0.44228178,external_test,VeryDark,77.0,adaptive_feather,123,C:\Users\USER\Desktop\Articulo\Datasets\MESSIDOR2\adaptive_feather\r224\IM001358.png,basename
EYEPACS,MESSIDOR2,IM001371.jpg,3,4,0.08989868,0.07084153,0.22913393,0.20861538,0.40151042,0.40151042,external_test,Bright,135.0,adaptive_feather,123,C:\Users\USER\Desktop\Articulo\Datasets\MESSIDOR2\adaptive_feather\r224\IM001371.png,basename
EYEPACS,MESSIDOR2,IM001372.jpg,3,4,0.08667755,0.027850876,0.25958404,0.30338645,0.32250112,0.32250112,external_test,Normal,126.0,adaptive_feather,123,C:\Users\USER\Desktop\Articulo\Datasets\MESSIDOR2\adaptive_feather\r224\IM001372.png,basename
EYEPACS,MESSIDOR2,IM001386.jpg,0,0,0.38796642,0.3423297,0.222627,0.013350617,0.03372632,0.38796642,external_test,VeryDark,84.0,adaptive_feather,123,C:\Users\USER\Desktop\Articulo\Datasets\MESSIDOR2\adaptive_feather\r224\IM001386.png,basename
EYEPACS,MESSIDOR2,IM001387.jpg,0,1,0.4147208,0.42638552,0.14417787,0.0072119907,0.0075037694,0.42638552,external_test,Dark,86.0,adaptive_feather,123,C:\Users\USER\Desktop\Articulo\Datasets\MESSIDOR2\adaptive_feather\r224\IM001387.png,basename
EYEPACS,MESSIDOR2,IM001401.jpg,0,0,0.5328396,0.21367551,0.15906787,0.038518865,0.05589815,0.5328396,external_test,Dark,104.0,adaptive_feather,123,C:\Users\USER\Desktop\Articulo\Datasets\MESSIDOR2\adaptive_feather\r224\IM001401.png,basename
EYEPACS,MESSIDOR2,IM001402.jpg,0,0,0.3950125,0.2407717,0.28386626,0.038498767,0.041850798,0.3950125,external_test,Dark,95.0,adaptive_feather,123,C:\Users\USER\Desktop\Articulo\Datasets\MESSIDOR2\adaptive_feather\r224\IM001402.png,basename
EYEPACS,MESSIDOR2,IM001415.jpg,0,2,0.26425457,0.2915046,0.3910054,0.033417452,0.01981799,0.3910054,external_test,VeryDark,79.0,adaptive_feather,123,C:\Users\USER\Desktop\Articulo\Datasets\MESSIDOR2\adaptive_feather\r224\IM001415.png,basename
EYEPACS,MESSIDOR2,IM001416.jpg,0,2,0.2502095,0.2598338,0.3128734,0.1156206,0.061462726,0.3128734,external_test,VeryDark,84.0,adaptive_feather,123,C:\Users\USER\Desktop\Articulo\Datasets\MESSIDOR2\adaptive_feather\r224\IM001416.png,basename
EYEPACS,MESSIDOR2,IM001422.jpg,0,2,0.20303112,0.11962654,0.37621605,0.17618139,0.12494495,0.37621605,external_test,Dark,86.0,adaptive_feather,123,C:\Users\USER\Desktop\Articulo\Datasets\MESSIDOR2\adaptive_feather\r224\IM001422.png,basename
EYEPACS,MESSIDOR2,IM001423.jpg,0,3,0.041683752,0.038141835,0.0572258,0.67673403,0.18621466,0.67673403,external_test,Dark,92.0,adaptive_feather,123,C:\Users\USER\Desktop\Articulo\Datasets\MESSIDOR2\adaptive_feather\r224\IM001423.png,basename
EYEPACS,MESSIDOR2,IM001439.jpg,1,2,0.113302335,0.26107994,0.49887738,0.09391487,0.032825403,0.49887738,external_test,VeryDark,83.0,adaptive_feather,123,C:\Users\USER\Desktop\Articulo\Datasets\MESSIDOR2\adaptive_feather\r224\IM001439.png,basename
EYEPACS,MESSIDOR2,IM001440.jpg,0,2,0.18584943,0.20450507,0.4285337,0.12257311,0.058538593,0.4285337,external_test,Dark,85.0,adaptive_feather,123,C:\Users\USER\Desktop\Articulo\Datasets\MESSIDOR2\adaptive_feather\r224\IM001440.png,basename
EYEPACS,MESSIDOR2,IM001453.jpg,0,0,0.47151276,0.3265801,0.19148338,0.0074688937,0.0029548835,0.47151276,external_test,Dark,87.0,adaptive_feather,123,C:\Users\USER\Desktop\Articulo\Datasets\MESSIDOR2\adaptive_feather\r224\IM001453.png,basename
EYEPACS,MESSIDOR2,IM001454.jpg,0,0,0.4379207,0.21623774,0.29125398,0.039017476,0.015570119,0.4379207,external_test,VeryDark,71.0,adaptive_feather,123,C:\Users\USER\Desktop\Articulo\Datasets\MESSIDOR2\adaptive_feather\r224\IM001454.png,basename
EYEPACS,MESSIDOR2,IM001460.jpg,0,2,0.19432224,0.14142114,0.37960586,0.18871294,0.095937766,0.37960586,external_test,Dark,98.0,adaptive_feather,123,C:\Users\USER\Desktop\Articulo\Datasets\MESSIDOR2\adaptive_feather\r224\IM001460.png,basename
EYEPACS,MESSIDOR2,IM001461.jpg,0,0,0.49836913,0.35243878,0.124392085,0.00852694,0.016273145,0.49836913,external_test,Dark,90.0,adaptive_feather,123,C:\Users\USER\Desktop\Articulo\Datasets\MESSIDOR2\adaptive_feather\r224\IM001461.png,basename
EYEPACS,MESSIDOR2,IM001467.jpg,0,0,0.42923388,0.17954168,0.3061008,0.045558725,0.039564896,0.42923388,external_test,VeryDark,80.0,adaptive_feather,123,C:\Users\USER\Desktop\Articulo\Datasets\MESSIDOR2\adaptive_feather\r224\IM001467.png,basename
EYEPACS,MESSIDOR2,IM001468.jpg,0,0,0.46121308,0.26897937,0.2454746,0.013813007,0.010520042,0.46121308,external_test,Dark,93.0,adaptive_feather,123,C:\Users\USER\Desktop\Articulo\Datasets\MESSIDOR2\adaptive_feather\r224\IM001468.png,basename
EYEPACS,MESSIDOR2,IM001476.jpg,2,2,0.26413086,0.1849416,0.40134412,0.056740265,0.09284316,0.40134412,external_test,Dark,95.0,adaptive_feather,123,C:\Users\USER\Desktop\Articulo\Datasets\MESSIDOR2\adaptive_feather\r224\IM001476.png,basename
EYEPACS,MESSIDOR2,IM001477.jpg,2,4,0.18575731,0.093076915,0.25502953,0.102777705,0.3633586,0.3633586,external_test,VeryDark,77.0,adaptive_feather,123,C:\Users\USER\Desktop\Articulo\Datasets\MESSIDOR2\adaptive_feather\r224\IM001477.png,basename
EYEPACS,MESSIDOR2,IM001483.jpg,0,0,0.47162622,0.3244824,0.17917319,0.0150520215,0.009666188,0.47162622,external_test,Dark,100.0,adaptive_feather,123,C:\Users\USER\Desktop\Articulo\Datasets\MESSIDOR2\adaptive_feather\r224\IM001483.png,basename
EYEPACS,MESSIDOR2,IM001484.jpg,0,0,0.46074313,0.26951808,0.2048176,0.03070253,0.03421878,0.46074313,external_test,Dark,98.0,adaptive_feather,123,C:\Users\USER\Desktop\Articulo\Datasets\MESSIDOR2\adaptive_feather\r224\IM001484.png,basename
EYEPACS,MESSIDOR2,IM001490.jpg,0,0,0.35309082,0.19400866,0.3079576,0.09392234,0.05102058,0.35309082,external_test,Dark,97.0,adaptive_feather,123,C:\Users\USER\Desktop\Articulo\Datasets\MESSIDOR2\adaptive_feather\r224\IM001490.png,basename
EYEPACS,MESSIDOR2,IM001492.jpg,0,0,0.3763845,0.26347724,0.25832206,0.061746277,0.040069923,0.3763845,external_test,Dark,95.0,adaptive_feather,123,C:\Users\USER\Desktop\Articulo\Datasets\MESSIDOR2\adaptive_feather\r224\IM001492.png,basename
EYEPACS,MESSIDOR2,IM001513.jpg,0,0,0.4570102,0.29320025,0.17299525,0.020028878,0.0567654,0.4570102,external_test,Dark,104.0,adaptive_feather,123,C:\Users\USER\Desktop\Articulo\Datasets\MESSIDOR2\adaptive_feather\r224\IM001513.png,basename
EYEPACS,MESSIDOR2,IM001514.jpg,0,0,0.40635586,0.27764177,0.18400612,0.028183527,0.10381282,0.40635586,external_test,VeryDark,81.0,adaptive_feather,123,C:\Users\USER\Desktop\Articulo\Datasets\MESSIDOR2\adaptive_feather\r224\IM001514.png,basename
EYEPACS,MESSIDOR2,IM001539.jpg,0,2,0.2457516,0.30384153,0.37053144,0.043059666,0.03681584,0.37053144,external_test,ExtremelyDark,53.0,adaptive_feather,123,C:\Users\USER\Desktop\Articulo\Datasets\MESSIDOR2\adaptive_feather\r224\IM001539.png,basename
EYEPACS,MESSIDOR2,IM001540.jpg,0,1,0.23536155,0.55198675,0.1937877,0.012091675,0.006772251,0.55198675,external_test,ExtremelyDark,61.0,adaptive_feather,123,C:\Users\USER\Desktop\Articulo\Datasets\MESSIDOR2\adaptive_feather\r224\IM001540.png,basename
EYEPACS,MESSIDOR2,IM001559.jpg,0,2,0.3306859,0.17204426,0.38631687,0.046556465,0.06439651,0.38631687,external_test,Dark,92.0,adaptive_feather,123,C:\Users\USER\Desktop\Articulo\Datasets\MESSIDOR2\adaptive_feather\r224\IM001559.png,basename
EYEPACS,MESSIDOR2,IM001560.jpg,0,0,0.3238212,0.12948503,0.31698856,0.055850565,0.1738547,0.3238212,external_test,Dark,99.0,adaptive_feather,123,C:\Users\USER\Desktop\Articulo\Datasets\MESSIDOR2\adaptive_feather\r224\IM001560.png,basename
EYEPACS,MESSIDOR2,IM001581.jpg,0,3,0.051699266,0.06681849,0.39203864,0.48090127,0.008542281,0.48090127,external_test,VeryDark,79.0,adaptive_feather,123,C:\Users\USER\Desktop\Articulo\Datasets\MESSIDOR2\adaptive_feather\r224\IM001581.png,basename
EYEPACS,MESSIDOR2,IM001582.jpg,0,2,0.32148582,0.18662766,0.3922513,0.04959261,0.05004261,0.3922513,external_test,Dark,96.0,adaptive_feather,123,C:\Users\USER\Desktop\Articulo\Datasets\MESSIDOR2\adaptive_feather\r224\IM001582.png,basename
EYEPACS,MESSIDOR2,IM001596.jpg,0,2,0.18701401,0.1489117,0.36861145,0.18967949,0.10578336,0.36861145,external_test,Normal,126.0,adaptive_feather,123,C:\Users\USER\Desktop\Articulo\Datasets\MESSIDOR2\adaptive_feather\r224\IM001596.png,basename
EYEPACS,MESSIDOR2,IM001597.jpg,0,2,0.19008453,0.132647,0.37316668,0.14851433,0.15558743,0.37316668,external_test,Normal,115.0,adaptive_feather,123,C:\Users\USER\Desktop\Articulo\Datasets\MESSIDOR2\adaptive_feather\r224\IM001597.png,basename
EYEPACS,MESSIDOR2,IM001617.jpg,2,4,0.089264214,0.05236241,0.115888335,0.16855775,0.57392734,0.57392734,external_test,Dark,97.0,adaptive_feather,123,C:\Users\USER\Desktop\Articulo\Datasets\MESSIDOR2\adaptive_feather\r224\IM001617.png,basename
EYEPACS,MESSIDOR2,IM001618.jpg,2,3,0.15100677,0.08699298,0.14375478,0.49965805,0.11858739,0.49965805,external_test,Dark,85.0,adaptive_feather,123,C:\Users\USER\Desktop\Articulo\Datasets\MESSIDOR2\adaptive_feather\r224\IM001618.png,basename
EYEPACS,MESSIDOR2,IM001629.jpg,0,0,0.4950868,0.24380365,0.20249395,0.011572829,0.047042746,0.4950868,external_test,Dark,92.0,adaptive_feather,123,C:\Users\USER\Desktop\Articulo\Datasets\MESSIDOR2\adaptive_feather\r224\IM001629.png,basename
EYEPACS,MESSIDOR2,IM001630.jpg,0,0,0.3836697,0.25452626,0.2442657,0.042060878,0.07547747,0.3836697,external_test,Dark,88.0,adaptive_feather,123,C:\Users\USER\Desktop\Articulo\Datasets\MESSIDOR2\adaptive_feather\r224\IM001630.png,basename
EYEPACS,MESSIDOR2,IM001636.jpg,0,0,0.47939318,0.35431278,0.14831138,0.0055334875,0.012449148,0.47939318,external_test,VeryDark,84.0,adaptive_feather,123,C:\Users\USER\Desktop\Articulo\Datasets\MESSIDOR2\adaptive_feather\r224\IM001636.png,basename
EYEPACS,MESSIDOR2,IM001637.jpg,0,0,0.4066024,0.2317488,0.14264387,0.06018715,0.1588177,0.4066024,external_test,ExtremelyDark,69.0,adaptive_feather,123,C:\Users\USER\Desktop\Articulo\Datasets\MESSIDOR2\adaptive_feather\r224\IM001637.png,basename
EYEPACS,MESSIDOR2,IM001643.jpg,1,2,0.2738809,0.17629416,0.41828263,0.08669164,0.04485066,0.41828263,external_test,VeryDark,78.0,adaptive_feather,123,C:\Users\USER\Desktop\Articulo\Datasets\MESSIDOR2\adaptive_feather\r224\IM001643.png,basename
EYEPACS,MESSIDOR2,IM001644.jpg,2,3,0.022875473,0.009827942,0.09091249,0.70636255,0.17002152,0.70636255,external_test,VeryDark,74.0,adaptive_feather,123,C:\Users\USER\Desktop\Articulo\Datasets\MESSIDOR2\adaptive_feather\r224\IM001644.png,basename
EYEPACS,MESSIDOR2,IM001666.jpg,0,2,0.20603126,0.14183521,0.29451314,0.21304609,0.14457436,0.29451314,external_test,Dark,94.0,adaptive_feather,123,C:\Users\USER\Desktop\Articulo\Datasets\MESSIDOR2\adaptive_feather\r224\IM001666.png,basename
EYEPACS,MESSIDOR2,IM001667.jpg,0,3,0.12118733,0.07212738,0.18993823,0.4464718,0.17027523,0.4464718,external_test,Dark,95.0,adaptive_feather,123,C:\Users\USER\Desktop\Articulo\Datasets\MESSIDOR2\adaptive_feather\r224\IM001667.png,basename
EYEPACS,MESSIDOR2,IM001673.jpg,0,4,0.14192942,0.07781527,0.21692531,0.24306682,0.32026327,0.32026327,external_test,VeryDark,77.0,adaptive_feather,123,C:\Users\USER\Desktop\Articulo\Datasets\MESSIDOR2\adaptive_feather\r224\IM001673.png,basename
EYEPACS,MESSIDOR2,IM001674.jpg,0,0,0.3612547,0.20182613,0.20568313,0.05613899,0.17509702,0.3612547,external_test,VeryDark,74.0,adaptive_feather,123,C:\Users\USER\Desktop\Articulo\Datasets\MESSIDOR2\adaptive_feather\r224\IM001674.png,basename
EYEPACS,MESSIDOR2,IM001680.jpg,2,1,0.308474,0.31990942,0.31584498,0.03345396,0.02231767,0.31990942,external_test,Dark,102.0,adaptive_feather,123,C:\Users\USER\Desktop\Articulo\Datasets\MESSIDOR2\adaptive_feather\r224\IM001680.png,basename
EYEPACS,MESSIDOR2,IM001681.jpg,1,0,0.29031363,0.21542001,0.2779912,0.18792023,0.028354956,0.29031363,external_test,Dark,98.0,adaptive_feather,123,C:\Users\USER\Desktop\Articulo\Datasets\MESSIDOR2\adaptive_feather\r224\IM001681.png,basename
EYEPACS,MESSIDOR2,IM001687.jpg,0,2,0.31063274,0.08340435,0.37521482,0.12528203,0.10546612,0.37521482,external_test,Normal,112.0,adaptive_feather,123,C:\Users\USER\Desktop\Articulo\Datasets\MESSIDOR2\adaptive_feather\r224\IM001687.png,basename
EYEPACS,MESSIDOR2,IM001688.jpg,0,0,0.3817962,0.18183278,0.22817932,0.05793562,0.15025604,0.3817962,external_test,Normal,111.0,adaptive_feather,123,C:\Users\USER\Desktop\Articulo\Datasets\MESSIDOR2\adaptive_feather\r224\IM001688.png,basename
EYEPACS,MESSIDOR2,IM001701.jpg,0,0,0.5496911,0.16750677,0.24956259,0.020643534,0.012595976,0.5496911,external_test,ExtremelyDark,69.0,adaptive_feather,123,C:\Users\USER\Desktop\Articulo\Datasets\MESSIDOR2\adaptive_feather\r224\IM001701.png,basename
EYEPACS,MESSIDOR2,IM001702.jpg,0,0,0.58512014,0.27253625,0.12391637,0.012448136,0.005979126,0.58512014,external_test,ExtremelyDark,67.0,adaptive_feather,123,C:\Users\USER\Desktop\Articulo\Datasets\MESSIDOR2\adaptive_feather\r224\IM001702.png,basename
EYEPACS,MESSIDOR2,IM001737.jpg,0,0,0.6379504,0.24031925,0.11282683,0.0010856341,0.007817885,0.6379504,external_test,VeryDark,80.0,adaptive_feather,123,C:\Users\USER\Desktop\Articulo\Datasets\MESSIDOR2\adaptive_feather\r224\IM001737.png,basename
EYEPACS,MESSIDOR2,IM001738.jpg,0,0,0.52615523,0.3212308,0.14318386,0.0020415196,0.0073886393,0.52615523,external_test,Dark,85.0,adaptive_feather,123,C:\Users\USER\Desktop\Articulo\Datasets\MESSIDOR2\adaptive_feather\r224\IM001738.png,basename
EYEPACS,MESSIDOR2,IM001744.jpg,0,2,0.23167686,0.14353314,0.46597826,0.074889794,0.08392198,0.46597826,external_test,Dark,87.0,adaptive_feather,123,C:\Users\USER\Desktop\Articulo\Datasets\MESSIDOR2\adaptive_feather\r224\IM001744.png,basename
EYEPACS,MESSIDOR2,IM001745.jpg,0,2,0.11531653,0.068998896,0.4152007,0.30073965,0.09974423,0.4152007,external_test,ExtremelyDark,68.0,adaptive_feather,123,C:\Users\USER\Desktop\Articulo\Datasets\MESSIDOR2\adaptive_feather\r224\IM001745.png,basename
EYEPACS,MESSIDOR2,IM001751.jpg,4,4,0.0014351942,0.00032825817,0.0012869262,0.0021742028,0.9947754,0.9947754,external_test,Normal,109.0,adaptive_feather,123,C:\Users\USER\Desktop\Articulo\Datasets\MESSIDOR2\adaptive_feather\r224\IM001751.png,basename
EYEPACS,MESSIDOR2,IM001752.jpg,4,4,0.003174115,0.0009919395,0.004910836,0.010758789,0.98016435,0.98016435,external_test,Normal,122.0,adaptive_feather,123,C:\Users\USER\Desktop\Articulo\Datasets\MESSIDOR2\adaptive_feather\r224\IM001752.png,basename
EYEPACS,MESSIDOR2,IM001758.jpg,0,1,0.28215522,0.31305328,0.27758726,0.048003685,0.07920058,0.31305328,external_test,Dark,93.0,adaptive_feather,123,C:\Users\USER\Desktop\Articulo\Datasets\MESSIDOR2\adaptive_feather\r224\IM001758.png,basename
EYEPACS,MESSIDOR2,IM001759.jpg,0,0,0.5137187,0.246015,0.2090593,0.013880462,0.01732647,0.5137187,external_test,Dark,93.0,adaptive_feather,123,C:\Users\USER\Desktop\Articulo\Datasets\MESSIDOR2\adaptive_feather\r224\IM001759.png,basename
EYEPACS,MESSIDOR2,IM001765.jpg,0,2,0.26809502,0.25063032,0.2899185,0.14920439,0.042151738,0.2899185,external_test,VeryDark,82.0,adaptive_feather,123,C:\Users\USER\Desktop\Articulo\Datasets\MESSIDOR2\adaptive_feather\r224\IM001765.png,basename
EYEPACS,MESSIDOR2,IM001766.jpg,0,3,0.16997617,0.09629621,0.20327568,0.4181818,0.11227022,0.4181818,external_test,VeryDark,78.0,adaptive_feather,123,C:\Users\USER\Desktop\Articulo\Datasets\MESSIDOR2\adaptive_feather\r224\IM001766.png,basename
EYEPACS,MESSIDOR2,IM001797.jpg,0,2,0.21539907,0.1394079,0.57465607,0.0622415,0.008295472,0.57465607,external_test,Dark,86.0,adaptive_feather,123,C:\Users\USER\Desktop\Articulo\Datasets\MESSIDOR2\adaptive_feather\r224\IM001797.png,basename
EYEPACS,MESSIDOR2,IM001798.jpg,0,2,0.17233652,0.22068317,0.42910835,0.1045406,0.073331416,0.42910835,external_test,VeryDark,72.0,adaptive_feather,123,C:\Users\USER\Desktop\Articulo\Datasets\MESSIDOR2\adaptive_feather\r224\IM001798.png,basename
EYEPACS,MESSIDOR2,IM001804.jpg,0,0,0.42036042,0.17994247,0.18429866,0.055985987,0.15941249,0.42036042,external_test,Dark,107.0,adaptive_feather,123,C:\Users\USER\Desktop\Articulo\Datasets\MESSIDOR2\adaptive_feather\r224\IM001804.png,basename
EYEPACS,MESSIDOR2,IM001805.jpg,1,0,0.38336155,0.10649978,0.3627785,0.07014868,0.077211425,0.38336155,external_test,Dark,99.0,adaptive_feather,123,C:\Users\USER\Desktop\Articulo\Datasets\MESSIDOR2\adaptive_feather\r224\IM001805.png,basename
EYEPACS,MESSIDOR2,IM001831.jpg,0,1,0.2656501,0.3904826,0.2805275,0.029983357,0.033356503,0.3904826,external_test,VeryDark,71.0,adaptive_feather,123,C:\Users\USER\Desktop\Articulo\Datasets\MESSIDOR2\adaptive_feather\r224\IM001831.png,basename
EYEPACS,MESSIDOR2,IM001832.jpg,0,0,0.3800649,0.31747073,0.2721581,0.0100358995,0.02027036,0.3800649,external_test,VeryDark,77.0,adaptive_feather,123,C:\Users\USER\Desktop\Articulo\Datasets\MESSIDOR2\adaptive_feather\r224\IM001832.png,basename
EYEPACS,MESSIDOR2,IM001845.jpg,0,0,0.48780444,0.22941403,0.21650968,0.015558174,0.050713573,0.48780444,external_test,VeryDark,81.0,adaptive_feather,123,C:\Users\USER\Desktop\Articulo\Datasets\MESSIDOR2\adaptive_feather\r224\IM001845.png,basename
EYEPACS,MESSIDOR2,IM001846.jpg,0,2,0.17394835,0.119405694,0.34751302,0.17733078,0.18180218,0.34751302,external_test,VeryDark,70.0,adaptive_feather,123,C:\Users\USER\Desktop\Articulo\Datasets\MESSIDOR2\adaptive_feather\r224\IM001846.png,basename
EYEPACS,MESSIDOR2,IM001853.jpg,0,2,0.28255737,0.19273905,0.2951183,0.07627938,0.15330587,0.2951183,external_test,Dark,100.0,adaptive_feather,123,C:\Users\USER\Desktop\Articulo\Datasets\MESSIDOR2\adaptive_feather\r224\IM001853.png,basename
EYEPACS,MESSIDOR2,IM001854.jpg,0,2,0.28309608,0.101644635,0.31203818,0.07414964,0.22907145,0.31203818,external_test,Dark,101.0,adaptive_feather,123,C:\Users\USER\Desktop\Articulo\Datasets\MESSIDOR2\adaptive_feather\r224\IM001854.png,basename
EYEPACS,MESSIDOR2,IM001866.jpg,2,2,0.21021956,0.23761378,0.3890463,0.07385662,0.08926383,0.3890463,external_test,Dark,86.0,adaptive_feather,123,C:\Users\USER\Desktop\Articulo\Datasets\MESSIDOR2\adaptive_feather\r224\IM001866.png,basename
EYEPACS,MESSIDOR2,IM001867.jpg,2,0,0.4228952,0.27881068,0.2584242,0.018626157,0.021243742,0.4228952,external_test,VeryDark,82.0,adaptive_feather,123,C:\Users\USER\Desktop\Articulo\Datasets\MESSIDOR2\adaptive_feather\r224\IM001867.png,basename
EYEPACS,MESSIDOR2,IM001880.jpg,1,2,0.25196123,0.17996776,0.47193405,0.057272222,0.03886467,0.47193405,external_test,VeryDark,79.0,adaptive_feather,123,C:\Users\USER\Desktop\Articulo\Datasets\MESSIDOR2\adaptive_feather\r224\IM001880.png,basename
EYEPACS,MESSIDOR2,IM001881.jpg,2,0,0.45781088,0.2913704,0.22253172,0.015068955,0.013218006,0.45781088,external_test,VeryDark,74.0,adaptive_feather,123,C:\Users\USER\Desktop\Articulo\Datasets\MESSIDOR2\adaptive_feather\r224\IM001881.png,basename
EYEPACS,MESSIDOR2,IM001911.jpg,0,1,0.33065766,0.41976008,0.22687212,0.015165447,0.0075447075,0.41976008,external_test,Dark,86.0,adaptive_feather,123,C:\Users\USER\Desktop\Articulo\Datasets\MESSIDOR2\adaptive_feather\r224\IM001911.png,basename
EYEPACS,MESSIDOR2,IM001912.jpg,0,2,0.27809912,0.21247256,0.3913222,0.07318813,0.04491801,0.3913222,external_test,Dark,85.0,adaptive_feather,123,C:\Users\USER\Desktop\Articulo\Datasets\MESSIDOR2\adaptive_feather\r224\IM001912.png,basename
EYEPACS,MESSIDOR2,IM001926.jpg,1,3,0.07978958,0.06319541,0.2634019,0.4842235,0.10938961,0.4842235,external_test,Normal,109.0,adaptive_feather,123,C:\Users\USER\Desktop\Articulo\Datasets\MESSIDOR2\adaptive_feather\r224\IM001926.png,basename
EYEPACS,MESSIDOR2,IM001927.jpg,1,2,0.19238575,0.14675836,0.34031582,0.19824825,0.122291826,0.34031582,external_test,Dark,107.0,adaptive_feather,123,C:\Users\USER\Desktop\Articulo\Datasets\MESSIDOR2\adaptive_feather\r224\IM001927.png,basename
EYEPACS,MESSIDOR2,IM001941.jpg,4,4,0.0036971413,0.0023348052,0.02191999,0.14734769,0.82470036,0.82470036,external_test,VeryDark,80.0,adaptive_feather,123,C:\Users\USER\Desktop\Articulo\Datasets\MESSIDOR2\adaptive_feather\r224\IM001941.png,basename
EYEPACS,MESSIDOR2,IM001942.jpg,4,3,0.009585115,0.0080398545,0.009580519,0.655625,0.3171695,0.655625,external_test,Dark,88.0,adaptive_feather,123,C:\Users\USER\Desktop\Articulo\Datasets\MESSIDOR2\adaptive_feather\r224\IM001942.png,basename
EYEPACS,MESSIDOR2,IM001948.jpg,0,2,0.28843924,0.22122644,0.37520647,0.08865498,0.026472732,0.37520647,external_test,ExtremelyDark,67.0,adaptive_feather,123,C:\Users\USER\Desktop\Articulo\Datasets\MESSIDOR2\adaptive_feather\r224\IM001948.png,basename
EYEPACS,MESSIDOR2,IM001950.jpg,0,2,0.2911306,0.14750685,0.43762127,0.10813098,0.015610305,0.43762127,external_test,VeryDark,76.0,adaptive_feather,123,C:\Users\USER\Desktop\Articulo\Datasets\MESSIDOR2\adaptive_feather\r224\IM001950.png,basename
EYEPACS,MESSIDOR2,IM001964.jpg,1,0,0.312687,0.21506181,0.28942657,0.076621,0.1062036,0.312687,external_test,Normal,118.0,adaptive_feather,123,C:\Users\USER\Desktop\Articulo\Datasets\MESSIDOR2\adaptive_feather\r224\IM001964.png,basename
EYEPACS,MESSIDOR2,IM001965.jpg,0,0,0.3345924,0.27424434,0.28664753,0.049368463,0.055147324,0.3345924,external_test,Normal,112.0,adaptive_feather,123,C:\Users\USER\Desktop\Articulo\Datasets\MESSIDOR2\adaptive_feather\r224\IM001965.png,basename
EYEPACS,MESSIDOR2,IM001984.jpg,0,0,0.5123327,0.25630695,0.19164923,0.009549401,0.030161723,0.5123327,external_test,Dark,100.0,adaptive_feather,123,C:\Users\USER\Desktop\Articulo\Datasets\MESSIDOR2\adaptive_feather\r224\IM001984.png,basename
EYEPACS,MESSIDOR2,IM001985.jpg,0,0,0.46139416,0.2835281,0.22272663,0.01392478,0.018426346,0.46139416,external_test,Dark,92.0,adaptive_feather,123,C:\Users\USER\Desktop\Articulo\Datasets\MESSIDOR2\adaptive_feather\r224\IM001985.png,basename
EYEPACS,MESSIDOR2,IM002003.jpg,0,0,0.36450016,0.26975557,0.23939845,0.11695929,0.00938656,0.36450016,external_test,Dark,92.0,adaptive_feather,123,C:\Users\USER\Desktop\Articulo\Datasets\MESSIDOR2\adaptive_feather\r224\IM002003.png,basename
EYEPACS,MESSIDOR2,IM002004.jpg,0,0,0.5957367,0.2070419,0.15442538,0.033866286,0.008929789,0.5957367,external_test,Dark,95.0,adaptive_feather,123,C:\Users\USER\Desktop\Articulo\Datasets\MESSIDOR2\adaptive_feather\r224\IM002004.png,basename
EYEPACS,MESSIDOR2,IM002019.jpg,0,0,0.36672613,0.17732936,0.2924664,0.0918037,0.0716744,0.36672613,external_test,Dark,96.0,adaptive_feather,123,C:\Users\USER\Desktop\Articulo\Datasets\MESSIDOR2\adaptive_feather\r224\IM002019.png,basename
EYEPACS,MESSIDOR2,IM002020.jpg,0,0,0.32392848,0.22111765,0.26181892,0.05409062,0.13904436,0.32392848,external_test,VeryDark,75.0,adaptive_feather,123,C:\Users\USER\Desktop\Articulo\Datasets\MESSIDOR2\adaptive_feather\r224\IM002020.png,basename
EYEPACS,MESSIDOR2,IM002026.jpg,0,2,0.2752585,0.19386399,0.31585288,0.15873148,0.056293182,0.31585288,external_test,Normal,110.0,adaptive_feather,123,C:\Users\USER\Desktop\Articulo\Datasets\MESSIDOR2\adaptive_feather\r224\IM002026.png,basename
EYEPACS,MESSIDOR2,IM002027.jpg,0,2,0.3079079,0.13784881,0.35467562,0.068852015,0.13071573,0.35467562,external_test,Normal,117.0,adaptive_feather,123,C:\Users\USER\Desktop\Articulo\Datasets\MESSIDOR2\adaptive_feather\r224\IM002027.png,basename
EYEPACS,MESSIDOR2,IM002033.jpg,1,4,0.16642822,0.093477614,0.22093892,0.1387574,0.38039786,0.38039786,external_test,Normal,127.0,adaptive_feather,123,C:\Users\USER\Desktop\Articulo\Datasets\MESSIDOR2\adaptive_feather\r224\IM002033.png,basename
EYEPACS,MESSIDOR2,IM002034.jpg,0,3,0.081278145,0.021068608,0.12587841,0.50680214,0.26497266,0.50680214,external_test,Normal,110.0,adaptive_feather,123,C:\Users\USER\Desktop\Articulo\Datasets\MESSIDOR2\adaptive_feather\r224\IM002034.png,basename
EYEPACS,MESSIDOR2,IM002052.jpg,0,0,0.4197522,0.28588223,0.2638115,0.021818573,0.008735496,0.4197522,external_test,Dark,97.0,adaptive_feather,123,C:\Users\USER\Desktop\Articulo\Datasets\MESSIDOR2\adaptive_feather\r224\IM002052.png,basename
EYEPACS,MESSIDOR2,IM002053.jpg,0,2,0.35181132,0.17400922,0.3756009,0.04556631,0.05301228,0.3756009,external_test,VeryDark,83.0,adaptive_feather,123,C:\Users\USER\Desktop\Articulo\Datasets\MESSIDOR2\adaptive_feather\r224\IM002053.png,basename
EYEPACS,MESSIDOR2,IM002070.jpg,0,4,0.21223235,0.11465094,0.21333222,0.105787784,0.35399672,0.35399672,external_test,Dark,91.0,adaptive_feather,123,C:\Users\USER\Desktop\Articulo\Datasets\MESSIDOR2\adaptive_feather\r224\IM002070.png,basename
EYEPACS,MESSIDOR2,IM002071.jpg,0,0,0.40619606,0.28746447,0.24753487,0.030796722,0.028007967,0.40619606,external_test,VeryDark,84.0,adaptive_feather,123,C:\Users\USER\Desktop\Articulo\Datasets\MESSIDOR2\adaptive_feather\r224\IM002071.png,basename
EYEPACS,MESSIDOR2,IM002134.jpg,0,2,0.138983,0.26398006,0.2952256,0.2115234,0.09028797,0.2952256,external_test,VeryDark,83.0,adaptive_feather,123,C:\Users\USER\Desktop\Articulo\Datasets\MESSIDOR2\adaptive_feather\r224\IM002134.png,basename
EYEPACS,MESSIDOR2,IM002135.jpg,0,2,0.22668481,0.21104845,0.34845582,0.101374224,0.11243672,0.34845582,external_test,ExtremelyDark,68.0,adaptive_feather,123,C:\Users\USER\Desktop\Articulo\Datasets\MESSIDOR2\adaptive_feather\r224\IM002135.png,basename
EYEPACS,MESSIDOR2,IM002148.jpg,1,2,0.12422844,0.102391146,0.3821236,0.35159254,0.039664242,0.3821236,external_test,Dark,106.0,adaptive_feather,123,C:\Users\USER\Desktop\Articulo\Datasets\MESSIDOR2\adaptive_feather\r224\IM002148.png,basename
EYEPACS,MESSIDOR2,IM002149.jpg,0,2,0.20787965,0.09124238,0.3113969,0.19364949,0.19583157,0.3113969,external_test,Dark,105.0,adaptive_feather,123,C:\Users\USER\Desktop\Articulo\Datasets\MESSIDOR2\adaptive_feather\r224\IM002149.png,basename
EYEPACS,MESSIDOR2,IM002156.jpg,0,3,0.078108296,0.045860715,0.21232332,0.5294639,0.13424376,0.5294639,external_test,Dark,102.0,adaptive_feather,123,C:\Users\USER\Desktop\Articulo\Datasets\MESSIDOR2\adaptive_feather\r224\IM002156.png,basename
EYEPACS,MESSIDOR2,IM002157.jpg,0,3,0.13000178,0.04399302,0.26332197,0.38728568,0.17539756,0.38728568,external_test,Dark,87.0,adaptive_feather,123,C:\Users\USER\Desktop\Articulo\Datasets\MESSIDOR2\adaptive_feather\r224\IM002157.png,basename
EYEPACS,MESSIDOR2,IM002201.jpg,0,2,0.32242292,0.146063,0.32691613,0.042106375,0.16249162,0.32691613,external_test,Normal,123.0,adaptive_feather,123,C:\Users\USER\Desktop\Articulo\Datasets\MESSIDOR2\adaptive_feather\r224\IM002201.png,basename
EYEPACS,MESSIDOR2,IM002202.jpg,0,4,0.02218941,0.00786506,0.015733385,0.04209187,0.9121203,0.9121203,external_test,Dark,85.0,adaptive_feather,123,C:\Users\USER\Desktop\Articulo\Datasets\MESSIDOR2\adaptive_feather\r224\IM002202.png,basename
EYEPACS,MESSIDOR2,IM002208.jpg,0,1,0.31139752,0.3466463,0.2411984,0.061030734,0.03972708,0.3466463,external_test,Dark,99.0,adaptive_feather,123,C:\Users\USER\Desktop\Articulo\Datasets\MESSIDOR2\adaptive_feather\r224\IM002208.png,basename
EYEPACS,MESSIDOR2,IM002209.jpg,0,1,0.30676806,0.32708272,0.28087032,0.0529452,0.032333683,0.32708272,external_test,Dark,108.0,adaptive_feather,123,C:\Users\USER\Desktop\Articulo\Datasets\MESSIDOR2\adaptive_feather\r224\IM002209.png,basename
EYEPACS,MESSIDOR2,IM002215.jpg,0,0,0.47816968,0.21860309,0.23071127,0.024853775,0.047662113,0.47816968,external_test,Dark,107.0,adaptive_feather,123,C:\Users\USER\Desktop\Articulo\Datasets\MESSIDOR2\adaptive_feather\r224\IM002215.png,basename
EYEPACS,MESSIDOR2,IM002216.jpg,0,4,0.07569685,0.024843555,0.05928155,0.3682747,0.4719034,0.4719034,external_test,VeryDark,75.0,adaptive_feather,123,C:\Users\USER\Desktop\Articulo\Datasets\MESSIDOR2\adaptive_feather\r224\IM002216.png,basename
EYEPACS,MESSIDOR2,IM002222.jpg,0,0,0.3652109,0.13452956,0.30452368,0.12576011,0.06997574,0.3652109,external_test,Dark,89.0,adaptive_feather,123,C:\Users\USER\Desktop\Articulo\Datasets\MESSIDOR2\adaptive_feather\r224\IM002222.png,basename
EYEPACS,MESSIDOR2,IM002223.jpg,0,0,0.46806982,0.2729429,0.22136475,0.024410905,0.013211596,0.46806982,external_test,Dark,90.0,adaptive_feather,123,C:\Users\USER\Desktop\Articulo\Datasets\MESSIDOR2\adaptive_feather\r224\IM002223.png,basename
EYEPACS,MESSIDOR2,IM002251.jpg,0,2,0.32274604,0.18949994,0.3709822,0.05814536,0.058626503,0.3709822,external_test,Dark,86.0,adaptive_feather,123,C:\Users\USER\Desktop\Articulo\Datasets\MESSIDOR2\adaptive_feather\r224\IM002251.png,basename
EYEPACS,MESSIDOR2,IM002252.jpg,1,2,0.324817,0.15943354,0.43358934,0.048046418,0.034113694,0.43358934,external_test,Dark,85.0,adaptive_feather,123,C:\Users\USER\Desktop\Articulo\Datasets\MESSIDOR2\adaptive_feather\r224\IM002252.png,basename
EYEPACS,MESSIDOR2,IM002268.jpg,2,3,0.036900867,0.02529612,0.12797727,0.60931367,0.20051211,0.60931367,external_test,Normal,112.0,adaptive_feather,123,C:\Users\USER\Desktop\Articulo\Datasets\MESSIDOR2\adaptive_feather\r224\IM002268.png,basename
EYEPACS,MESSIDOR2,IM002269.jpg,3,3,0.021790555,0.01776535,0.1232691,0.55041784,0.28675714,0.55041784,external_test,Normal,115.0,adaptive_feather,123,C:\Users\USER\Desktop\Articulo\Datasets\MESSIDOR2\adaptive_feather\r224\IM002269.png,basename
EYEPACS,MESSIDOR2,IM002275.jpg,0,0,0.37354577,0.2222291,0.22300477,0.057934467,0.1232858,0.37354577,external_test,Dark,91.0,adaptive_feather,123,C:\Users\USER\Desktop\Articulo\Datasets\MESSIDOR2\adaptive_feather\r224\IM002275.png,basename
EYEPACS,MESSIDOR2,IM002276.jpg,0,1,0.27695447,0.34766182,0.26590985,0.07553678,0.0339371,0.34766182,external_test,Dark,91.0,adaptive_feather,123,C:\Users\USER\Desktop\Articulo\Datasets\MESSIDOR2\adaptive_feather\r224\IM002276.png,basename
EYEPACS,MESSIDOR2,IM002284.jpg,0,3,0.03512334,0.011489731,0.04931489,0.6721693,0.2319027,0.6721693,external_test,VeryDark,83.0,adaptive_feather,123,C:\Users\USER\Desktop\Articulo\Datasets\MESSIDOR2\adaptive_feather\r224\IM002284.png,basename
EYEPACS,MESSIDOR2,IM002285.jpg,0,4,0.03205681,0.016112398,0.05106058,0.26524833,0.6355219,0.6355219,external_test,VeryDark,84.0,adaptive_feather,123,C:\Users\USER\Desktop\Articulo\Datasets\MESSIDOR2\adaptive_feather\r224\IM002285.png,basename
EYEPACS,MESSIDOR2,IM002300.jpg,0,1,0.28294423,0.32332608,0.27122706,0.08142497,0.04107771,0.32332608,external_test,VeryDark,81.0,adaptive_feather,123,C:\Users\USER\Desktop\Articulo\Datasets\MESSIDOR2\adaptive_feather\r224\IM002300.png,basename
EYEPACS,MESSIDOR2,IM002301.jpg,0,2,0.3062225,0.3182886,0.33824334,0.015926417,0.021319194,0.33824334,external_test,VeryDark,84.0,adaptive_feather,123,C:\Users\USER\Desktop\Articulo\Datasets\MESSIDOR2\adaptive_feather\r224\IM002301.png,basename
EYEPACS,MESSIDOR2,IM002321.jpg,0,4,0.14595021,0.03812106,0.15454414,0.25025705,0.4111276,0.4111276,external_test,VeryDark,75.0,adaptive_feather,123,C:\Users\USER\Desktop\Articulo\Datasets\MESSIDOR2\adaptive_feather\r224\IM002321.png,basename
EYEPACS,MESSIDOR2,IM002322.jpg,0,0,0.4533872,0.36126623,0.1666432,0.0070669274,0.011636524,0.4533872,external_test,Dark,93.0,adaptive_feather,123,C:\Users\USER\Desktop\Articulo\Datasets\MESSIDOR2\adaptive_feather\r224\IM002322.png,basename
EYEPACS,MESSIDOR2,IM002335.jpg,0,0,0.43135712,0.17072609,0.3004184,0.028076217,0.06942217,0.43135712,external_test,VeryDark,81.0,adaptive_feather,123,C:\Users\USER\Desktop\Articulo\Datasets\MESSIDOR2\adaptive_feather\r224\IM002335.png,basename
EYEPACS,MESSIDOR2,IM002336.jpg,0,0,0.43571597,0.24501806,0.2714453,0.027662704,0.020157916,0.43571597,external_test,VeryDark,81.0,adaptive_feather,123,C:\Users\USER\Desktop\Articulo\Datasets\MESSIDOR2\adaptive_feather\r224\IM002336.png,basename
EYEPACS,MESSIDOR2,IM002356.jpg,0,1,0.27241957,0.433041,0.20965084,0.073588096,0.011300453,0.433041,external_test,Dark,87.0,adaptive_feather,123,C:\Users\USER\Desktop\Articulo\Datasets\MESSIDOR2\adaptive_feather\r224\IM002356.png,basename
EYEPACS,MESSIDOR2,IM002357.jpg,0,0,0.37847176,0.28869897,0.2612286,0.034083154,0.03751746,0.37847176,external_test,Dark,89.0,adaptive_feather,123,C:\Users\USER\Desktop\Articulo\Datasets\MESSIDOR2\adaptive_feather\r224\IM002357.png,basename
EYEPACS,MESSIDOR2,IM002384.jpg,0,3,0.06311746,0.020043286,0.20702107,0.59255904,0.11725914,0.59255904,external_test,Normal,110.0,adaptive_feather,123,C:\Users\USER\Desktop\Articulo\Datasets\MESSIDOR2\adaptive_feather\r224\IM002384.png,basename
EYEPACS,MESSIDOR2,IM002399.jpg,0,0,0.37774947,0.2996548,0.2698371,0.025580518,0.0271781,0.37774947,external_test,Dark,101.0,adaptive_feather,123,C:\Users\USER\Desktop\Articulo\Datasets\MESSIDOR2\adaptive_feather\r224\IM002399.png,basename
EYEPACS,MESSIDOR2,IM002400.jpg,0,3,0.12379247,0.1212213,0.2861697,0.34026402,0.12855259,0.34026402,external_test,Dark,92.0,adaptive_feather,123,C:\Users\USER\Desktop\Articulo\Datasets\MESSIDOR2\adaptive_feather\r224\IM002400.png,basename
EYEPACS,MESSIDOR2,IM002414.jpg,0,0,0.3904698,0.21394376,0.30750367,0.04048015,0.047602583,0.3904698,external_test,Dark,95.0,adaptive_feather,123,C:\Users\USER\Desktop\Articulo\Datasets\MESSIDOR2\adaptive_feather\r224\IM002414.png,basename
EYEPACS,MESSIDOR2,IM002415.jpg,0,0,0.41150036,0.19191846,0.25301412,0.069284536,0.07428263,0.41150036,external_test,Dark,97.0,adaptive_feather,123,C:\Users\USER\Desktop\Articulo\Datasets\MESSIDOR2\adaptive_feather\r224\IM002415.png,basename
EYEPACS,MESSIDOR2,IM002441.jpg,0,2,0.24613732,0.25743088,0.33902144,0.033963114,0.12344722,0.33902144,external_test,Normal,113.0,adaptive_feather,123,C:\Users\USER\Desktop\Articulo\Datasets\MESSIDOR2\adaptive_feather\r224\IM002441.png,basename
EYEPACS,MESSIDOR2,IM002442.jpg,0,4,0.097080804,0.13634686,0.094307184,0.0660261,0.6062391,0.6062391,external_test,VeryDark,78.0,adaptive_feather,123,C:\Users\USER\Desktop\Articulo\Datasets\MESSIDOR2\adaptive_feather\r224\IM002442.png,basename
EYEPACS,MESSIDOR2,IM002448.jpg,0,2,0.24310848,0.16836706,0.4339602,0.121091515,0.033472747,0.4339602,external_test,Normal,122.0,adaptive_feather,123,C:\Users\USER\Desktop\Articulo\Datasets\MESSIDOR2\adaptive_feather\r224\IM002448.png,basename
EYEPACS,MESSIDOR2,IM002449.jpg,0,2,0.27648222,0.13043737,0.3947398,0.11976917,0.07857148,0.3947398,external_test,Normal,125.0,adaptive_feather,123,C:\Users\USER\Desktop\Articulo\Datasets\MESSIDOR2\adaptive_feather\r224\IM002449.png,basename
EYEPACS,MESSIDOR2,IM002455.jpg,1,2,0.22951764,0.30641925,0.37289146,0.049430408,0.041741256,0.37289146,external_test,Dark,86.0,adaptive_feather,123,C:\Users\USER\Desktop\Articulo\Datasets\MESSIDOR2\adaptive_feather\r224\IM002455.png,basename
EYEPACS,MESSIDOR2,IM002456.jpg,0,2,0.3145216,0.2151834,0.4295072,0.01902358,0.021764174,0.4295072,external_test,Dark,96.0,adaptive_feather,123,C:\Users\USER\Desktop\Articulo\Datasets\MESSIDOR2\adaptive_feather\r224\IM002456.png,basename
EYEPACS,MESSIDOR2,IM002465.jpg,0,2,0.22927183,0.08427524,0.45014298,0.04372009,0.19258983,0.45014298,external_test,VeryDark,78.0,adaptive_feather,123,C:\Users\USER\Desktop\Articulo\Datasets\MESSIDOR2\adaptive_feather\r224\IM002465.png,basename
EYEPACS,MESSIDOR2,IM002466.jpg,0,2,0.29908106,0.14716966,0.36427322,0.07247746,0.11699862,0.36427322,external_test,VeryDark,84.0,adaptive_feather,123,C:\Users\USER\Desktop\Articulo\Datasets\MESSIDOR2\adaptive_feather\r224\IM002466.png,basename
EYEPACS,MESSIDOR2,IM002472.jpg,0,3,0.046925478,0.047279615,0.17679295,0.39318344,0.3358185,0.39318344,external_test,Dark,101.0,adaptive_feather,123,C:\Users\USER\Desktop\Articulo\Datasets\MESSIDOR2\adaptive_feather\r224\IM002472.png,basename
EYEPACS,MESSIDOR2,IM002473.jpg,0,3,0.06678116,0.035521336,0.1538386,0.39381397,0.35004497,0.39381397,external_test,Dark,90.0,adaptive_feather,123,C:\Users\USER\Desktop\Articulo\Datasets\MESSIDOR2\adaptive_feather\r224\IM002473.png,basename
EYEPACS,MESSIDOR2,IM002481.jpg,0,4,0.09996678,0.17537409,0.08635728,0.05887173,0.5794301,0.5794301,external_test,Normal,113.0,adaptive_feather,123,C:\Users\USER\Desktop\Articulo\Datasets\MESSIDOR2\adaptive_feather\r224\IM002481.png,basename
EYEPACS,MESSIDOR2,IM002482.jpg,0,4,0.16397473,0.050907776,0.074343465,0.009806654,0.7009674,0.7009674,external_test,Dark,106.0,adaptive_feather,123,C:\Users\USER\Desktop\Articulo\Datasets\MESSIDOR2\adaptive_feather\r224\IM002482.png,basename
EYEPACS,MESSIDOR2,IM002486.jpg,4,4,0.17655672,0.090584405,0.16786265,0.04100785,0.52398837,0.52398837,external_test,Dark,90.0,adaptive_feather,123,C:\Users\USER\Desktop\Articulo\Datasets\MESSIDOR2\adaptive_feather\r224\IM002486.png,basename
EYEPACS,MESSIDOR2,IM002487.jpg,4,4,0.059886362,0.021579111,0.17432307,0.14634675,0.59786475,0.59786475,external_test,Dark,93.0,adaptive_feather,123,C:\Users\USER\Desktop\Articulo\Datasets\MESSIDOR2\adaptive_feather\r224\IM002487.png,basename
EYEPACS,MESSIDOR2,IM002493.jpg,0,2,0.19379395,0.11080518,0.32203186,0.068802014,0.30456704,0.32203186,external_test,VeryDark,73.0,adaptive_feather,123,C:\Users\USER\Desktop\Articulo\Datasets\MESSIDOR2\adaptive_feather\r224\IM002493.png,basename
EYEPACS,MESSIDOR2,IM002494.jpg,0,0,0.42413014,0.1615129,0.29790658,0.06419948,0.052250933,0.42413014,external_test,ExtremelyDark,68.0,adaptive_feather,123,C:\Users\USER\Desktop\Articulo\Datasets\MESSIDOR2\adaptive_feather\r224\IM002494.png,basename
EYEPACS,MESSIDOR2,IM002500.jpg,0,4,0.011485289,0.008372309,0.06075233,0.31246197,0.6069281,0.6069281,external_test,Dark,95.0,adaptive_feather,123,C:\Users\USER\Desktop\Articulo\Datasets\MESSIDOR2\adaptive_feather\r224\IM002500.png,basename
EYEPACS,MESSIDOR2,IM002501.jpg,0,4,0.06960922,0.044493347,0.21012469,0.11923942,0.55653334,0.55653334,external_test,Dark,99.0,adaptive_feather,123,C:\Users\USER\Desktop\Articulo\Datasets\MESSIDOR2\adaptive_feather\r224\IM002501.png,basename
EYEPACS,MESSIDOR2,IM002508.jpg,0,0,0.4188175,0.30408165,0.24919103,0.016065216,0.011844538,0.4188175,external_test,VeryDark,73.0,adaptive_feather,123,C:\Users\USER\Desktop\Articulo\Datasets\MESSIDOR2\adaptive_feather\r224\IM002508.png,basename
EYEPACS,MESSIDOR2,IM002509.jpg,0,2,0.33048496,0.24542333,0.35511363,0.027311983,0.04166614,0.35511363,external_test,VeryDark,70.0,adaptive_feather,123,C:\Users\USER\Desktop\Articulo\Datasets\MESSIDOR2\adaptive_feather\r224\IM002509.png,basename
EYEPACS,MESSIDOR2,IM002515.jpg,0,2,0.08729618,0.05537346,0.4946318,0.23899652,0.12370207,0.4946318,external_test,Dark,88.0,adaptive_feather,123,C:\Users\USER\Desktop\Articulo\Datasets\MESSIDOR2\adaptive_feather\r224\IM002515.png,basename
EYEPACS,MESSIDOR2,IM002516.jpg,0,2,0.20536856,0.14918424,0.4085589,0.11283395,0.124054365,0.4085589,external_test,Dark,87.0,adaptive_feather,123,C:\Users\USER\Desktop\Articulo\Datasets\MESSIDOR2\adaptive_feather\r224\IM002516.png,basename
EYEPACS,MESSIDOR2,IM002522.jpg,2,2,0.25588876,0.18770768,0.32943556,0.14042495,0.08654306,0.32943556,external_test,Dark,86.0,adaptive_feather,123,C:\Users\USER\Desktop\Articulo\Datasets\MESSIDOR2\adaptive_feather\r224\IM002522.png,basename
EYEPACS,MESSIDOR2,IM002523.jpg,2,2,0.11716188,0.085122414,0.32314697,0.2027266,0.27184218,0.32314697,external_test,Dark,85.0,adaptive_feather,123,C:\Users\USER\Desktop\Articulo\Datasets\MESSIDOR2\adaptive_feather\r224\IM002523.png,basename
EYEPACS,MESSIDOR2,IM002529.jpg,1,2,0.07091866,0.06608397,0.34458122,0.34066406,0.17775205,0.34458122,external_test,ExtremelyDark,57.0,adaptive_feather,123,C:\Users\USER\Desktop\Articulo\Datasets\MESSIDOR2\adaptive_feather\r224\IM002529.png,basename
EYEPACS,MESSIDOR2,IM002530.jpg,1,2,0.21621801,0.08026573,0.40266824,0.1299173,0.17093068,0.40266824,external_test,ExtremelyDark,69.0,adaptive_feather,123,C:\Users\USER\Desktop\Articulo\Datasets\MESSIDOR2\adaptive_feather\r224\IM002530.png,basename
EYEPACS,MESSIDOR2,IM002543.jpg,0,0,0.4232926,0.40949848,0.15002927,0.007925555,0.009254163,0.4232926,external_test,Dark,93.0,adaptive_feather,123,C:\Users\USER\Desktop\Articulo\Datasets\MESSIDOR2\adaptive_feather\r224\IM002543.png,basename
EYEPACS,MESSIDOR2,IM002544.jpg,0,2,0.2735716,0.10464789,0.36969098,0.1318247,0.120264776,0.36969098,external_test,ExtremelyDark,68.0,adaptive_feather,123,C:\Users\USER\Desktop\Articulo\Datasets\MESSIDOR2\adaptive_feather\r224\IM002544.png,basename
EYEPACS,MESSIDOR2,IM002577.jpg,0,0,0.56908476,0.29487443,0.09777884,0.019235639,0.019026337,0.56908476,external_test,VeryDark,79.0,adaptive_feather,123,C:\Users\USER\Desktop\Articulo\Datasets\MESSIDOR2\adaptive_feather\r224\IM002577.png,basename
EYEPACS,MESSIDOR2,IM002578.jpg,0,0,0.31780824,0.27139315,0.3071706,0.06045881,0.043169174,0.31780824,external_test,ExtremelyDark,62.0,adaptive_feather,123,C:\Users\USER\Desktop\Articulo\Datasets\MESSIDOR2\adaptive_feather\r224\IM002578.png,basename
EYEPACS,MESSIDOR2,IM002584.jpg,1,2,0.16797397,0.09089237,0.42793566,0.18690874,0.12628923,0.42793566,external_test,Dark,99.0,adaptive_feather,123,C:\Users\USER\Desktop\Articulo\Datasets\MESSIDOR2\adaptive_feather\r224\IM002584.png,basename
EYEPACS,MESSIDOR2,IM002585.jpg,0,4,0.05495811,0.021014249,0.11090845,0.27881864,0.53430057,0.53430057,external_test,Dark,95.0,adaptive_feather,123,C:\Users\USER\Desktop\Articulo\Datasets\MESSIDOR2\adaptive_feather\r224\IM002585.png,basename
EYEPACS,MESSIDOR2,IM002614.jpg,0,2,0.20810986,0.060544018,0.27887264,0.2227947,0.22967878,0.27887264,external_test,VeryDark,71.0,adaptive_feather,123,C:\Users\USER\Desktop\Articulo\Datasets\MESSIDOR2\adaptive_feather\r224\IM002614.png,basename
EYEPACS,MESSIDOR2,IM002615.jpg,0,0,0.45532113,0.2656783,0.25063005,0.018981094,0.009389437,0.45532113,external_test,Dark,96.0,adaptive_feather,123,C:\Users\USER\Desktop\Articulo\Datasets\MESSIDOR2\adaptive_feather\r224\IM002615.png,basename
EYEPACS,MESSIDOR2,IM002621.jpg,0,0,0.5511591,0.28083238,0.094524376,0.038872007,0.034612086,0.5511591,external_test,Normal,109.0,adaptive_feather,123,C:\Users\USER\Desktop\Articulo\Datasets\MESSIDOR2\adaptive_feather\r224\IM002621.png,basename
EYEPACS,MESSIDOR2,IM002622.jpg,0,0,0.4711157,0.1641512,0.26979107,0.071269296,0.023672719,0.4711157,external_test,Normal,110.0,adaptive_feather,123,C:\Users\USER\Desktop\Articulo\Datasets\MESSIDOR2\adaptive_feather\r224\IM002622.png,basename
EYEPACS,MESSIDOR2,IM002635.jpg,4,4,0.16416718,0.08546618,0.11560682,0.03325954,0.6015003,0.6015003,external_test,VeryDark,77.0,adaptive_feather,123,C:\Users\USER\Desktop\Articulo\Datasets\MESSIDOR2\adaptive_feather\r224\IM002635.png,basename
EYEPACS,MESSIDOR2,IM002636.jpg,4,4,0.02504674,0.015812792,0.04793193,0.05734186,0.85386664,0.85386664,external_test,VeryDark,75.0,adaptive_feather,123,C:\Users\USER\Desktop\Articulo\Datasets\MESSIDOR2\adaptive_feather\r224\IM002636.png,basename
EYEPACS,MESSIDOR2,IM002642.jpg,0,0,0.47605187,0.39186564,0.11677972,0.010888949,0.004413865,0.47605187,external_test,VeryDark,76.0,adaptive_feather,123,C:\Users\USER\Desktop\Articulo\Datasets\MESSIDOR2\adaptive_feather\r224\IM002642.png,basename
EYEPACS,MESSIDOR2,IM002643.jpg,0,0,0.50964975,0.3809992,0.09464715,0.005308576,0.009395257,0.50964975,external_test,VeryDark,84.0,adaptive_feather,123,C:\Users\USER\Desktop\Articulo\Datasets\MESSIDOR2\adaptive_feather\r224\IM002643.png,basename
EYEPACS,MESSIDOR2,IM002649.jpg,0,2,0.09572106,0.03968794,0.35491017,0.29625285,0.21342799,0.35491017,external_test,VeryDark,73.0,adaptive_feather,123,C:\Users\USER\Desktop\Articulo\Datasets\MESSIDOR2\adaptive_feather\r224\IM002649.png,basename
EYEPACS,MESSIDOR2,IM002650.jpg,0,3,0.079348534,0.06912863,0.22758767,0.38473958,0.23919553,0.38473958,external_test,VeryDark,70.0,adaptive_feather,123,C:\Users\USER\Desktop\Articulo\Datasets\MESSIDOR2\adaptive_feather\r224\IM002650.png,basename
EYEPACS,MESSIDOR2,IM002658.jpg,0,0,0.4499781,0.3231009,0.18861455,0.027739339,0.0105670635,0.4499781,external_test,Dark,94.0,adaptive_feather,123,C:\Users\USER\Desktop\Articulo\Datasets\MESSIDOR2\adaptive_feather\r224\IM002658.png,basename
EYEPACS,MESSIDOR2,IM002659.jpg,0,0,0.3964906,0.34165207,0.2303758,0.022455644,0.009025857,0.3964906,external_test,Dark,91.0,adaptive_feather,123,C:\Users\USER\Desktop\Articulo\Datasets\MESSIDOR2\adaptive_feather\r224\IM002659.png,basename
EYEPACS,MESSIDOR2,IM002665.jpg,0,4,0.07883623,0.06862036,0.16254283,0.13409394,0.5559066,0.5559066,external_test,Dark,91.0,adaptive_feather,123,C:\Users\USER\Desktop\Articulo\Datasets\MESSIDOR2\adaptive_feather\r224\IM002665.png,basename
EYEPACS,MESSIDOR2,IM002666.jpg,0,3,0.16066223,0.09766251,0.22334029,0.35348016,0.16485487,0.35348016,external_test,VeryDark,72.0,adaptive_feather,123,C:\Users\USER\Desktop\Articulo\Datasets\MESSIDOR2\adaptive_feather\r224\IM002666.png,basename
EYEPACS,MESSIDOR2,IM002695.jpg,0,0,0.5907194,0.18843701,0.18658982,0.008315258,0.02593855,0.5907194,external_test,Dark,104.0,adaptive_feather,123,C:\Users\USER\Desktop\Articulo\Datasets\MESSIDOR2\adaptive_feather\r224\IM002695.png,basename
EYEPACS,MESSIDOR2,IM002697.jpg,0,1,0.35492012,0.37369397,0.09819074,0.06084332,0.11235195,0.37369397,external_test,Normal,110.0,adaptive_feather,123,C:\Users\USER\Desktop\Articulo\Datasets\MESSIDOR2\adaptive_feather\r224\IM002697.png,basename
EYEPACS,MESSIDOR2,IM002703.jpg,0,4,0.007452423,0.003741852,0.026841762,0.14029028,0.8216737,0.8216737,external_test,VeryDark,70.0,adaptive_feather,123,C:\Users\USER\Desktop\Articulo\Datasets\MESSIDOR2\adaptive_feather\r224\IM002703.png,basename
EYEPACS,MESSIDOR2,IM002704.jpg,0,4,0.2398846,0.08918221,0.2198836,0.20265163,0.24839796,0.24839796,external_test,VeryDark,75.0,adaptive_feather,123,C:\Users\USER\Desktop\Articulo\Datasets\MESSIDOR2\adaptive_feather\r224\IM002704.png,basename
EYEPACS,MESSIDOR2,IM002718.jpg,0,0,0.4386851,0.26583493,0.25926274,0.0134578,0.022759419,0.4386851,external_test,VeryDark,76.0,adaptive_feather,123,C:\Users\USER\Desktop\Articulo\Datasets\MESSIDOR2\adaptive_feather\r224\IM002718.png,basename
EYEPACS,MESSIDOR2,IM002719.jpg,0,0,0.3353532,0.2974403,0.2009886,0.0810635,0.08515445,0.3353532,external_test,VeryDark,81.0,adaptive_feather,123,C:\Users\USER\Desktop\Articulo\Datasets\MESSIDOR2\adaptive_feather\r224\IM002719.png,basename
EYEPACS,MESSIDOR2,IM002725.jpg,0,4,0.07485545,0.029249758,0.2693736,0.28731146,0.3392098,0.3392098,external_test,Normal,113.0,adaptive_feather,123,C:\Users\USER\Desktop\Articulo\Datasets\MESSIDOR2\adaptive_feather\r224\IM002725.png,basename
EYEPACS,MESSIDOR2,IM002726.jpg,2,4,0.06202498,0.020451041,0.20126809,0.31199387,0.404262,0.404262,external_test,Normal,115.0,adaptive_feather,123,C:\Users\USER\Desktop\Articulo\Datasets\MESSIDOR2\adaptive_feather\r224\IM002726.png,basename
EYEPACS,MESSIDOR2,IM002732.jpg,0,4,0.057201214,0.03947883,0.15921438,0.27394256,0.47016296,0.47016296,external_test,Dark,89.0,adaptive_feather,123,C:\Users\USER\Desktop\Articulo\Datasets\MESSIDOR2\adaptive_feather\r224\IM002732.png,basename
EYEPACS,MESSIDOR2,IM002733.jpg,0,2,0.1771957,0.08847919,0.41149876,0.18101859,0.14180778,0.41149876,external_test,ExtremelyDark,68.0,adaptive_feather,123,C:\Users\USER\Desktop\Articulo\Datasets\MESSIDOR2\adaptive_feather\r224\IM002733.png,basename
EYEPACS,MESSIDOR2,IM002765.jpg,1,2,0.19583777,0.0980095,0.34490585,0.19668849,0.16455838,0.34490585,external_test,VeryDark,77.0,adaptive_feather,123,C:\Users\USER\Desktop\Articulo\Datasets\MESSIDOR2\adaptive_feather\r224\IM002765.png,basename
EYEPACS,MESSIDOR2,IM002766.jpg,1,2,0.21918803,0.09437565,0.37745097,0.1384618,0.17052354,0.37745097,external_test,VeryDark,75.0,adaptive_feather,123,C:\Users\USER\Desktop\Articulo\Datasets\MESSIDOR2\adaptive_feather\r224\IM002766.png,basename
EYEPACS,MESSIDOR2,IM002781.jpg,0,0,0.36482763,0.26413918,0.2867259,0.045432493,0.038874704,0.36482763,external_test,Dark,89.0,adaptive_feather,123,C:\Users\USER\Desktop\Articulo\Datasets\MESSIDOR2\adaptive_feather\r224\IM002781.png,basename
EYEPACS,MESSIDOR2,IM002782.jpg,0,1,0.3161744,0.31915846,0.28839722,0.037012037,0.039257873,0.31915846,external_test,Dark,100.0,adaptive_feather,123,C:\Users\USER\Desktop\Articulo\Datasets\MESSIDOR2\adaptive_feather\r224\IM002782.png,basename
EYEPACS,MESSIDOR2,IM002802.jpg,0,0,0.43714508,0.1188687,0.16666147,0.02669321,0.2506316,0.43714508,external_test,VeryDark,83.0,adaptive_feather,123,C:\Users\USER\Desktop\Articulo\Datasets\MESSIDOR2\adaptive_feather\r224\IM002802.png,basename
EYEPACS,MESSIDOR2,IM002803.jpg,0,1,0.25137666,0.38638029,0.27659428,0.049492676,0.036156055,0.38638029,external_test,ExtremelyDark,59.0,adaptive_feather,123,C:\Users\USER\Desktop\Articulo\Datasets\MESSIDOR2\adaptive_feather\r224\IM002803.png,basename
EYEPACS,MESSIDOR2,IM002821.jpg,0,1,0.33086503,0.46780348,0.15234369,0.035292882,0.013694996,0.46780348,external_test,VeryDark,81.0,adaptive_feather,123,C:\Users\USER\Desktop\Articulo\Datasets\MESSIDOR2\adaptive_feather\r224\IM002821.png,basename
EYEPACS,MESSIDOR2,IM002822.jpg,0,1,0.32347804,0.5656561,0.088979214,0.017630884,0.004255767,0.5656561,external_test,Dark,85.0,adaptive_feather,123,C:\Users\USER\Desktop\Articulo\Datasets\MESSIDOR2\adaptive_feather\r224\IM002822.png,basename
EYEPACS,MESSIDOR2,IM002828.jpg,0,1,0.26958007,0.45735332,0.21494089,0.024872834,0.033252817,0.45735332,external_test,VeryDark,83.0,adaptive_feather,123,C:\Users\USER\Desktop\Articulo\Datasets\MESSIDOR2\adaptive_feather\r224\IM002828.png,basename
EYEPACS,MESSIDOR2,IM002829.jpg,0,0,0.4173728,0.3442163,0.2194349,0.00806642,0.010909528,0.4173728,external_test,VeryDark,84.0,adaptive_feather,123,C:\Users\USER\Desktop\Articulo\Datasets\MESSIDOR2\adaptive_feather\r224\IM002829.png,basename
EYEPACS,MESSIDOR2,IM002845.jpg,0,2,0.2665932,0.18536945,0.3012507,0.08855467,0.15823196,0.3012507,external_test,Dark,87.0,adaptive_feather,123,C:\Users\USER\Desktop\Articulo\Datasets\MESSIDOR2\adaptive_feather\r224\IM002845.png,basename
EYEPACS,MESSIDOR2,IM002846.jpg,0,1,0.38128036,0.42504838,0.16883023,0.014070078,0.010770966,0.42504838,external_test,Dark,92.0,adaptive_feather,123,C:\Users\USER\Desktop\Articulo\Datasets\MESSIDOR2\adaptive_feather\r224\IM002846.png,basename
EYEPACS,MESSIDOR2,IM002852.jpg,0,1,0.34148958,0.47844183,0.15108688,0.018390572,0.010591142,0.47844183,external_test,VeryDark,74.0,adaptive_feather,123,C:\Users\USER\Desktop\Articulo\Datasets\MESSIDOR2\adaptive_feather\r224\IM002852.png,basename
EYEPACS,MESSIDOR2,IM002853.jpg,0,1,0.31068316,0.5304718,0.14445457,0.011908384,0.0024821048,0.5304718,external_test,ExtremelyDark,69.0,adaptive_feather,123,C:\Users\USER\Desktop\Articulo\Datasets\MESSIDOR2\adaptive_feather\r224\IM002853.png,basename
EYEPACS,MESSIDOR2,IM002860.jpg,0,2,0.17345539,0.07029625,0.5140855,0.16875494,0.073407955,0.5140855,external_test,VeryDark,74.0,adaptive_feather,123,C:\Users\USER\Desktop\Articulo\Datasets\MESSIDOR2\adaptive_feather\r224\IM002860.png,basename
EYEPACS,MESSIDOR2,IM002861.jpg,0,2,0.2756316,0.19694908,0.4254957,0.079089604,0.022833977,0.4254957,external_test,VeryDark,77.0,adaptive_feather,123,C:\Users\USER\Desktop\Articulo\Datasets\MESSIDOR2\adaptive_feather\r224\IM002861.png,basename
EYEPACS,MESSIDOR2,IM002894.jpg,0,1,0.16284311,0.6877492,0.14132918,0.0053715757,0.0027069186,0.6877492,external_test,ExtremelyDark,68.0,adaptive_feather,123,C:\Users\USER\Desktop\Articulo\Datasets\MESSIDOR2\adaptive_feather\r224\IM002894.png,basename
EYEPACS,MESSIDOR2,IM002895.jpg,0,1,0.4073758,0.495401,0.08811565,0.0020781907,0.0070293667,0.495401,external_test,ExtremelyDark,67.0,adaptive_feather,123,C:\Users\USER\Desktop\Articulo\Datasets\MESSIDOR2\adaptive_feather\r224\IM002895.png,basename
EYEPACS,MESSIDOR2,IM002901.jpg,1,2,0.18499528,0.33617306,0.33868617,0.07886093,0.061284564,0.33868617,external_test,VeryDark,82.0,adaptive_feather,123,C:\Users\USER\Desktop\Articulo\Datasets\MESSIDOR2\adaptive_feather\r224\IM002901.png,basename
EYEPACS,MESSIDOR2,IM002902.jpg,0,0,0.27604318,0.20680766,0.26860023,0.06960468,0.17894422,0.27604318,external_test,Dark,88.0,adaptive_feather,123,C:\Users\USER\Desktop\Articulo\Datasets\MESSIDOR2\adaptive_feather\r224\IM002902.png,basename
EYEPACS,MESSIDOR2,IM002908.jpg,0,0,0.61254156,0.19245869,0.102687135,0.064709485,0.027603138,0.61254156,external_test,Normal,119.0,adaptive_feather,123,C:\Users\USER\Desktop\Articulo\Datasets\MESSIDOR2\adaptive_feather\r224\IM002908.png,basename
EYEPACS,MESSIDOR2,IM002909.jpg,0,0,0.41586098,0.15277365,0.27517945,0.08450838,0.07167755,0.41586098,external_test,Normal,122.0,adaptive_feather,123,C:\Users\USER\Desktop\Articulo\Datasets\MESSIDOR2\adaptive_feather\r224\IM002909.png,basename
EYEPACS,MESSIDOR2,IM002921.jpg,0,2,0.1617064,0.28959864,0.3933011,0.13291691,0.022476945,0.3933011,external_test,Dark,93.0,adaptive_feather,123,C:\Users\USER\Desktop\Articulo\Datasets\MESSIDOR2\adaptive_feather\r224\IM002921.png,basename
EYEPACS,MESSIDOR2,IM002922.jpg,2,2,0.1593341,0.15509076,0.4085722,0.22674371,0.050259322,0.4085722,external_test,Dark,95.0,adaptive_feather,123,C:\Users\USER\Desktop\Articulo\Datasets\MESSIDOR2\adaptive_feather\r224\IM002922.png,basename
EYEPACS,MESSIDOR2,IM002938.jpg,2,2,0.13971616,0.11952331,0.4302693,0.2514803,0.059010886,0.4302693,external_test,Dark,102.0,adaptive_feather,123,C:\Users\USER\Desktop\Articulo\Datasets\MESSIDOR2\adaptive_feather\r224\IM002938.png,basename
EYEPACS,MESSIDOR2,IM002939.jpg,0,3,0.09253051,0.12997358,0.2829943,0.44233906,0.052162644,0.44233906,external_test,VeryDark,72.0,adaptive_feather,123,C:\Users\USER\Desktop\Articulo\Datasets\MESSIDOR2\adaptive_feather\r224\IM002939.png,basename
EYEPACS,MESSIDOR2,IM002945.jpg,2,2,0.29011446,0.12918931,0.43480927,0.090843186,0.055043735,0.43480927,external_test,ExtremelyDark,62.0,adaptive_feather,123,C:\Users\USER\Desktop\Articulo\Datasets\MESSIDOR2\adaptive_feather\r224\IM002945.png,basename
EYEPACS,MESSIDOR2,IM002946.jpg,0,4,0.1981405,0.12630624,0.2094763,0.08901091,0.377066,0.377066,external_test,ExtremelyDark,64.0,adaptive_feather,123,C:\Users\USER\Desktop\Articulo\Datasets\MESSIDOR2\adaptive_feather\r224\IM002946.png,basename
EYEPACS,MESSIDOR2,IM002952.jpg,2,4,0.07590459,0.03914462,0.28617492,0.22147214,0.37730375,0.37730375,external_test,Dark,97.0,adaptive_feather,123,C:\Users\USER\Desktop\Articulo\Datasets\MESSIDOR2\adaptive_feather\r224\IM002952.png,basename
EYEPACS,MESSIDOR2,IM002953.jpg,2,4,0.05448809,0.014195746,0.16962597,0.11021,0.6514802,0.6514802,external_test,Dark,90.0,adaptive_feather,123,C:\Users\USER\Desktop\Articulo\Datasets\MESSIDOR2\adaptive_feather\r224\IM002953.png,basename
EYEPACS,MESSIDOR2,IM002973.jpg,0,0,0.43519127,0.3487821,0.17079774,0.03868848,0.0065405,0.43519127,external_test,Dark,101.0,adaptive_feather,123,C:\Users\USER\Desktop\Articulo\Datasets\MESSIDOR2\adaptive_feather\r224\IM002973.png,basename
EYEPACS,MESSIDOR2,IM002975.jpg,0,0,0.43492106,0.22670753,0.29820877,0.032697663,0.00746493,0.43492106,external_test,Dark,97.0,adaptive_feather,123,C:\Users\USER\Desktop\Articulo\Datasets\MESSIDOR2\adaptive_feather\r224\IM002975.png,basename
EYEPACS,MESSIDOR2,IM002982.jpg,2,0,0.53187865,0.15066987,0.24533056,0.053995654,0.018125255,0.53187865,external_test,Dark,102.0,adaptive_feather,123,C:\Users\USER\Desktop\Articulo\Datasets\MESSIDOR2\adaptive_feather\r224\IM002982.png,basename
EYEPACS,MESSIDOR2,IM002983.jpg,2,2,0.24893059,0.19935086,0.30571002,0.20924221,0.03676633,0.30571002,external_test,VeryDark,80.0,adaptive_feather,123,C:\Users\USER\Desktop\Articulo\Datasets\MESSIDOR2\adaptive_feather\r224\IM002983.png,basename
EYEPACS,MESSIDOR2,IM002990.jpg,2,0,0.46028775,0.1495472,0.3166228,0.054947976,0.018594343,0.46028775,external_test,Dark,98.0,adaptive_feather,123,C:\Users\USER\Desktop\Articulo\Datasets\MESSIDOR2\adaptive_feather\r224\IM002990.png,basename
EYEPACS,MESSIDOR2,IM002991.jpg,1,0,0.31656238,0.2436033,0.2875078,0.107871674,0.04445496,0.31656238,external_test,Dark,89.0,adaptive_feather,123,C:\Users\USER\Desktop\Articulo\Datasets\MESSIDOR2\adaptive_feather\r224\IM002991.png,basename
EYEPACS,MESSIDOR2,IM002997.jpg,0,0,0.45805597,0.36722904,0.14683597,0.020455541,0.0074235,0.45805597,external_test,VeryDark,77.0,adaptive_feather,123,C:\Users\USER\Desktop\Articulo\Datasets\MESSIDOR2\adaptive_feather\r224\IM002997.png,basename
EYEPACS,MESSIDOR2,IM002998.jpg,0,0,0.53810734,0.20259461,0.21893156,0.019734347,0.020632183,0.53810734,external_test,VeryDark,81.0,adaptive_feather,123,C:\Users\USER\Desktop\Articulo\Datasets\MESSIDOR2\adaptive_feather\r224\IM002998.png,basename
EYEPACS,MESSIDOR2,IM003011.jpg,0,2,0.2599821,0.19231836,0.39340115,0.12344222,0.03085617,0.39340115,external_test,VeryDark,80.0,adaptive_feather,123,C:\Users\USER\Desktop\Articulo\Datasets\MESSIDOR2\adaptive_feather\r224\IM003011.png,basename
EYEPACS,MESSIDOR2,IM003012.jpg,0,1,0.33512172,0.42643753,0.21028973,0.017046206,0.01110482,0.42643753,external_test,Dark,88.0,adaptive_feather,123,C:\Users\USER\Desktop\Articulo\Datasets\MESSIDOR2\adaptive_feather\r224\IM003012.png,basename
EYEPACS,MESSIDOR2,IM003019.jpg,0,0,0.38919482,0.25164893,0.3276434,0.020266442,0.011246402,0.38919482,external_test,Dark,96.0,adaptive_feather,123,C:\Users\USER\Desktop\Articulo\Datasets\MESSIDOR2\adaptive_feather\r224\IM003019.png,basename
EYEPACS,MESSIDOR2,IM003020.jpg,2,2,0.16422245,0.20688817,0.45530847,0.16020483,0.013375983,0.45530847,external_test,Dark,90.0,adaptive_feather,123,C:\Users\USER\Desktop\Articulo\Datasets\MESSIDOR2\adaptive_feather\r224\IM003020.png,basename
EYEPACS,MESSIDOR2,IM003034.jpg,0,0,0.48961836,0.3276862,0.17028186,0.009600674,0.002812882,0.48961836,external_test,Dark,96.0,adaptive_feather,123,C:\Users\USER\Desktop\Articulo\Datasets\MESSIDOR2\adaptive_feather\r224\IM003034.png,basename
EYEPACS,MESSIDOR2,IM003035.jpg,0,1,0.36814302,0.53378946,0.08464343,0.007251267,0.0061727823,0.53378946,external_test,Dark,92.0,adaptive_feather,123,C:\Users\USER\Desktop\Articulo\Datasets\MESSIDOR2\adaptive_feather\r224\IM003035.png,basename
EYEPACS,MESSIDOR2,IM003057.jpg,0,0,0.44863805,0.33389723,0.193968,0.018429881,0.005066823,0.44863805,external_test,Dark,102.0,adaptive_feather,123,C:\Users\USER\Desktop\Articulo\Datasets\MESSIDOR2\adaptive_feather\r224\IM003057.png,basename
EYEPACS,MESSIDOR2,IM003058.jpg,0,2,0.33057055,0.31230354,0.33362925,0.015738396,0.0077582495,0.33362925,external_test,Dark,101.0,adaptive_feather,123,C:\Users\USER\Desktop\Articulo\Datasets\MESSIDOR2\adaptive_feather\r224\IM003058.png,basename
EYEPACS,MESSIDOR2,IM003070.jpg,0,0,0.28026712,0.182364,0.25149995,0.09946888,0.18640001,0.28026712,external_test,Dark,95.0,adaptive_feather,123,C:\Users\USER\Desktop\Articulo\Datasets\MESSIDOR2\adaptive_feather\r224\IM003070.png,basename
EYEPACS,MESSIDOR2,IM003071.jpg,0,0,0.361461,0.17516854,0.24898244,0.091757424,0.1226306,0.361461,external_test,VeryDark,83.0,adaptive_feather,123,C:\Users\USER\Desktop\Articulo\Datasets\MESSIDOR2\adaptive_feather\r224\IM003071.png,basename
EYEPACS,MESSIDOR2,IM003108.jpg,0,3,0.13468707,0.10189248,0.31617862,0.3874501,0.059791792,0.3874501,external_test,Dark,87.0,adaptive_feather,123,C:\Users\USER\Desktop\Articulo\Datasets\MESSIDOR2\adaptive_feather\r224\IM003108.png,basename
EYEPACS,MESSIDOR2,IM003110.jpg,0,3,0.0838668,0.04885133,0.24797384,0.570696,0.04861205,0.570696,external_test,Dark,96.0,adaptive_feather,123,C:\Users\USER\Desktop\Articulo\Datasets\MESSIDOR2\adaptive_feather\r224\IM003110.png,basename
EYEPACS,MESSIDOR2,IM003124.jpg,0,0,0.40639755,0.19874248,0.33433697,0.050243188,0.01027979,0.40639755,external_test,Dark,85.0,adaptive_feather,123,C:\Users\USER\Desktop\Articulo\Datasets\MESSIDOR2\adaptive_feather\r224\IM003124.png,basename
EYEPACS,MESSIDOR2,IM003125.jpg,0,0,0.54075736,0.18727018,0.2637809,0.005837634,0.0023539534,0.54075736,external_test,VeryDark,75.0,adaptive_feather,123,C:\Users\USER\Desktop\Articulo\Datasets\MESSIDOR2\adaptive_feather\r224\IM003125.png,basename
EYEPACS,MESSIDOR2,IM003146.jpg,1,0,0.4065453,0.12118354,0.26722997,0.07972373,0.12531747,0.4065453,external_test,Normal,126.0,adaptive_feather,123,C:\Users\USER\Desktop\Articulo\Datasets\MESSIDOR2\adaptive_feather\r224\IM003146.png,basename
EYEPACS,MESSIDOR2,IM003147.jpg,0,0,0.35845047,0.11246518,0.26885423,0.073341906,0.1868882,0.35845047,external_test,Bright,133.0,adaptive_feather,123,C:\Users\USER\Desktop\Articulo\Datasets\MESSIDOR2\adaptive_feather\r224\IM003147.png,basename
EYEPACS,MESSIDOR2,IM003160.jpg,0,0,0.6613399,0.12865667,0.19905764,0.005654393,0.005291425,0.6613399,external_test,VeryDark,80.0,adaptive_feather,123,C:\Users\USER\Desktop\Articulo\Datasets\MESSIDOR2\adaptive_feather\r224\IM003160.png,basename
EYEPACS,MESSIDOR2,IM003161.jpg,0,0,0.4077115,0.2392077,0.30976567,0.030536594,0.012778534,0.4077115,external_test,VeryDark,81.0,adaptive_feather,123,C:\Users\USER\Desktop\Articulo\Datasets\MESSIDOR2\adaptive_feather\r224\IM003161.png,basename
EYEPACS,MESSIDOR2,IM003175.jpg,0,3,0.028429464,0.03260719,0.053972196,0.6566237,0.2283674,0.6566237,external_test,Dark,86.0,adaptive_feather,123,C:\Users\USER\Desktop\Articulo\Datasets\MESSIDOR2\adaptive_feather\r224\IM003175.png,basename
EYEPACS,MESSIDOR2,IM003176.jpg,0,3,0.05915599,0.074942544,0.08244328,0.518369,0.26508915,0.518369,external_test,VeryDark,78.0,adaptive_feather,123,C:\Users\USER\Desktop\Articulo\Datasets\MESSIDOR2\adaptive_feather\r224\IM003176.png,basename
EYEPACS,MESSIDOR2,IM003207.jpg,0,0,0.47190675,0.36274204,0.15467536,0.003993506,0.0066824127,0.47190675,external_test,Dark,105.0,adaptive_feather,123,C:\Users\USER\Desktop\Articulo\Datasets\MESSIDOR2\adaptive_feather\r224\IM003207.png,basename
EYEPACS,MESSIDOR2,IM003208.jpg,0,1,0.2325762,0.32530463,0.31797713,0.052065887,0.07207612,0.32530463,external_test,ExtremelyDark,62.0,adaptive_feather,123,C:\Users\USER\Desktop\Articulo\Datasets\MESSIDOR2\adaptive_feather\r224\IM003208.png,basename
EYEPACS,MESSIDOR2,IM003214.jpg,0,1,0.3330329,0.5994391,0.06675188,0.00054126664,0.00023485677,0.5994391,external_test,VeryDark,73.0,adaptive_feather,123,C:\Users\USER\Desktop\Articulo\Datasets\MESSIDOR2\adaptive_feather\r224\IM003214.png,basename
EYEPACS,MESSIDOR2,IM003215.jpg,0,1,0.23441006,0.6821633,0.08073566,0.0019762602,0.00071469817,0.6821633,external_test,ExtremelyDark,58.0,adaptive_feather,123,C:\Users\USER\Desktop\Articulo\Datasets\MESSIDOR2\adaptive_feather\r224\IM003215.png,basename
EYEPACS,MESSIDOR2,IM003221.jpg,1,1,0.37261477,0.38031682,0.19206968,0.047144968,0.007853763,0.38031682,external_test,VeryDark,70.0,adaptive_feather,123,C:\Users\USER\Desktop\Articulo\Datasets\MESSIDOR2\adaptive_feather\r224\IM003221.png,basename
EYEPACS,MESSIDOR2,IM003222.jpg,1,0,0.53013825,0.22398506,0.21511024,0.02601207,0.0047543542,0.53013825,external_test,ExtremelyDark,64.0,adaptive_feather,123,C:\Users\USER\Desktop\Articulo\Datasets\MESSIDOR2\adaptive_feather\r224\IM003222.png,basename
EYEPACS,MESSIDOR2,IM003229.jpg,4,4,0.004956757,0.003702835,0.0020132589,0.01727378,0.9720534,0.9720534,external_test,Dark,87.0,adaptive_feather,123,C:\Users\USER\Desktop\Articulo\Datasets\MESSIDOR2\adaptive_feather\r224\IM003229.png,basename
EYEPACS,MESSIDOR2,IM003230.jpg,4,3,0.07712484,0.05526616,0.15165484,0.43830934,0.27764478,0.43830934,external_test,Dark,96.0,adaptive_feather,123,C:\Users\USER\Desktop\Articulo\Datasets\MESSIDOR2\adaptive_feather\r224\IM003230.png,basename
EYEPACS,MESSIDOR2,IM003243.jpg,0,0,0.49030274,0.4235898,0.076975115,0.0071221967,0.0020102237,0.49030274,external_test,VeryDark,82.0,adaptive_feather,123,C:\Users\USER\Desktop\Articulo\Datasets\MESSIDOR2\adaptive_feather\r224\IM003243.png,basename
EYEPACS,MESSIDOR2,IM003244.jpg,0,0,0.67523175,0.2284413,0.09036808,0.0036897862,0.0022690895,0.67523175,external_test,VeryDark,79.0,adaptive_feather,123,C:\Users\USER\Desktop\Articulo\Datasets\MESSIDOR2\adaptive_feather\r224\IM003244.png,basename
EYEPACS,MESSIDOR2,IM003264.jpg,0,0,0.3377998,0.23674752,0.2296128,0.15927413,0.03656579,0.3377998,external_test,Dark,89.0,adaptive_feather,123,C:\Users\USER\Desktop\Articulo\Datasets\MESSIDOR2\adaptive_feather\r224\IM003264.png,basename
EYEPACS,MESSIDOR2,IM003265.jpg,0,0,0.36499023,0.31312904,0.24968377,0.06119432,0.011002576,0.36499023,external_test,Dark,90.0,adaptive_feather,123,C:\Users\USER\Desktop\Articulo\Datasets\MESSIDOR2\adaptive_feather\r224\IM003265.png,basename
EYEPACS,MESSIDOR2,IM003286.jpg,0,4,0.2615907,0.20984878,0.15232606,0.09362014,0.28261438,0.28261438,external_test,ExtremelyDark,69.0,adaptive_feather,123,C:\Users\USER\Desktop\Articulo\Datasets\MESSIDOR2\adaptive_feather\r224\IM003286.png,basename
EYEPACS,MESSIDOR2,IM003287.jpg,0,4,0.20101818,0.07401135,0.20594311,0.07629633,0.44273096,0.44273096,external_test,ExtremelyDark,66.0,adaptive_feather,123,C:\Users\USER\Desktop\Articulo\Datasets\MESSIDOR2\adaptive_feather\r224\IM003287.png,basename
EYEPACS,MESSIDOR2,IM003323.jpg,0,0,0.5644497,0.24900644,0.16418777,0.0115939975,0.01076205,0.5644497,external_test,Dark,91.0,adaptive_feather,123,C:\Users\USER\Desktop\Articulo\Datasets\MESSIDOR2\adaptive_feather\r224\IM003323.png,basename
EYEPACS,MESSIDOR2,IM003324.jpg,0,0,0.33165568,0.26500788,0.23289253,0.118082814,0.05236099,0.33165568,external_test,VeryDark,73.0,adaptive_feather,123,C:\Users\USER\Desktop\Articulo\Datasets\MESSIDOR2\adaptive_feather\r224\IM003324.png,basename
EYEPACS,MESSIDOR2,IM003330.jpg,1,0,0.45456105,0.20052283,0.27554506,0.055157505,0.014213509,0.45456105,external_test,Dark,90.0,adaptive_feather,123,C:\Users\USER\Desktop\Articulo\Datasets\MESSIDOR2\adaptive_feather\r224\IM003330.png,basename
EYEPACS,MESSIDOR2,IM003331.jpg,0,2,0.3077961,0.26809683,0.35094067,0.06471386,0.008452628,0.35094067,external_test,VeryDark,77.0,adaptive_feather,123,C:\Users\USER\Desktop\Articulo\Datasets\MESSIDOR2\adaptive_feather\r224\IM003331.png,basename
EYEPACS,MESSIDOR2,IM003337.jpg,0,1,0.28687432,0.49109128,0.20514423,0.014507993,0.0023822621,0.49109128,external_test,VeryDark,76.0,adaptive_feather,123,C:\Users\USER\Desktop\Articulo\Datasets\MESSIDOR2\adaptive_feather\r224\IM003337.png,basename
EYEPACS,MESSIDOR2,IM003338.jpg,0,1,0.3115826,0.5859191,0.09711453,0.0044612344,0.00092249544,0.5859191,external_test,VeryDark,75.0,adaptive_feather,123,C:\Users\USER\Desktop\Articulo\Datasets\MESSIDOR2\adaptive_feather\r224\IM003338.png,basename
EYEPACS,MESSIDOR2,IM003359.jpg,4,3,0.014512492,0.008889779,0.12324013,0.48931506,0.36404264,0.48931506,external_test,Dark,106.0,adaptive_feather,123,C:\Users\USER\Desktop\Articulo\Datasets\MESSIDOR2\adaptive_feather\r224\IM003359.png,basename
EYEPACS,MESSIDOR2,IM003360.jpg,4,4,0.01388465,0.014921162,0.037763055,0.4561753,0.47725582,0.47725582,external_test,ExtremelyDark,61.0,adaptive_feather,123,C:\Users\USER\Desktop\Articulo\Datasets\MESSIDOR2\adaptive_feather\r224\IM003360.png,basename
EYEPACS,MESSIDOR2,IM003381.jpg,0,2,0.2154473,0.25641555,0.45692518,0.037276965,0.03393501,0.45692518,external_test,Dark,86.0,adaptive_feather,123,C:\Users\USER\Desktop\Articulo\Datasets\MESSIDOR2\adaptive_feather\r224\IM003381.png,basename
EYEPACS,MESSIDOR2,IM003382.jpg,0,0,0.40126497,0.29970282,0.28275114,0.008546568,0.0077345013,0.40126497,external_test,Dark,86.0,adaptive_feather,123,C:\Users\USER\Desktop\Articulo\Datasets\MESSIDOR2\adaptive_feather\r224\IM003382.png,basename
EYEPACS,MESSIDOR2,IM003390.jpg,0,0,0.48679397,0.24177428,0.23560064,0.021822264,0.014008769,0.48679397,external_test,Dark,89.0,adaptive_feather,123,C:\Users\USER\Desktop\Articulo\Datasets\MESSIDOR2\adaptive_feather\r224\IM003390.png,basename
EYEPACS,MESSIDOR2,IM003391.jpg,0,1,0.3223877,0.37123704,0.2494057,0.04049559,0.016473942,0.37123704,external_test,Dark,90.0,adaptive_feather,123,C:\Users\USER\Desktop\Articulo\Datasets\MESSIDOR2\adaptive_feather\r224\IM003391.png,basename
EYEPACS,MESSIDOR2,IM003405.jpg,0,0,0.4873586,0.3484361,0.13730367,0.02033624,0.006565419,0.4873586,external_test,VeryDark,84.0,adaptive_feather,123,C:\Users\USER\Desktop\Articulo\Datasets\MESSIDOR2\adaptive_feather\r224\IM003405.png,basename
EYEPACS,MESSIDOR2,IM003406.jpg,0,0,0.42410848,0.3534975,0.2025736,0.016992986,0.0028274707,0.42410848,external_test,VeryDark,83.0,adaptive_feather,123,C:\Users\USER\Desktop\Articulo\Datasets\MESSIDOR2\adaptive_feather\r224\IM003406.png,basename
EYEPACS,MESSIDOR2,IM003412.jpg,0,0,0.545288,0.2973053,0.11545433,0.029340353,0.012612033,0.545288,external_test,Dark,103.0,adaptive_feather,123,C:\Users\USER\Desktop\Articulo\Datasets\MESSIDOR2\adaptive_feather\r224\IM003412.png,basename
EYEPACS,MESSIDOR2,IM003413.jpg,0,0,0.48588184,0.48291138,0.011639587,0.014480789,0.0050864546,0.48588184,external_test,Normal,121.0,adaptive_feather,123,C:\Users\USER\Desktop\Articulo\Datasets\MESSIDOR2\adaptive_feather\r224\IM003413.png,basename
EYEPACS,MESSIDOR2,IM003423.jpg,0,1,0.37108874,0.4515972,0.15212254,0.018222464,0.0069691124,0.4515972,external_test,VeryDark,76.0,adaptive_feather,123,C:\Users\USER\Desktop\Articulo\Datasets\MESSIDOR2\adaptive_feather\r224\IM003423.png,basename
EYEPACS,MESSIDOR2,IM003424.jpg,0,1,0.34661785,0.47010905,0.17727208,0.004326562,0.0016743633,0.47010905,external_test,VeryDark,76.0,adaptive_feather,123,C:\Users\USER\Desktop\Articulo\Datasets\MESSIDOR2\adaptive_feather\r224\IM003424.png,basename
EYEPACS,MESSIDOR2,IM003430.jpg,2,1,0.26252395,0.36845607,0.3208864,0.038067095,0.010066456,0.36845607,external_test,Dark,94.0,adaptive_feather,123,C:\Users\USER\Desktop\Articulo\Datasets\MESSIDOR2\adaptive_feather\r224\IM003430.png,basename
EYEPACS,MESSIDOR2,IM003431.jpg,2,1,0.31284532,0.33716482,0.3202057,0.018404877,0.011379349,0.33716482,external_test,Dark,97.0,adaptive_feather,123,C:\Users\USER\Desktop\Articulo\Datasets\MESSIDOR2\adaptive_feather\r224\IM003431.png,basename
EYEPACS,MESSIDOR2,IM003453.jpg,0,1,0.34999853,0.43757406,0.19204487,0.015934091,0.0044484646,0.43757406,external_test,VeryDark,75.0,adaptive_feather,123,C:\Users\USER\Desktop\Articulo\Datasets\MESSIDOR2\adaptive_feather\r224\IM003453.png,basename
EYEPACS,MESSIDOR2,IM003454.jpg,0,1,0.35489762,0.528812,0.105040245,0.0072693243,0.0039808173,0.528812,external_test,VeryDark,77.0,adaptive_feather,123,C:\Users\USER\Desktop\Articulo\Datasets\MESSIDOR2\adaptive_feather\r224\IM003454.png,basename
EYEPACS,MESSIDOR2,IM003467.jpg,0,1,0.45545328,0.46558365,0.07389757,0.0029228865,0.0021425416,0.46558365,external_test,Dark,97.0,adaptive_feather,123,C:\Users\USER\Desktop\Articulo\Datasets\MESSIDOR2\adaptive_feather\r224\IM003467.png,basename
EYEPACS,MESSIDOR2,IM003468.jpg,0,0,0.4900613,0.3721355,0.11511946,0.015962485,0.00672129,0.4900613,external_test,VeryDark,81.0,adaptive_feather,123,C:\Users\USER\Desktop\Articulo\Datasets\MESSIDOR2\adaptive_feather\r224\IM003468.png,basename
EYEPACS,MESSIDOR2,IM003474.jpg,0,1,0.25044274,0.36185306,0.28186896,0.0792181,0.026617168,0.36185306,external_test,Dark,87.0,adaptive_feather,123,C:\Users\USER\Desktop\Articulo\Datasets\MESSIDOR2\adaptive_feather\r224\IM003474.png,basename
EYEPACS,MESSIDOR2,IM003475.jpg,1,2,0.27947637,0.21621074,0.40093032,0.07867763,0.024704905,0.40093032,external_test,Dark,106.0,adaptive_feather,123,C:\Users\USER\Desktop\Articulo\Datasets\MESSIDOR2\adaptive_feather\r224\IM003475.png,basename
EYEPACS,MESSIDOR2,IM003481.jpg,3,2,0.19512777,0.21822952,0.43861824,0.11481765,0.033206914,0.43861824,external_test,Dark,91.0,adaptive_feather,123,C:\Users\USER\Desktop\Articulo\Datasets\MESSIDOR2\adaptive_feather\r224\IM003481.png,basename
EYEPACS,MESSIDOR2,IM003482.jpg,2,3,0.14889328,0.10932102,0.3067146,0.32870045,0.10637066,0.32870045,external_test,Dark,94.0,adaptive_feather,123,C:\Users\USER\Desktop\Articulo\Datasets\MESSIDOR2\adaptive_feather\r224\IM003482.png,basename
EYEPACS,MESSIDOR2,IM003519.jpg,0,0,0.37321496,0.27134696,0.28729603,0.052272152,0.015869997,0.37321496,external_test,VeryDark,83.0,adaptive_feather,123,C:\Users\USER\Desktop\Articulo\Datasets\MESSIDOR2\adaptive_feather\r224\IM003519.png,basename
EYEPACS,MESSIDOR2,IM003520.jpg,0,0,0.5183541,0.2500826,0.20576635,0.018440688,0.0073562292,0.5183541,external_test,VeryDark,71.0,adaptive_feather,123,C:\Users\USER\Desktop\Articulo\Datasets\MESSIDOR2\adaptive_feather\r224\IM003520.png,basename
EYEPACS,MESSIDOR2,IM003563.jpg,0,0,0.3769484,0.24033803,0.22009267,0.14011502,0.022505842,0.3769484,external_test,Dark,104.0,adaptive_feather,123,C:\Users\USER\Desktop\Articulo\Datasets\MESSIDOR2\adaptive_feather\r224\IM003563.png,basename
EYEPACS,MESSIDOR2,IM003564.jpg,0,0,0.3585721,0.1966376,0.28003722,0.13659078,0.028162312,0.3585721,external_test,Dark,92.0,adaptive_feather,123,C:\Users\USER\Desktop\Articulo\Datasets\MESSIDOR2\adaptive_feather\r224\IM003564.png,basename
EYEPACS,MESSIDOR2,IM003570.jpg,0,0,0.371699,0.20821035,0.32589936,0.078480594,0.015710628,0.371699,external_test,Dark,92.0,adaptive_feather,123,C:\Users\USER\Desktop\Articulo\Datasets\MESSIDOR2\adaptive_feather\r224\IM003570.png,basename
EYEPACS,MESSIDOR2,IM003571.jpg,0,1,0.2964877,0.36346588,0.2658487,0.062962994,0.011234648,0.36346588,external_test,Dark,90.0,adaptive_feather,123,C:\Users\USER\Desktop\Articulo\Datasets\MESSIDOR2\adaptive_feather\r224\IM003571.png,basename
EYEPACS,MESSIDOR2,IM003577.jpg,0,0,0.43681163,0.1720728,0.24062048,0.047443766,0.103051364,0.43681163,external_test,Dark,94.0,adaptive_feather,123,C:\Users\USER\Desktop\Articulo\Datasets\MESSIDOR2\adaptive_feather\r224\IM003577.png,basename
EYEPACS,MESSIDOR2,IM003580.jpg,0,1,0.2221556,0.47413763,0.14494081,0.124182895,0.034583103,0.47413763,external_test,VeryDark,77.0,adaptive_feather,123,C:\Users\USER\Desktop\Articulo\Datasets\MESSIDOR2\adaptive_feather\r224\IM003580.png,basename
EYEPACS,MESSIDOR2,IM003595.jpg,0,1,0.37293664,0.43295443,0.12929238,0.054888647,0.0099279275,0.43295443,external_test,Dark,91.0,adaptive_feather,123,C:\Users\USER\Desktop\Articulo\Datasets\MESSIDOR2\adaptive_feather\r224\IM003595.png,basename
EYEPACS,MESSIDOR2,IM003596.jpg,0,3,0.18444148,0.20936434,0.16142787,0.42936724,0.015399058,0.42936724,external_test,VeryDark,80.0,adaptive_feather,123,C:\Users\USER\Desktop\Articulo\Datasets\MESSIDOR2\adaptive_feather\r224\IM003596.png,basename
EYEPACS,MESSIDOR2,IM003602.jpg,1,0,0.5458053,0.33265302,0.10123311,0.011947769,0.008360781,0.5458053,external_test,Dark,103.0,adaptive_feather,123,C:\Users\USER\Desktop\Articulo\Datasets\MESSIDOR2\adaptive_feather\r224\IM003602.png,basename
EYEPACS,MESSIDOR2,IM003603.jpg,1,0,0.5703546,0.289355,0.10719603,0.021994136,0.011100299,0.5703546,external_test,Dark,100.0,adaptive_feather,123,C:\Users\USER\Desktop\Articulo\Datasets\MESSIDOR2\adaptive_feather\r224\IM003603.png,basename
EYEPACS,MESSIDOR2,IM003625.jpg,0,1,0.39589548,0.4258948,0.12674822,0.026335772,0.025125744,0.4258948,external_test,Dark,99.0,adaptive_feather,123,C:\Users\USER\Desktop\Articulo\Datasets\MESSIDOR2\adaptive_feather\r224\IM003625.png,basename
EYEPACS,MESSIDOR2,IM003626.jpg,0,0,0.26522526,0.15051442,0.23159812,0.23783937,0.11482285,0.26522526,external_test,ExtremelyDark,57.0,adaptive_feather,123,C:\Users\USER\Desktop\Articulo\Datasets\MESSIDOR2\adaptive_feather\r224\IM003626.png,basename
EYEPACS,MESSIDOR2,IM003632.jpg,0,0,0.43643615,0.28896827,0.21077962,0.054881234,0.008934763,0.43643615,external_test,Dark,95.0,adaptive_feather,123,C:\Users\USER\Desktop\Articulo\Datasets\MESSIDOR2\adaptive_feather\r224\IM003632.png,basename
EYEPACS,MESSIDOR2,IM003633.jpg,0,0,0.31054246,0.2887921,0.24241664,0.14064191,0.017606843,0.31054246,external_test,VeryDark,74.0,adaptive_feather,123,C:\Users\USER\Desktop\Articulo\Datasets\MESSIDOR2\adaptive_feather\r224\IM003633.png,basename
EYEPACS,MESSIDOR2,IM003640.jpg,0,4,0.022822004,0.012797791,0.0511767,0.37415904,0.53904444,0.53904444,external_test,Dark,97.0,adaptive_feather,123,C:\Users\USER\Desktop\Articulo\Datasets\MESSIDOR2\adaptive_feather\r224\IM003640.png,basename
EYEPACS,MESSIDOR2,IM003641.jpg,0,3,0.04567939,0.06391231,0.04963498,0.7342465,0.10652694,0.7342465,external_test,VeryDark,82.0,adaptive_feather,123,C:\Users\USER\Desktop\Articulo\Datasets\MESSIDOR2\adaptive_feather\r224\IM003641.png,basename
EYEPACS,MESSIDOR2,IM003687.jpg,2,2,0.29403853,0.17993549,0.4126733,0.09338872,0.019963885,0.4126733,external_test,Normal,121.0,adaptive_feather,123,C:\Users\USER\Desktop\Articulo\Datasets\MESSIDOR2\adaptive_feather\r224\IM003687.png,basename
EYEPACS,MESSIDOR2,IM003688.jpg,1,3,0.16134581,0.087272,0.3180962,0.33104274,0.10224318,0.33104274,external_test,Normal,119.0,adaptive_feather,123,C:\Users\USER\Desktop\Articulo\Datasets\MESSIDOR2\adaptive_feather\r224\IM003688.png,basename
EYEPACS,MESSIDOR2,IM003694.jpg,0,0,0.44756237,0.20363156,0.1987104,0.09229559,0.05780008,0.44756237,external_test,Normal,109.0,adaptive_feather,123,C:\Users\USER\Desktop\Articulo\Datasets\MESSIDOR2\adaptive_feather\r224\IM003694.png,basename
EYEPACS,MESSIDOR2,IM003695.jpg,0,0,0.6312756,0.19830285,0.12309293,0.033883717,0.013444845,0.6312756,external_test,Dark,106.0,adaptive_feather,123,C:\Users\USER\Desktop\Articulo\Datasets\MESSIDOR2\adaptive_feather\r224\IM003695.png,basename
EYEPACS,MESSIDOR2,IM003719.jpg,0,3,0.19918002,0.21448644,0.08949092,0.3608309,0.13601166,0.3608309,external_test,Dark,88.0,adaptive_feather,123,C:\Users\USER\Desktop\Articulo\Datasets\MESSIDOR2\adaptive_feather\r224\IM003719.png,basename
EYEPACS,MESSIDOR2,IM003725.jpg,0,0,0.3959676,0.20720513,0.2697866,0.115139864,0.01190085,0.3959676,external_test,Dark,97.0,adaptive_feather,123,C:\Users\USER\Desktop\Articulo\Datasets\MESSIDOR2\adaptive_feather\r224\IM003725.png,basename
EYEPACS,MESSIDOR2,IM003726.jpg,0,0,0.44945148,0.30513138,0.16800107,0.047969878,0.029446216,0.44945148,external_test,VeryDark,80.0,adaptive_feather,123,C:\Users\USER\Desktop\Articulo\Datasets\MESSIDOR2\adaptive_feather\r224\IM003726.png,basename
EYEPACS,MESSIDOR2,IM003746.jpg,0,0,0.4298947,0.3137773,0.23040023,0.020466128,0.0054616523,0.4298947,external_test,VeryDark,78.0,adaptive_feather,123,C:\Users\USER\Desktop\Articulo\Datasets\MESSIDOR2\adaptive_feather\r224\IM003746.png,basename
EYEPACS,MESSIDOR2,IM003747.jpg,0,0,0.36372134,0.35293588,0.24834429,0.026471728,0.008526782,0.36372134,external_test,ExtremelyDark,53.0,adaptive_feather,123,C:\Users\USER\Desktop\Articulo\Datasets\MESSIDOR2\adaptive_feather\r224\IM003747.png,basename
EYEPACS,MESSIDOR2,IM003758.jpg,0,0,0.3798639,0.16356978,0.35998306,0.07524605,0.02133715,0.3798639,external_test,VeryDark,74.0,adaptive_feather,123,C:\Users\USER\Desktop\Articulo\Datasets\MESSIDOR2\adaptive_feather\r224\IM003758.png,basename
EYEPACS,MESSIDOR2,IM003759.jpg,0,0,0.63975954,0.18383491,0.16016565,0.008032808,0.008207149,0.63975954,external_test,Dark,86.0,adaptive_feather,123,C:\Users\USER\Desktop\Articulo\Datasets\MESSIDOR2\adaptive_feather\r224\IM003759.png,basename
EYEPACS,MESSIDOR2,IM003765.jpg,0,0,0.5356609,0.28292647,0.16828088,0.0096749775,0.0034567933,0.5356609,external_test,Dark,108.0,adaptive_feather,123,C:\Users\USER\Desktop\Articulo\Datasets\MESSIDOR2\adaptive_feather\r224\IM003765.png,basename
EYEPACS,MESSIDOR2,IM003766.jpg,0,0,0.4444721,0.25261813,0.17911828,0.091230996,0.032560453,0.4444721,external_test,Dark,108.0,adaptive_feather,123,C:\Users\USER\Desktop\Articulo\Datasets\MESSIDOR2\adaptive_feather\r224\IM003766.png,basename
EYEPACS,MESSIDOR2,IM003772.jpg,2,2,0.18482822,0.124714874,0.44266084,0.16396654,0.0838295,0.44266084,external_test,VeryDark,82.0,adaptive_feather,123,C:\Users\USER\Desktop\Articulo\Datasets\MESSIDOR2\adaptive_feather\r224\IM003772.png,basename
EYEPACS,MESSIDOR2,IM003773.jpg,1,0,0.39982346,0.24094278,0.24512747,0.058149356,0.05595691,0.39982346,external_test,Dark,86.0,adaptive_feather,123,C:\Users\USER\Desktop\Articulo\Datasets\MESSIDOR2\adaptive_feather\r224\IM003773.png,basename
EYEPACS,MESSIDOR2,IM003787.jpg,0,0,0.26626635,0.18657878,0.2562311,0.22017565,0.07074816,0.26626635,external_test,ExtremelyDark,48.0,adaptive_feather,123,C:\Users\USER\Desktop\Articulo\Datasets\MESSIDOR2\adaptive_feather\r224\IM003787.png,basename
EYEPACS,MESSIDOR2,IM003788.jpg,0,1,0.17296949,0.27836934,0.19552793,0.26963198,0.08350122,0.27836934,external_test,ExtremelyDark,47.0,adaptive_feather,123,C:\Users\USER\Desktop\Articulo\Datasets\MESSIDOR2\adaptive_feather\r224\IM003788.png,basename
EYEPACS,MESSIDOR2,IM003794.jpg,0,0,0.43997577,0.32017618,0.20708433,0.02803513,0.0047286083,0.43997577,external_test,Normal,109.0,adaptive_feather,123,C:\Users\USER\Desktop\Articulo\Datasets\MESSIDOR2\adaptive_feather\r224\IM003794.png,basename
EYEPACS,MESSIDOR2,IM003795.jpg,0,0,0.4645409,0.24754678,0.23606625,0.04393062,0.007915404,0.4645409,external_test,Normal,110.0,adaptive_feather,123,C:\Users\USER\Desktop\Articulo\Datasets\MESSIDOR2\adaptive_feather\r224\IM003795.png,basename
EYEPACS,MESSIDOR2,IM003811.jpg,2,2,0.13108324,0.09558687,0.63720965,0.092572205,0.0435481,0.63720965,external_test,VeryDark,82.0,adaptive_feather,123,C:\Users\USER\Desktop\Articulo\Datasets\MESSIDOR2\adaptive_feather\r224\IM003811.png,basename
EYEPACS,MESSIDOR2,IM003812.jpg,0,0,0.41664454,0.3753259,0.1904932,0.007880167,0.009656143,0.41664454,external_test,VeryDark,77.0,adaptive_feather,123,C:\Users\USER\Desktop\Articulo\Datasets\MESSIDOR2\adaptive_feather\r224\IM003812.png,basename
EYEPACS,MESSIDOR2,IM003826.jpg,0,0,0.46944803,0.20933673,0.27939153,0.028037287,0.013786476,0.46944803,external_test,Dark,88.0,adaptive_feather,123,C:\Users\USER\Desktop\Articulo\Datasets\MESSIDOR2\adaptive_feather\r224\IM003826.png,basename
EYEPACS,MESSIDOR2,IM003827.jpg,0,0,0.32999954,0.20798866,0.30357835,0.12565145,0.032781996,0.32999954,external_test,VeryDark,80.0,adaptive_feather,123,C:\Users\USER\Desktop\Articulo\Datasets\MESSIDOR2\adaptive_feather\r224\IM003827.png,basename
EYEPACS,MESSIDOR2,IM003840.jpg,0,2,0.39500248,0.14212234,0.40321,0.036316823,0.023348311,0.40321,external_test,VeryDark,80.0,adaptive_feather,123,C:\Users\USER\Desktop\Articulo\Datasets\MESSIDOR2\adaptive_feather\r224\IM003840.png,basename
EYEPACS,MESSIDOR2,IM003841.jpg,0,2,0.30441877,0.09995704,0.51154023,0.039220177,0.044863738,0.51154023,external_test,VeryDark,72.0,adaptive_feather,123,C:\Users\USER\Desktop\Articulo\Datasets\MESSIDOR2\adaptive_feather\r224\IM003841.png,basename
EYEPACS,MESSIDOR2,IM003856.jpg,0,0,0.42212218,0.18561926,0.27573657,0.08008913,0.036432907,0.42212218,external_test,Dark,108.0,adaptive_feather,123,C:\Users\USER\Desktop\Articulo\Datasets\MESSIDOR2\adaptive_feather\r224\IM003856.png,basename
EYEPACS,MESSIDOR2,IM003857.jpg,0,0,0.4141811,0.18621726,0.3057109,0.06379081,0.030099938,0.4141811,external_test,Dark,99.0,adaptive_feather,123,C:\Users\USER\Desktop\Articulo\Datasets\MESSIDOR2\adaptive_feather\r224\IM003857.png,basename
EYEPACS,MESSIDOR2,IM003878.jpg,0,0,0.5804222,0.34980005,0.064685695,0.0040052226,0.0010867612,0.5804222,external_test,VeryDark,74.0,adaptive_feather,123,C:\Users\USER\Desktop\Articulo\Datasets\MESSIDOR2\adaptive_feather\r224\IM003878.png,basename
EYEPACS,MESSIDOR2,IM003879.jpg,0,1,0.39178386,0.46675065,0.12843876,0.008991081,0.0040357104,0.46675065,external_test,VeryDark,74.0,adaptive_feather,123,C:\Users\USER\Desktop\Articulo\Datasets\MESSIDOR2\adaptive_feather\r224\IM003879.png,basename
EYEPACS,MESSIDOR2,IM003893.jpg,0,0,0.36307436,0.11683312,0.25874734,0.08618706,0.17515811,0.36307436,external_test,VeryDark,77.0,adaptive_feather,123,C:\Users\USER\Desktop\Articulo\Datasets\MESSIDOR2\adaptive_feather\r224\IM003893.png,basename
EYEPACS,MESSIDOR2,IM003894.jpg,0,0,0.2658216,0.122099794,0.26344928,0.12431738,0.22431198,0.2658216,external_test,VeryDark,70.0,adaptive_feather,123,C:\Users\USER\Desktop\Articulo\Datasets\MESSIDOR2\adaptive_feather\r224\IM003894.png,basename
EYEPACS,MESSIDOR2,IM003909.jpg,0,1,0.33794814,0.39721859,0.23735338,0.020302262,0.007177655,0.39721859,external_test,Dark,97.0,adaptive_feather,123,C:\Users\USER\Desktop\Articulo\Datasets\MESSIDOR2\adaptive_feather\r224\IM003909.png,basename
EYEPACS,MESSIDOR2,IM003910.jpg,0,1,0.36415744,0.5043826,0.11974436,0.009422954,0.0022926745,0.5043826,external_test,Dark,93.0,adaptive_feather,123,C:\Users\USER\Desktop\Articulo\Datasets\MESSIDOR2\adaptive_feather\r224\IM003910.png,basename
EYEPACS,MESSIDOR2,IM003924.jpg,0,0,0.47207642,0.43272293,0.09123288,0.0031722072,0.00079558376,0.47207642,external_test,VeryDark,72.0,adaptive_feather,123,C:\Users\USER\Desktop\Articulo\Datasets\MESSIDOR2\adaptive_feather\r224\IM003924.png,basename
EYEPACS,MESSIDOR2,IM003925.jpg,0,0,0.47151563,0.36497882,0.1593623,0.0023707168,0.0017725824,0.47151563,external_test,VeryDark,74.0,adaptive_feather,123,C:\Users\USER\Desktop\Articulo\Datasets\MESSIDOR2\adaptive_feather\r224\IM003925.png,basename
EYEPACS,MESSIDOR2,IM003949.jpg,0,0,0.559824,0.28751358,0.12703489,0.01533171,0.010295881,0.559824,external_test,Dark,95.0,adaptive_feather,123,C:\Users\USER\Desktop\Articulo\Datasets\MESSIDOR2\adaptive_feather\r224\IM003949.png,basename
EYEPACS,MESSIDOR2,IM003950.jpg,0,0,0.3617883,0.33103633,0.22207288,0.030943297,0.054159198,0.3617883,external_test,ExtremelyDark,46.0,adaptive_feather,123,C:\Users\USER\Desktop\Articulo\Datasets\MESSIDOR2\adaptive_feather\r224\IM003950.png,basename
EYEPACS,MESSIDOR2,IM003968.jpg,0,0,0.3501857,0.31644428,0.1876436,0.12372295,0.022003427,0.3501857,external_test,ExtremelyDark,57.0,adaptive_feather,123,C:\Users\USER\Desktop\Articulo\Datasets\MESSIDOR2\adaptive_feather\r224\IM003968.png,basename
EYEPACS,MESSIDOR2,IM003969.jpg,0,0,0.33228713,0.23274262,0.27945372,0.13424867,0.021267876,0.33228713,external_test,ExtremelyDark,69.0,adaptive_feather,123,C:\Users\USER\Desktop\Articulo\Datasets\MESSIDOR2\adaptive_feather\r224\IM003969.png,basename
EYEPACS,MESSIDOR2,IM003982.jpg,0,0,0.57718056,0.32550398,0.08606599,0.0088530425,0.002396392,0.57718056,external_test,Dark,96.0,adaptive_feather,123,C:\Users\USER\Desktop\Articulo\Datasets\MESSIDOR2\adaptive_feather\r224\IM003982.png,basename
EYEPACS,MESSIDOR2,IM003983.jpg,0,0,0.6138385,0.29982513,0.067479506,0.016163114,0.0026937174,0.6138385,external_test,VeryDark,82.0,adaptive_feather,123,C:\Users\USER\Desktop\Articulo\Datasets\MESSIDOR2\adaptive_feather\r224\IM003983.png,basename
EYEPACS,MESSIDOR2,IM003989.jpg,0,0,0.5664806,0.33192727,0.09698399,0.002244398,0.0023637689,0.5664806,external_test,VeryDark,77.0,adaptive_feather,123,C:\Users\USER\Desktop\Articulo\Datasets\MESSIDOR2\adaptive_feather\r224\IM003989.png,basename
EYEPACS,MESSIDOR2,IM003990.jpg,0,0,0.5289811,0.26298878,0.1866916,0.011636412,0.00970207,0.5289811,external_test,VeryDark,71.0,adaptive_feather,123,C:\Users\USER\Desktop\Articulo\Datasets\MESSIDOR2\adaptive_feather\r224\IM003990.png,basename
EYEPACS,MESSIDOR2,IM004005.jpg,0,0,0.42810047,0.29422727,0.25980732,0.015159353,0.0027055633,0.42810047,external_test,ExtremelyDark,66.0,adaptive_feather,123,C:\Users\USER\Desktop\Articulo\Datasets\MESSIDOR2\adaptive_feather\r224\IM004005.png,basename
EYEPACS,MESSIDOR2,IM004006.jpg,0,0,0.7153541,0.21021056,0.060585264,0.0022726967,0.011577385,0.7153541,external_test,ExtremelyDark,53.0,adaptive_feather,123,C:\Users\USER\Desktop\Articulo\Datasets\MESSIDOR2\adaptive_feather\r224\IM004006.png,basename
EYEPACS,MESSIDOR2,IM004012.jpg,0,1,0.35088482,0.42508036,0.1835381,0.035298076,0.005198725,0.42508036,external_test,VeryDark,70.0,adaptive_feather,123,C:\Users\USER\Desktop\Articulo\Datasets\MESSIDOR2\adaptive_feather\r224\IM004012.png,basename
EYEPACS,MESSIDOR2,IM004013.jpg,0,0,0.5647541,0.24847429,0.15809944,0.022936769,0.005735301,0.5647541,external_test,VeryDark,77.0,adaptive_feather,123,C:\Users\USER\Desktop\Articulo\Datasets\MESSIDOR2\adaptive_feather\r224\IM004013.png,basename
EYEPACS,MESSIDOR2,IM004027.jpg,0,2,0.15687855,0.11189846,0.4044384,0.25667933,0.070105255,0.4044384,external_test,Bright,139.0,adaptive_feather,123,C:\Users\USER\Desktop\Articulo\Datasets\MESSIDOR2\adaptive_feather\r224\IM004027.png,basename
EYEPACS,MESSIDOR2,IM004028.jpg,0,2,0.27635607,0.09002907,0.37734175,0.13449979,0.12177334,0.37734175,external_test,Bright,139.0,adaptive_feather,123,C:\Users\USER\Desktop\Articulo\Datasets\MESSIDOR2\adaptive_feather\r224\IM004028.png,basename
EYEPACS,MESSIDOR2,IM004035.jpg,0,0,0.46433473,0.3430046,0.16656525,0.020869326,0.0052260896,0.46433473,external_test,Dark,88.0,adaptive_feather,123,C:\Users\USER\Desktop\Articulo\Datasets\MESSIDOR2\adaptive_feather\r224\IM004035.png,basename
EYEPACS,MESSIDOR2,IM004036.jpg,0,0,0.62937474,0.23995145,0.11089469,0.015843598,0.003935472,0.62937474,external_test,ExtremelyDark,68.0,adaptive_feather,123,C:\Users\USER\Desktop\Articulo\Datasets\MESSIDOR2\adaptive_feather\r224\IM004036.png,basename
EYEPACS,MESSIDOR2,IM004052.jpg,2,2,0.05193791,0.03624695,0.5188576,0.34570593,0.04725163,0.5188576,external_test,ExtremelyDark,65.0,adaptive_feather,123,C:\Users\USER\Desktop\Articulo\Datasets\MESSIDOR2\adaptive_feather\r224\IM004052.png,basename
EYEPACS,MESSIDOR2,IM004053.jpg,2,2,0.35021707,0.16865772,0.44537193,0.024974072,0.010779173,0.44537193,external_test,ExtremelyDark,61.0,adaptive_feather,123,C:\Users\USER\Desktop\Articulo\Datasets\MESSIDOR2\adaptive_feather\r224\IM004053.png,basename
EYEPACS,MESSIDOR2,IM004085.jpg,2,2,0.17584111,0.3209343,0.42197517,0.07641285,0.004836598,0.42197517,external_test,Dark,102.0,adaptive_feather,123,C:\Users\USER\Desktop\Articulo\Datasets\MESSIDOR2\adaptive_feather\r224\IM004085.png,basename
EYEPACS,MESSIDOR2,IM004086.jpg,1,2,0.21073715,0.23192695,0.39125222,0.123560056,0.042523604,0.39125222,external_test,Normal,113.0,adaptive_feather,123,C:\Users\USER\Desktop\Articulo\Datasets\MESSIDOR2\adaptive_feather\r224\IM004086.png,basename
EYEPACS,MESSIDOR2,IM004092.jpg,0,0,0.61130923,0.3095433,0.064762615,0.007985142,0.006399739,0.61130923,external_test,Dark,87.0,adaptive_feather,123,C:\Users\USER\Desktop\Articulo\Datasets\MESSIDOR2\adaptive_feather\r224\IM004092.png,basename
EYEPACS,MESSIDOR2,IM004093.jpg,0,0,0.57644343,0.3043594,0.09282803,0.014497191,0.011871964,0.57644343,external_test,Dark,86.0,adaptive_feather,123,C:\Users\USER\Desktop\Articulo\Datasets\MESSIDOR2\adaptive_feather\r224\IM004093.png,basename
EYEPACS,MESSIDOR2,IM004132.jpg,2,0,0.33282125,0.25568658,0.33233777,0.073336266,0.0058180857,0.33282125,external_test,Dark,87.0,adaptive_feather,123,C:\Users\USER\Desktop\Articulo\Datasets\MESSIDOR2\adaptive_feather\r224\IM004132.png,basename
EYEPACS,MESSIDOR2,IM004133.jpg,2,0,0.35545105,0.3364778,0.2504051,0.05114137,0.0065247687,0.35545105,external_test,Dark,87.0,adaptive_feather,123,C:\Users\USER\Desktop\Articulo\Datasets\MESSIDOR2\adaptive_feather\r224\IM004133.png,basename
EYEPACS,MESSIDOR2,IM004154.jpg,0,1,0.30540484,0.589499,0.09939854,0.004687671,0.001009921,0.589499,external_test,VeryDark,82.0,adaptive_feather,123,C:\Users\USER\Desktop\Articulo\Datasets\MESSIDOR2\adaptive_feather\r224\IM004154.png,basename
EYEPACS,MESSIDOR2,IM004155.jpg,0,0,0.48721135,0.34384763,0.15123823,0.00917923,0.0085236225,0.48721135,external_test,VeryDark,83.0,adaptive_feather,123,C:\Users\USER\Desktop\Articulo\Datasets\MESSIDOR2\adaptive_feather\r224\IM004155.png,basename
EYEPACS,MESSIDOR2,IM004161.jpg,0,0,0.5074967,0.29304922,0.16816823,0.022497699,0.008788192,0.5074967,external_test,Dark,106.0,adaptive_feather,123,C:\Users\USER\Desktop\Articulo\Datasets\MESSIDOR2\adaptive_feather\r224\IM004161.png,basename
EYEPACS,MESSIDOR2,IM004162.jpg,0,0,0.52172345,0.2202243,0.2009155,0.028530853,0.02860586,0.52172345,external_test,Dark,88.0,adaptive_feather,123,C:\Users\USER\Desktop\Articulo\Datasets\MESSIDOR2\adaptive_feather\r224\IM004162.png,basename
EYEPACS,MESSIDOR2,IM004168.jpg,0,2,0.34607935,0.19189875,0.41315258,0.02837687,0.020492425,0.41315258,external_test,Dark,102.0,adaptive_feather,123,C:\Users\USER\Desktop\Articulo\Datasets\MESSIDOR2\adaptive_feather\r224\IM004168.png,basename
EYEPACS,MESSIDOR2,IM004169.jpg,0,2,0.27957863,0.18512239,0.35091445,0.13053669,0.05384786,0.35091445,external_test,VeryDark,78.0,adaptive_feather,123,C:\Users\USER\Desktop\Articulo\Datasets\MESSIDOR2\adaptive_feather\r224\IM004169.png,basename
EYEPACS,MESSIDOR2,IM004177.jpg,0,0,0.49478513,0.19104946,0.1825874,0.0805112,0.0510669,0.49478513,external_test,VeryDark,82.0,adaptive_feather,123,C:\Users\USER\Desktop\Articulo\Datasets\MESSIDOR2\adaptive_feather\r224\IM004177.png,basename
EYEPACS,MESSIDOR2,IM004183.jpg,4,2,0.08495596,0.027261546,0.35914582,0.17896347,0.34967324,0.35914582,external_test,Dark,90.0,adaptive_feather,123,C:\Users\USER\Desktop\Articulo\Datasets\MESSIDOR2\adaptive_feather\r224\IM004183.png,basename
EYEPACS,MESSIDOR2,IM004184.jpg,1,2,0.124447264,0.1233576,0.47052568,0.17467046,0.10699899,0.47052568,external_test,VeryDark,77.0,adaptive_feather,123,C:\Users\USER\Desktop\Articulo\Datasets\MESSIDOR2\adaptive_feather\r224\IM004184.png,basename
EYEPACS,MESSIDOR2,IM004191.jpg,0,0,0.64758825,0.25720954,0.06765558,0.016773917,0.010772765,0.64758825,external_test,Dark,99.0,adaptive_feather,123,C:\Users\USER\Desktop\Articulo\Datasets\MESSIDOR2\adaptive_feather\r224\IM004191.png,basename
EYEPACS,MESSIDOR2,IM004192.jpg,0,0,0.67085636,0.20884702,0.082421355,0.031222269,0.0066528954,0.67085636,external_test,VeryDark,82.0,adaptive_feather,123,C:\Users\USER\Desktop\Articulo\Datasets\MESSIDOR2\adaptive_feather\r224\IM004192.png,basename
EYEPACS,MESSIDOR2,IM004207.jpg,2,0,0.40252075,0.20848756,0.25794634,0.082189575,0.048855748,0.40252075,external_test,VeryDark,72.0,adaptive_feather,123,C:\Users\USER\Desktop\Articulo\Datasets\MESSIDOR2\adaptive_feather\r224\IM004207.png,basename
EYEPACS,MESSIDOR2,IM004208.jpg,2,0,0.44958606,0.37547773,0.1534485,0.014805066,0.006682666,0.44958606,external_test,ExtremelyDark,61.0,adaptive_feather,123,C:\Users\USER\Desktop\Articulo\Datasets\MESSIDOR2\adaptive_feather\r224\IM004208.png,basename
EYEPACS,MESSIDOR2,IM004226.jpg,0,0,0.5327371,0.3215682,0.12582998,0.011568674,0.008296125,0.5327371,external_test,Dark,93.0,adaptive_feather,123,C:\Users\USER\Desktop\Articulo\Datasets\MESSIDOR2\adaptive_feather\r224\IM004226.png,basename
EYEPACS,MESSIDOR2,IM004227.jpg,0,0,0.4616901,0.27258933,0.20847642,0.03962645,0.017617755,0.4616901,external_test,VeryDark,74.0,adaptive_feather,123,C:\Users\USER\Desktop\Articulo\Datasets\MESSIDOR2\adaptive_feather\r224\IM004227.png,basename
EYEPACS,MESSIDOR2,IM004240.jpg,0,0,0.4545339,0.22880943,0.25051543,0.04336985,0.022771323,0.4545339,external_test,Dark,96.0,adaptive_feather,123,C:\Users\USER\Desktop\Articulo\Datasets\MESSIDOR2\adaptive_feather\r224\IM004240.png,basename
EYEPACS,MESSIDOR2,IM004241.jpg,0,2,0.24354045,0.25284404,0.30016693,0.18104951,0.02239904,0.30016693,external_test,VeryDark,81.0,adaptive_feather,123,C:\Users\USER\Desktop\Articulo\Datasets\MESSIDOR2\adaptive_feather\r224\IM004241.png,basename
EYEPACS,MESSIDOR2,IM004251.jpg,0,0,0.42219195,0.33291325,0.22890653,0.008946032,0.007042225,0.42219195,external_test,Dark,93.0,adaptive_feather,123,C:\Users\USER\Desktop\Articulo\Datasets\MESSIDOR2\adaptive_feather\r224\IM004251.png,basename
EYEPACS,MESSIDOR2,IM004252.jpg,0,1,0.24715355,0.4675442,0.23400524,0.04265802,0.008638867,0.4675442,external_test,VeryDark,83.0,adaptive_feather,123,C:\Users\USER\Desktop\Articulo\Datasets\MESSIDOR2\adaptive_feather\r224\IM004252.png,basename
EYEPACS,MESSIDOR2,IM004261.jpg,0,0,0.41893667,0.39980534,0.15133353,0.021927554,0.007996894,0.41893667,external_test,Dark,95.0,adaptive_feather,123,C:\Users\USER\Desktop\Articulo\Datasets\MESSIDOR2\adaptive_feather\r224\IM004261.png,basename
EYEPACS,MESSIDOR2,IM004262.jpg,0,0,0.4417498,0.2929282,0.17724764,0.07873666,0.009337642,0.4417498,external_test,Dark,91.0,adaptive_feather,123,C:\Users\USER\Desktop\Articulo\Datasets\MESSIDOR2\adaptive_feather\r224\IM004262.png,basename
EYEPACS,MESSIDOR2,IM004269.jpg,0,0,0.4319986,0.34943658,0.12365099,0.0882556,0.006658163,0.4319986,external_test,Dark,93.0,adaptive_feather,123,C:\Users\USER\Desktop\Articulo\Datasets\MESSIDOR2\adaptive_feather\r224\IM004269.png,basename
EYEPACS,MESSIDOR2,IM004270.jpg,0,3,0.19978,0.14906268,0.25983527,0.28216678,0.10915523,0.28216678,external_test,ExtremelyDark,69.0,adaptive_feather,123,C:\Users\USER\Desktop\Articulo\Datasets\MESSIDOR2\adaptive_feather\r224\IM004270.png,basename
EYEPACS,MESSIDOR2,IM004276.jpg,0,2,0.30089828,0.10041715,0.306943,0.08007384,0.21166776,0.306943,external_test,Dark,102.0,adaptive_feather,123,C:\Users\USER\Desktop\Articulo\Datasets\MESSIDOR2\adaptive_feather\r224\IM004276.png,basename
EYEPACS,MESSIDOR2,IM004277.jpg,0,2,0.22519764,0.15198863,0.418114,0.076135404,0.1285643,0.418114,external_test,Normal,111.0,adaptive_feather,123,C:\Users\USER\Desktop\Articulo\Datasets\MESSIDOR2\adaptive_feather\r224\IM004277.png,basename
EYEPACS,MESSIDOR2,IM004290.jpg,0,2,0.32111704,0.2705864,0.33353457,0.05978334,0.01497863,0.33353457,external_test,Dark,100.0,adaptive_feather,123,C:\Users\USER\Desktop\Articulo\Datasets\MESSIDOR2\adaptive_feather\r224\IM004290.png,basename
EYEPACS,MESSIDOR2,IM004291.jpg,0,2,0.16273008,0.07138817,0.5081331,0.16131625,0.0964324,0.5081331,external_test,Dark,98.0,adaptive_feather,123,C:\Users\USER\Desktop\Articulo\Datasets\MESSIDOR2\adaptive_feather\r224\IM004291.png,basename
EYEPACS,MESSIDOR2,IM004297.jpg,0,2,0.28894374,0.1321338,0.3586009,0.14668036,0.07364126,0.3586009,external_test,Dark,97.0,adaptive_feather,123,C:\Users\USER\Desktop\Articulo\Datasets\MESSIDOR2\adaptive_feather\r224\IM004297.png,basename
EYEPACS,MESSIDOR2,IM004298.jpg,0,2,0.30131915,0.16134526,0.31779134,0.14060508,0.078939155,0.31779134,external_test,Dark,101.0,adaptive_feather,123,C:\Users\USER\Desktop\Articulo\Datasets\MESSIDOR2\adaptive_feather\r224\IM004298.png,basename
EYEPACS,MESSIDOR2,IM004305.jpg,0,0,0.25497034,0.17878261,0.24633394,0.21977337,0.10013974,0.25497034,external_test,VeryDark,81.0,adaptive_feather,123,C:\Users\USER\Desktop\Articulo\Datasets\MESSIDOR2\adaptive_feather\r224\IM004305.png,basename
EYEPACS,MESSIDOR2,IM004306.jpg,0,0,0.4636115,0.21966714,0.15820697,0.06693114,0.091583245,0.4636115,external_test,VeryDark,79.0,adaptive_feather,123,C:\Users\USER\Desktop\Articulo\Datasets\MESSIDOR2\adaptive_feather\r224\IM004306.png,basename
EYEPACS,MESSIDOR2,IM004312.jpg,0,0,0.5696518,0.3134801,0.10217916,0.0088890055,0.0057999645,0.5696518,external_test,Dark,89.0,adaptive_feather,123,C:\Users\USER\Desktop\Articulo\Datasets\MESSIDOR2\adaptive_feather\r224\IM004312.png,basename
EYEPACS,MESSIDOR2,IM004313.jpg,0,0,0.5061227,0.2339163,0.17779593,0.07391956,0.008245498,0.5061227,external_test,Dark,87.0,adaptive_feather,123,C:\Users\USER\Desktop\Articulo\Datasets\MESSIDOR2\adaptive_feather\r224\IM004313.png,basename
EYEPACS,MESSIDOR2,IM004342.jpg,0,0,0.39222658,0.2499786,0.3145586,0.030434772,0.012801316,0.39222658,external_test,Dark,90.0,adaptive_feather,123,C:\Users\USER\Desktop\Articulo\Datasets\MESSIDOR2\adaptive_feather\r224\IM004342.png,basename
EYEPACS,MESSIDOR2,IM004343.jpg,0,0,0.50788504,0.2711196,0.1782626,0.036333006,0.0063997367,0.50788504,external_test,Dark,91.0,adaptive_feather,123,C:\Users\USER\Desktop\Articulo\Datasets\MESSIDOR2\adaptive_feather\r224\IM004343.png,basename
EYEPACS,MESSIDOR2,IM004346.jpg,4,2,0.1335322,0.07275371,0.55737954,0.09961223,0.1367223,0.55737954,external_test,Dark,85.0,adaptive_feather,123,C:\Users\USER\Desktop\Articulo\Datasets\MESSIDOR2\adaptive_feather\r224\IM004346.png,basename
EYEPACS,MESSIDOR2,IM004347.jpg,2,2,0.2572377,0.2418845,0.4337823,0.059709825,0.0073856898,0.4337823,external_test,VeryDark,83.0,adaptive_feather,123,C:\Users\USER\Desktop\Articulo\Datasets\MESSIDOR2\adaptive_feather\r224\IM004347.png,basename
EYEPACS,MESSIDOR2,IM004391.jpg,0,3,0.083780974,0.09680784,0.2645309,0.2901205,0.26475975,0.2901205,external_test,ExtremelyDark,60.0,adaptive_feather,123,C:\Users\USER\Desktop\Articulo\Datasets\MESSIDOR2\adaptive_feather\r224\IM004391.png,basename
EYEPACS,MESSIDOR2,IM004392.jpg,0,1,0.337884,0.37183928,0.254059,0.020164749,0.016053036,0.37183928,external_test,ExtremelyDark,50.0,adaptive_feather,123,C:\Users\USER\Desktop\Articulo\Datasets\MESSIDOR2\adaptive_feather\r224\IM004392.png,basename
EYEPACS,MESSIDOR2,IM004398.jpg,0,1,0.23139967,0.33927563,0.27564844,0.1365959,0.017080406,0.33927563,external_test,VeryDark,70.0,adaptive_feather,123,C:\Users\USER\Desktop\Articulo\Datasets\MESSIDOR2\adaptive_feather\r224\IM004398.png,basename
EYEPACS,MESSIDOR2,IM004399.jpg,0,2,0.22754265,0.16970284,0.40182772,0.1602535,0.040673256,0.40182772,external_test,ExtremelyDark,64.0,adaptive_feather,123,C:\Users\USER\Desktop\Articulo\Datasets\MESSIDOR2\adaptive_feather\r224\IM004399.png,basename
EYEPACS,MESSIDOR2,IM004406.jpg,0,0,0.46644628,0.30172107,0.17381392,0.042923994,0.015094778,0.46644628,external_test,Dark,101.0,adaptive_feather,123,C:\Users\USER\Desktop\Articulo\Datasets\MESSIDOR2\adaptive_feather\r224\IM004406.png,basename
EYEPACS,MESSIDOR2,IM004407.jpg,0,0,0.33884707,0.3143261,0.2283971,0.10609244,0.012337284,0.33884707,external_test,Dark,98.0,adaptive_feather,123,C:\Users\USER\Desktop\Articulo\Datasets\MESSIDOR2\adaptive_feather\r224\IM004407.png,basename
EYEPACS,MESSIDOR2,IM004423.jpg,0,0,0.373428,0.17344798,0.32395992,0.034716975,0.09444722,0.373428,external_test,Normal,118.0,adaptive_feather,123,C:\Users\USER\Desktop\Articulo\Datasets\MESSIDOR2\adaptive_feather\r224\IM004423.png,basename
EYEPACS,MESSIDOR2,IM004424.jpg,0,0,0.4940647,0.25329402,0.08461893,0.100414604,0.0676077,0.4940647,external_test,Dark,95.0,adaptive_feather,123,C:\Users\USER\Desktop\Articulo\Datasets\MESSIDOR2\adaptive_feather\r224\IM004424.png,basename
EYEPACS,MESSIDOR2,IM004439.jpg,0,0,0.5027933,0.36915413,0.11672275,0.006518227,0.0048116166,0.5027933,external_test,VeryDark,75.0,adaptive_feather,123,C:\Users\USER\Desktop\Articulo\Datasets\MESSIDOR2\adaptive_feather\r224\IM004439.png,basename
EYEPACS,MESSIDOR2,IM004440.jpg,0,0,0.5068066,0.3265151,0.14288476,0.013188677,0.01060483,0.5068066,external_test,ExtremelyDark,69.0,adaptive_feather,123,C:\Users\USER\Desktop\Articulo\Datasets\MESSIDOR2\adaptive_feather\r224\IM004440.png,basename
EYEPACS,MESSIDOR2,IM004461.jpg,0,0,0.47340876,0.22285315,0.24158849,0.045278274,0.016871367,0.47340876,external_test,Normal,116.0,adaptive_feather,123,C:\Users\USER\Desktop\Articulo\Datasets\MESSIDOR2\adaptive_feather\r224\IM004461.png,basename
EYEPACS,MESSIDOR2,IM004462.jpg,0,0,0.5478544,0.21769547,0.18342677,0.03129494,0.019728476,0.5478544,external_test,Dark,94.0,adaptive_feather,123,C:\Users\USER\Desktop\Articulo\Datasets\MESSIDOR2\adaptive_feather\r224\IM004462.png,basename
EYEPACS,MESSIDOR2,IM004470.jpg,0,0,0.54470634,0.23285747,0.16765805,0.033894695,0.020883521,0.54470634,external_test,Normal,122.0,adaptive_feather,123,C:\Users\USER\Desktop\Articulo\Datasets\MESSIDOR2\adaptive_feather\r224\IM004470.png,basename
EYEPACS,MESSIDOR2,IM004471.jpg,0,4,0.15691814,0.08741587,0.15891118,0.11878337,0.47797143,0.47797143,external_test,ExtremelyDark,54.0,adaptive_feather,123,C:\Users\USER\Desktop\Articulo\Datasets\MESSIDOR2\adaptive_feather\r224\IM004471.png,basename
EYEPACS,MESSIDOR2,IM004493.jpg,0,1,0.3438568,0.41079766,0.21106508,0.028002542,0.0062779575,0.41079766,external_test,Dark,85.0,adaptive_feather,123,C:\Users\USER\Desktop\Articulo\Datasets\MESSIDOR2\adaptive_feather\r224\IM004493.png,basename
EYEPACS,MESSIDOR2,IM004494.jpg,0,1,0.3959092,0.49327523,0.10346862,0.006611808,0.00073511136,0.49327523,external_test,VeryDark,83.0,adaptive_feather,123,C:\Users\USER\Desktop\Articulo\Datasets\MESSIDOR2\adaptive_feather\r224\IM004494.png,basename
EYEPACS,MESSIDOR2,IM004507.jpg,2,0,0.5658541,0.26317388,0.11319775,0.04179151,0.01598274,0.5658541,external_test,Dark,86.0,adaptive_feather,123,C:\Users\USER\Desktop\Articulo\Datasets\MESSIDOR2\adaptive_feather\r224\IM004507.png,basename
EYEPACS,MESSIDOR2,IM004508.jpg,2,0,0.2772019,0.27083153,0.23917776,0.12514031,0.08764849,0.2772019,external_test,ExtremelyDark,61.0,adaptive_feather,123,C:\Users\USER\Desktop\Articulo\Datasets\MESSIDOR2\adaptive_feather\r224\IM004508.png,basename
EYEPACS,MESSIDOR2,IM004528.jpg,0,0,0.38849705,0.29858696,0.28284037,0.023335837,0.0067397864,0.38849705,external_test,Dark,94.0,adaptive_feather,123,C:\Users\USER\Desktop\Articulo\Datasets\MESSIDOR2\adaptive_feather\r224\IM004528.png,basename
EYEPACS,MESSIDOR2,IM004529.jpg,0,0,0.40488875,0.27866092,0.28805727,0.015937172,0.012455862,0.40488875,external_test,Dark,91.0,adaptive_feather,123,C:\Users\USER\Desktop\Articulo\Datasets\MESSIDOR2\adaptive_feather\r224\IM004529.png,basename
EYEPACS,MESSIDOR2,IM004537.jpg,0,0,0.37105095,0.25467092,0.2568848,0.09751639,0.019876858,0.37105095,external_test,Dark,91.0,adaptive_feather,123,C:\Users\USER\Desktop\Articulo\Datasets\MESSIDOR2\adaptive_feather\r224\IM004537.png,basename
EYEPACS,MESSIDOR2,IM004538.jpg,0,1,0.35413888,0.45461497,0.16471505,0.017903158,0.008627882,0.45461497,external_test,Dark,90.0,adaptive_feather,123,C:\Users\USER\Desktop\Articulo\Datasets\MESSIDOR2\adaptive_feather\r224\IM004538.png,basename
EYEPACS,MESSIDOR2,IM004553.jpg,0,2,0.19541897,0.20472588,0.47922367,0.10852121,0.012110332,0.47922367,external_test,VeryDark,82.0,adaptive_feather,123,C:\Users\USER\Desktop\Articulo\Datasets\MESSIDOR2\adaptive_feather\r224\IM004553.png,basename
EYEPACS,MESSIDOR2,IM004554.jpg,0,2,0.2542967,0.16377486,0.49445435,0.07282571,0.014648368,0.49445435,external_test,VeryDark,78.0,adaptive_feather,123,C:\Users\USER\Desktop\Articulo\Datasets\MESSIDOR2\adaptive_feather\r224\IM004554.png,basename
EYEPACS,MESSIDOR2,IM004569.jpg,0,0,0.5295999,0.36261365,0.08912718,0.010480287,0.008178908,0.5295999,external_test,Dark,87.0,adaptive_feather,123,C:\Users\USER\Desktop\Articulo\Datasets\MESSIDOR2\adaptive_feather\r224\IM004569.png,basename
EYEPACS,MESSIDOR2,IM004570.jpg,0,0,0.49473968,0.3214473,0.16351299,0.016256629,0.0040434385,0.49473968,external_test,Dark,85.0,adaptive_feather,123,C:\Users\USER\Desktop\Articulo\Datasets\MESSIDOR2\adaptive_feather\r224\IM004570.png,basename
EYEPACS,MESSIDOR2,IM004599.jpg,0,0,0.54002076,0.31971,0.1127636,0.016154079,0.011351613,0.54002076,external_test,Dark,94.0,adaptive_feather,123,C:\Users\USER\Desktop\Articulo\Datasets\MESSIDOR2\adaptive_feather\r224\IM004599.png,basename
EYEPACS,MESSIDOR2,IM004600.jpg,0,0,0.47618076,0.13429542,0.19976868,0.12299176,0.066763334,0.47618076,external_test,ExtremelyDark,64.0,adaptive_feather,123,C:\Users\USER\Desktop\Articulo\Datasets\MESSIDOR2\adaptive_feather\r224\IM004600.png,basename
EYEPACS,MESSIDOR2,IM004606.jpg,0,1,0.31745756,0.50136095,0.15757401,0.021112679,0.0024947918,0.50136095,external_test,VeryDark,76.0,adaptive_feather,123,C:\Users\USER\Desktop\Articulo\Datasets\MESSIDOR2\adaptive_feather\r224\IM004606.png,basename
EYEPACS,MESSIDOR2,IM004607.jpg,0,1,0.3384088,0.44424316,0.18149231,0.030157333,0.005698491,0.44424316,external_test,ExtremelyDark,59.0,adaptive_feather,123,C:\Users\USER\Desktop\Articulo\Datasets\MESSIDOR2\adaptive_feather\r224\IM004607.png,basename
EYEPACS,MESSIDOR2,IM004620.jpg,0,0,0.41938332,0.18701951,0.2443259,0.12541182,0.02385953,0.41938332,external_test,Dark,86.0,adaptive_feather,123,C:\Users\USER\Desktop\Articulo\Datasets\MESSIDOR2\adaptive_feather\r224\IM004620.png,basename
EYEPACS,MESSIDOR2,IM004621.jpg,0,0,0.4432982,0.20967415,0.2764498,0.05398855,0.01658925,0.4432982,external_test,VeryDark,78.0,adaptive_feather,123,C:\Users\USER\Desktop\Articulo\Datasets\MESSIDOR2\adaptive_feather\r224\IM004621.png,basename
EYEPACS,MESSIDOR2,IM004638.jpg,0,0,0.70445263,0.1893715,0.07959035,0.012003474,0.014582088,0.70445263,external_test,Dark,97.0,adaptive_feather,123,C:\Users\USER\Desktop\Articulo\Datasets\MESSIDOR2\adaptive_feather\r224\IM004638.png,basename
EYEPACS,MESSIDOR2,IM004639.jpg,0,0,0.48235273,0.16543631,0.13916709,0.16047336,0.05257049,0.48235273,external_test,VeryDark,72.0,adaptive_feather,123,C:\Users\USER\Desktop\Articulo\Datasets\MESSIDOR2\adaptive_feather\r224\IM004639.png,basename
EYEPACS,MESSIDOR2,IM004645.jpg,0,0,0.4954269,0.29805928,0.18909211,0.011156603,0.0062650554,0.4954269,external_test,Dark,94.0,adaptive_feather,123,C:\Users\USER\Desktop\Articulo\Datasets\MESSIDOR2\adaptive_feather\r224\IM004645.png,basename
EYEPACS,MESSIDOR2,IM004646.jpg,0,2,0.21055497,0.15004294,0.32650825,0.22623791,0.08665585,0.32650825,external_test,ExtremelyDark,67.0,adaptive_feather,123,C:\Users\USER\Desktop\Articulo\Datasets\MESSIDOR2\adaptive_feather\r224\IM004646.png,basename
EYEPACS,MESSIDOR2,IM004653.jpg,0,0,0.43867508,0.33014908,0.16522934,0.042741213,0.023205195,0.43867508,external_test,Dark,108.0,adaptive_feather,123,C:\Users\USER\Desktop\Articulo\Datasets\MESSIDOR2\adaptive_feather\r224\IM004653.png,basename
EYEPACS,MESSIDOR2,IM004654.jpg,0,0,0.28118396,0.27227065,0.23833647,0.14179991,0.06640895,0.28118396,external_test,VeryDark,82.0,adaptive_feather,123,C:\Users\USER\Desktop\Articulo\Datasets\MESSIDOR2\adaptive_feather\r224\IM004654.png,basename
EYEPACS,MESSIDOR2,IM004668.jpg,0,0,0.38028482,0.35192677,0.2458737,0.020431377,0.0014832849,0.38028482,external_test,ExtremelyDark,66.0,adaptive_feather,123,C:\Users\USER\Desktop\Articulo\Datasets\MESSIDOR2\adaptive_feather\r224\IM004668.png,basename
EYEPACS,MESSIDOR2,IM004669.jpg,0,1,0.3930143,0.5114477,0.09281332,0.0024272413,0.0002973188,0.5114477,external_test,ExtremelyDark,65.0,adaptive_feather,123,C:\Users\USER\Desktop\Articulo\Datasets\MESSIDOR2\adaptive_feather\r224\IM004669.png,basename
EYEPACS,MESSIDOR2,IM004685.jpg,0,2,0.24150558,0.19164254,0.44305384,0.08517456,0.038623467,0.44305384,external_test,VeryDark,82.0,adaptive_feather,123,C:\Users\USER\Desktop\Articulo\Datasets\MESSIDOR2\adaptive_feather\r224\IM004685.png,basename
EYEPACS,MESSIDOR2,IM004686.jpg,0,0,0.2573676,0.16980237,0.25632617,0.1468276,0.16967629,0.2573676,external_test,VeryDark,81.0,adaptive_feather,123,C:\Users\USER\Desktop\Articulo\Datasets\MESSIDOR2\adaptive_feather\r224\IM004686.png,basename
EYEPACS,MESSIDOR2,IM004737.jpg,0,1,0.19152237,0.44499186,0.29475003,0.06295926,0.005776531,0.44499186,external_test,VeryDark,80.0,adaptive_feather,123,C:\Users\USER\Desktop\Articulo\Datasets\MESSIDOR2\adaptive_feather\r224\IM004737.png,basename
EYEPACS,MESSIDOR2,IM004739.jpg,0,1,0.3521371,0.35234243,0.2567907,0.03348418,0.0052455026,0.35234243,external_test,VeryDark,83.0,adaptive_feather,123,C:\Users\USER\Desktop\Articulo\Datasets\MESSIDOR2\adaptive_feather\r224\IM004739.png,basename
EYEPACS,MESSIDOR2,IM004747.jpg,0,2,0.33485317,0.133695,0.3848476,0.1040902,0.042514022,0.3848476,external_test,Dark,101.0,adaptive_feather,123,C:\Users\USER\Desktop\Articulo\Datasets\MESSIDOR2\adaptive_feather\r224\IM004747.png,basename
EYEPACS,MESSIDOR2,IM004748.jpg,0,3,0.14865772,0.06867519,0.31330287,0.36099458,0.10836961,0.36099458,external_test,Dark,88.0,adaptive_feather,123,C:\Users\USER\Desktop\Articulo\Datasets\MESSIDOR2\adaptive_feather\r224\IM004748.png,basename
EYEPACS,MESSIDOR2,IM004764.jpg,0,0,0.37453172,0.2143772,0.35268116,0.04539256,0.013017379,0.37453172,external_test,Dark,86.0,adaptive_feather,123,C:\Users\USER\Desktop\Articulo\Datasets\MESSIDOR2\adaptive_feather\r224\IM004764.png,basename
EYEPACS,MESSIDOR2,IM004765.jpg,0,0,0.3816376,0.25986624,0.33459625,0.017839953,0.0060598957,0.3816376,external_test,VeryDark,73.0,adaptive_feather,123,C:\Users\USER\Desktop\Articulo\Datasets\MESSIDOR2\adaptive_feather\r224\IM004765.png,basename
EYEPACS,MESSIDOR2,IM004782.jpg,0,0,0.34775758,0.1482483,0.28207895,0.1510918,0.070823394,0.34775758,external_test,Bright,131.0,adaptive_feather,123,C:\Users\USER\Desktop\Articulo\Datasets\MESSIDOR2\adaptive_feather\r224\IM004782.png,basename
EYEPACS,MESSIDOR2,IM004783.jpg,0,3,0.21152529,0.16796917,0.1855974,0.33418262,0.10072547,0.33418262,external_test,Normal,110.0,adaptive_feather,123,C:\Users\USER\Desktop\Articulo\Datasets\MESSIDOR2\adaptive_feather\r224\IM004783.png,basename
EYEPACS,MESSIDOR2,IM004797.jpg,1,3,0.030641947,0.02951553,0.025208404,0.7619804,0.15265375,0.7619804,external_test,Dark,93.0,adaptive_feather,123,C:\Users\USER\Desktop\Articulo\Datasets\MESSIDOR2\adaptive_feather\r224\IM004797.png,basename
EYEPACS,MESSIDOR2,IM004798.jpg,0,0,0.31705627,0.12133472,0.2762952,0.16928281,0.1160311,0.31705627,external_test,Dark,104.0,adaptive_feather,123,C:\Users\USER\Desktop\Articulo\Datasets\MESSIDOR2\adaptive_feather\r224\IM004798.png,basename
EYEPACS,MESSIDOR2,IM004805.jpg,0,2,0.28312147,0.16927066,0.37819156,0.15577373,0.013642537,0.37819156,external_test,VeryDark,71.0,adaptive_feather,123,C:\Users\USER\Desktop\Articulo\Datasets\MESSIDOR2\adaptive_feather\r224\IM004805.png,basename
EYEPACS,MESSIDOR2,IM004806.jpg,0,3,0.10505542,0.09843707,0.2899811,0.4797037,0.02682269,0.4797037,external_test,ExtremelyDark,62.0,adaptive_feather,123,C:\Users\USER\Desktop\Articulo\Datasets\MESSIDOR2\adaptive_feather\r224\IM004806.png,basename
EYEPACS,MESSIDOR2,IM004811.jpg,1,1,0.14967346,0.43332994,0.34509835,0.063120216,0.008778043,0.43332994,external_test,VeryDark,71.0,adaptive_feather,123,C:\Users\USER\Desktop\Articulo\Datasets\MESSIDOR2\adaptive_feather\r224\IM004811.png,basename
EYEPACS,MESSIDOR2,IM004812.jpg,2,1,0.24548928,0.42822585,0.29946655,0.020881865,0.0059364797,0.42822585,external_test,VeryDark,77.0,adaptive_feather,123,C:\Users\USER\Desktop\Articulo\Datasets\MESSIDOR2\adaptive_feather\r224\IM004812.png,basename
EYEPACS,MESSIDOR2,IM004831.jpg,0,0,0.4044704,0.3911782,0.17558746,0.022717692,0.0060463026,0.4044704,external_test,Dark,97.0,adaptive_feather,123,C:\Users\USER\Desktop\Articulo\Datasets\MESSIDOR2\adaptive_feather\r224\IM004831.png,basename
EYEPACS,MESSIDOR2,IM004832.jpg,0,3,0.1230331,0.23293146,0.19624072,0.23418288,0.2136118,0.23418288,external_test,ExtremelyDark,57.0,adaptive_feather,123,C:\Users\USER\Desktop\Articulo\Datasets\MESSIDOR2\adaptive_feather\r224\IM004832.png,basename
