source_dataset,external_dataset,filename,true_label,pred_label,prob_0,prob_1,prob_2,prob_3,prob_4,confidence,usage,brightness_category,p50,variant,seed,abs_path,path_resolution_mode
APTOS,MESSIDOR2,20051020_43808_0100_PP.png,0,0,0.9505875,0.024068648,0.0014581131,0.023198321,0.0006873753,0.9505875,external_test,ExtremelyDark,68.0,fixed_feather,42,C:\Users\USER\Desktop\Articulo\Datasets\MESSIDOR2\fixed_feather\r224\20051020_43808_0100_PP.png,direct_exact
APTOS,MESSIDOR2,20051020_43832_0100_PP.png,1,0,0.94659775,0.03666962,0.0057014595,0.0065928726,0.004438389,0.94659775,external_test,VeryDark,70.0,fixed_feather,42,C:\Users\USER\Desktop\Articulo\Datasets\MESSIDOR2\fixed_feather\r224\20051020_43832_0100_PP.png,direct_exact
APTOS,MESSIDOR2,20051020_43882_0100_PP.png,1,0,0.9047139,0.055616282,0.008559698,0.030815976,0.00029423105,0.9047139,external_test,Bright,133.0,fixed_feather,42,C:\Users\USER\Desktop\Articulo\Datasets\MESSIDOR2\fixed_feather\r224\20051020_43882_0100_PP.png,direct_exact
APTOS,MESSIDOR2,20051020_43906_0100_PP.png,2,0,0.9214164,0.044355188,0.012139143,0.021223672,0.0008656173,0.9214164,external_test,Bright,135.0,fixed_feather,42,C:\Users\USER\Desktop\Articulo\Datasets\MESSIDOR2\fixed_feather\r224\20051020_43906_0100_PP.png,direct_exact
APTOS,MESSIDOR2,20051020_44261_0100_PP.png,0,0,0.9665441,0.012582232,0.0005527499,0.020144297,0.00017663055,0.9665441,external_test,VeryDark,83.0,fixed_feather,42,C:\Users\USER\Desktop\Articulo\Datasets\MESSIDOR2\fixed_feather\r224\20051020_44261_0100_PP.png,direct_exact
APTOS,MESSIDOR2,20051020_44284_0100_PP.png,0,0,0.86590475,0.04500666,0.017930571,0.07035734,0.0008007049,0.86590475,external_test,VeryDark,77.0,fixed_feather,42,C:\Users\USER\Desktop\Articulo\Datasets\MESSIDOR2\fixed_feather\r224\20051020_44284_0100_PP.png,direct_exact
APTOS,MESSIDOR2,20051020_44338_0100_PP.png,0,0,0.94813955,0.02341932,0.0025585268,0.024071094,0.0018114354,0.94813955,external_test,Dark,88.0,fixed_feather,42,C:\Users\USER\Desktop\Articulo\Datasets\MESSIDOR2\fixed_feather\r224\20051020_44338_0100_PP.png,direct_exact
APTOS,MESSIDOR2,20051020_44349_0100_PP.png,2,0,0.8591443,0.064958535,0.015087656,0.055399932,0.0054096063,0.8591443,external_test,Dark,93.0,fixed_feather,42,C:\Users\USER\Desktop\Articulo\Datasets\MESSIDOR2\fixed_feather\r224\20051020_44349_0100_PP.png,direct_exact
APTOS,MESSIDOR2,20051020_44400_0100_PP.png,0,0,0.9491799,0.028497117,0.0013033398,0.019747933,0.0012716932,0.9491799,external_test,Dark,102.0,fixed_feather,42,C:\Users\USER\Desktop\Articulo\Datasets\MESSIDOR2\fixed_feather\r224\20051020_44400_0100_PP.png,direct_exact
APTOS,MESSIDOR2,20051020_44431_0100_PP.png,0,0,0.9037178,0.06890927,0.011013274,0.014607633,0.0017519235,0.9037178,external_test,Dark,91.0,fixed_feather,42,C:\Users\USER\Desktop\Articulo\Datasets\MESSIDOR2\fixed_feather\r224\20051020_44431_0100_PP.png,direct_exact
APTOS,MESSIDOR2,20051020_44598_0100_PP.png,2,0,0.97126323,0.01463859,0.002206244,0.009427496,0.002464495,0.97126323,external_test,Dark,85.0,fixed_feather,42,C:\Users\USER\Desktop\Articulo\Datasets\MESSIDOR2\fixed_feather\r224\20051020_44598_0100_PP.png,direct_exact
APTOS,MESSIDOR2,20051020_44636_0100_PP.png,2,0,0.89633995,0.046044614,0.0036400983,0.05138241,0.0025929292,0.89633995,external_test,VeryDark,76.0,fixed_feather,42,C:\Users\USER\Desktop\Articulo\Datasets\MESSIDOR2\fixed_feather\r224\20051020_44636_0100_PP.png,direct_exact
APTOS,MESSIDOR2,20051020_44692_0100_PP.png,0,0,0.96415365,0.017325932,0.001510905,0.0038699696,0.013139495,0.96415365,external_test,Dark,97.0,fixed_feather,42,C:\Users\USER\Desktop\Articulo\Datasets\MESSIDOR2\fixed_feather\r224\20051020_44692_0100_PP.png,direct_exact
APTOS,MESSIDOR2,20051020_44714_0100_PP.png,0,0,0.9659453,0.015203388,0.00064496655,0.017179025,0.0010272813,0.9659453,external_test,Dark,93.0,fixed_feather,42,C:\Users\USER\Desktop\Articulo\Datasets\MESSIDOR2\fixed_feather\r224\20051020_44714_0100_PP.png,direct_exact
APTOS,MESSIDOR2,20051020_44762_0100_PP.png,1,0,0.92804396,0.022934012,0.0018693906,0.04582123,0.0013314307,0.92804396,external_test,Dark,106.0,fixed_feather,42,C:\Users\USER\Desktop\Articulo\Datasets\MESSIDOR2\fixed_feather\r224\20051020_44762_0100_PP.png,direct_exact
APTOS,MESSIDOR2,20051020_44782_0100_PP.png,1,0,0.95085305,0.018920979,0.0020451427,0.02586989,0.002311019,0.95085305,external_test,Dark,103.0,fixed_feather,42,C:\Users\USER\Desktop\Articulo\Datasets\MESSIDOR2\fixed_feather\r224\20051020_44782_0100_PP.png,direct_exact
APTOS,MESSIDOR2,20051020_44901_0100_PP.png,2,0,0.9339475,0.032625455,0.0077707022,0.025234696,0.00042164512,0.9339475,external_test,Dark,95.0,fixed_feather,42,C:\Users\USER\Desktop\Articulo\Datasets\MESSIDOR2\fixed_feather\r224\20051020_44901_0100_PP.png,direct_exact
APTOS,MESSIDOR2,20051020_44923_0100_PP.png,2,0,0.9654906,0.0167712,0.0018331071,0.0151203945,0.00078463356,0.9654906,external_test,Dark,98.0,fixed_feather,42,C:\Users\USER\Desktop\Articulo\Datasets\MESSIDOR2\fixed_feather\r224\20051020_44923_0100_PP.png,direct_exact
APTOS,MESSIDOR2,20051020_44982_0100_PP.png,0,0,0.9511218,0.015866913,0.0014742569,0.031199899,0.00033703263,0.9511218,external_test,VeryDark,82.0,fixed_feather,42,C:\Users\USER\Desktop\Articulo\Datasets\MESSIDOR2\fixed_feather\r224\20051020_44982_0100_PP.png,direct_exact
APTOS,MESSIDOR2,20051020_45004_0100_PP.png,1,0,0.93701816,0.040578198,0.0043335315,0.016811661,0.0012584473,0.93701816,external_test,VeryDark,79.0,fixed_feather,42,C:\Users\USER\Desktop\Articulo\Datasets\MESSIDOR2\fixed_feather\r224\20051020_45004_0100_PP.png,direct_exact
APTOS,MESSIDOR2,20051020_45050_0100_PP.png,3,0,0.4722195,0.24601209,0.106481984,0.08486059,0.09042577,0.4722195,external_test,Normal,127.0,fixed_feather,42,C:\Users\USER\Desktop\Articulo\Datasets\MESSIDOR2\fixed_feather\r224\20051020_45050_0100_PP.png,direct_exact
APTOS,MESSIDOR2,20051020_45068_0100_PP.png,3,0,0.5315276,0.199448,0.070339285,0.18198012,0.01670497,0.5315276,external_test,Normal,124.0,fixed_feather,42,C:\Users\USER\Desktop\Articulo\Datasets\MESSIDOR2\fixed_feather\r224\20051020_45068_0100_PP.png,direct_exact
APTOS,MESSIDOR2,20051020_45110_0100_PP.png,4,0,0.85311794,0.044997126,0.020680713,0.036277056,0.044927265,0.85311794,external_test,Normal,110.0,fixed_feather,42,C:\Users\USER\Desktop\Articulo\Datasets\MESSIDOR2\fixed_feather\r224\20051020_45110_0100_PP.png,direct_exact
APTOS,MESSIDOR2,20051020_45137_0100_PP.png,4,0,0.2979658,0.13873656,0.20028132,0.17697187,0.18604444,0.2979658,external_test,Normal,114.0,fixed_feather,42,C:\Users\USER\Desktop\Articulo\Datasets\MESSIDOR2\fixed_feather\r224\20051020_45137_0100_PP.png,direct_exact
APTOS,MESSIDOR2,20051020_53062_0100_PP.png,3,0,0.42595604,0.34544462,0.074067384,0.15083176,0.0037002158,0.42595604,external_test,VeryDark,73.0,fixed_feather,42,C:\Users\USER\Desktop\Articulo\Datasets\MESSIDOR2\fixed_feather\r224\20051020_53062_0100_PP.png,direct_exact
APTOS,MESSIDOR2,20051020_53178_0100_PP.png,3,1,0.21756956,0.2779914,0.21062458,0.20898783,0.08482657,0.2779914,external_test,VeryDark,76.0,fixed_feather,42,C:\Users\USER\Desktop\Articulo\Datasets\MESSIDOR2\fixed_feather\r224\20051020_53178_0100_PP.png,direct_exact
APTOS,MESSIDOR2,20051020_54209_0100_PP.png,3,4,0.43168372,0.01731225,0.032868054,0.05220416,0.4659319,0.4659319,external_test,VeryDark,80.0,fixed_feather,42,C:\Users\USER\Desktop\Articulo\Datasets\MESSIDOR2\fixed_feather\r224\20051020_54209_0100_PP.png,direct_exact
APTOS,MESSIDOR2,20051020_55346_0100_PP.png,3,4,0.37732267,0.034590106,0.054596074,0.07808709,0.4554041,0.4554041,external_test,Dark,88.0,fixed_feather,42,C:\Users\USER\Desktop\Articulo\Datasets\MESSIDOR2\fixed_feather\r224\20051020_55346_0100_PP.png,direct_exact
APTOS,MESSIDOR2,20051020_55701_0100_PP.png,1,0,0.9133487,0.044906735,0.010500873,0.030561935,0.00068171835,0.9133487,external_test,Dark,97.0,fixed_feather,42,C:\Users\USER\Desktop\Articulo\Datasets\MESSIDOR2\fixed_feather\r224\20051020_55701_0100_PP.png,direct_exact
APTOS,MESSIDOR2,20051020_56592_0100_PP.png,1,0,0.88174766,0.07854671,0.004985139,0.033900924,0.0008195604,0.88174766,external_test,VeryDark,83.0,fixed_feather,42,C:\Users\USER\Desktop\Articulo\Datasets\MESSIDOR2\fixed_feather\r224\20051020_56592_0100_PP.png,direct_exact
APTOS,MESSIDOR2,20051020_56791_0100_PP.png,0,0,0.91478795,0.028134875,0.002065043,0.053618163,0.0013939614,0.91478795,external_test,Dark,101.0,fixed_feather,42,C:\Users\USER\Desktop\Articulo\Datasets\MESSIDOR2\fixed_feather\r224\20051020_56791_0100_PP.png,direct_exact
APTOS,MESSIDOR2,20051020_57157_0100_PP.png,0,0,0.7999674,0.06411336,0.0036911203,0.13168797,0.000539997,0.7999674,external_test,Dark,108.0,fixed_feather,42,C:\Users\USER\Desktop\Articulo\Datasets\MESSIDOR2\fixed_feather\r224\20051020_57157_0100_PP.png,direct_exact
APTOS,MESSIDOR2,20051020_57566_0100_PP.png,2,0,0.6384548,0.1672547,0.023649326,0.16649243,0.0041487473,0.6384548,external_test,Normal,110.0,fixed_feather,42,C:\Users\USER\Desktop\Articulo\Datasets\MESSIDOR2\fixed_feather\r224\20051020_57566_0100_PP.png,direct_exact
APTOS,MESSIDOR2,20051020_57622_0100_PP.png,2,0,0.49318627,0.26322567,0.14133213,0.070814826,0.031441078,0.49318627,external_test,Normal,110.0,fixed_feather,42,C:\Users\USER\Desktop\Articulo\Datasets\MESSIDOR2\fixed_feather\r224\20051020_57622_0100_PP.png,direct_exact
APTOS,MESSIDOR2,20051020_57761_0100_PP.png,3,0,0.9070388,0.052498166,0.020160934,0.0127801215,0.007522039,0.9070388,external_test,Normal,112.0,fixed_feather,42,C:\Users\USER\Desktop\Articulo\Datasets\MESSIDOR2\fixed_feather\r224\20051020_57761_0100_PP.png,direct_exact
APTOS,MESSIDOR2,20051020_57844_0100_PP.png,2,0,0.8235083,0.10704987,0.031258874,0.007888981,0.030293921,0.8235083,external_test,Normal,112.0,fixed_feather,42,C:\Users\USER\Desktop\Articulo\Datasets\MESSIDOR2\fixed_feather\r224\20051020_57844_0100_PP.png,direct_exact
APTOS,MESSIDOR2,20051020_57967_0100_PP.png,0,0,0.85210705,0.041953158,0.0037185845,0.0983946,0.0038265763,0.85210705,external_test,VeryDark,70.0,fixed_feather,42,C:\Users\USER\Desktop\Articulo\Datasets\MESSIDOR2\fixed_feather\r224\20051020_57967_0100_PP.png,direct_exact
APTOS,MESSIDOR2,20051020_58065_0100_PP.png,0,0,0.9204106,0.04628802,0.004526908,0.018214915,0.010559706,0.9204106,external_test,Dark,90.0,fixed_feather,42,C:\Users\USER\Desktop\Articulo\Datasets\MESSIDOR2\fixed_feather\r224\20051020_58065_0100_PP.png,direct_exact
APTOS,MESSIDOR2,20051020_58214_0100_PP.png,2,0,0.7485017,0.14554757,0.045149244,0.020263152,0.040538203,0.7485017,external_test,Dark,92.0,fixed_feather,42,C:\Users\USER\Desktop\Articulo\Datasets\MESSIDOR2\fixed_feather\r224\20051020_58214_0100_PP.png,direct_exact
APTOS,MESSIDOR2,20051020_58276_0100_PP.png,2,0,0.8666285,0.036584705,0.017370323,0.07820112,0.0012152621,0.8666285,external_test,Dark,96.0,fixed_feather,42,C:\Users\USER\Desktop\Articulo\Datasets\MESSIDOR2\fixed_feather\r224\20051020_58276_0100_PP.png,direct_exact
APTOS,MESSIDOR2,20051020_61757_0100_PP.png,0,0,0.9707484,0.007818578,0.00070137664,0.019716486,0.0010151219,0.9707484,external_test,VeryDark,72.0,fixed_feather,42,C:\Users\USER\Desktop\Articulo\Datasets\MESSIDOR2\fixed_feather\r224\20051020_61757_0100_PP.png,direct_exact
APTOS,MESSIDOR2,20051020_61804_0100_PP.png,1,0,0.98265624,0.0030092613,0.0016989782,0.012416939,0.00021862349,0.98265624,external_test,VeryDark,76.0,fixed_feather,42,C:\Users\USER\Desktop\Articulo\Datasets\MESSIDOR2\fixed_feather\r224\20051020_61804_0100_PP.png,direct_exact
APTOS,MESSIDOR2,20051020_61998_0100_PP.png,4,0,0.98185307,0.011442573,0.001288707,0.0026324682,0.0027832354,0.98185307,external_test,ExtremelyDark,68.0,fixed_feather,42,C:\Users\USER\Desktop\Articulo\Datasets\MESSIDOR2\fixed_feather\r224\20051020_61998_0100_PP.png,direct_exact
APTOS,MESSIDOR2,20051020_62014_0100_PP.png,2,0,0.96218336,0.01734707,0.0042583314,0.016033651,0.00017765556,0.96218336,external_test,ExtremelyDark,50.0,fixed_feather,42,C:\Users\USER\Desktop\Articulo\Datasets\MESSIDOR2\fixed_feather\r224\20051020_62014_0100_PP.png,direct_exact
APTOS,MESSIDOR2,20051020_62337_0100_PP.png,2,0,0.7227743,0.15348952,0.055061556,0.043176252,0.025498332,0.7227743,external_test,Dark,104.0,fixed_feather,42,C:\Users\USER\Desktop\Articulo\Datasets\MESSIDOR2\fixed_feather\r224\20051020_62337_0100_PP.png,direct_exact
APTOS,MESSIDOR2,20051020_62385_0100_PP.png,3,0,0.6958443,0.20970389,0.04415844,0.041604597,0.008688771,0.6958443,external_test,Dark,107.0,fixed_feather,42,C:\Users\USER\Desktop\Articulo\Datasets\MESSIDOR2\fixed_feather\r224\20051020_62385_0100_PP.png,direct_exact
APTOS,MESSIDOR2,20051020_62461_0100_PP.png,0,0,0.8076065,0.09232447,0.03955614,0.059442922,0.0010699388,0.8076065,external_test,Dark,104.0,fixed_feather,42,C:\Users\USER\Desktop\Articulo\Datasets\MESSIDOR2\fixed_feather\r224\20051020_62461_0100_PP.png,direct_exact
APTOS,MESSIDOR2,20051020_62510_0100_PP.png,0,0,0.79077554,0.096318334,0.03720978,0.07341973,0.0022766404,0.79077554,external_test,Dark,108.0,fixed_feather,42,C:\Users\USER\Desktop\Articulo\Datasets\MESSIDOR2\fixed_feather\r224\20051020_62510_0100_PP.png,direct_exact
APTOS,MESSIDOR2,20051020_62577_0100_PP.png,0,0,0.9515606,0.0063704094,0.00071012677,0.040878452,0.00048047956,0.9515606,external_test,Dark,87.0,fixed_feather,42,C:\Users\USER\Desktop\Articulo\Datasets\MESSIDOR2\fixed_feather\r224\20051020_62577_0100_PP.png,direct_exact
APTOS,MESSIDOR2,20051020_62615_0100_PP.png,0,0,0.9692945,0.009920568,0.0011316665,0.019278271,0.0003749711,0.9692945,external_test,Dark,90.0,fixed_feather,42,C:\Users\USER\Desktop\Articulo\Datasets\MESSIDOR2\fixed_feather\r224\20051020_62615_0100_PP.png,direct_exact
APTOS,MESSIDOR2,20051020_62709_0100_PP.png,4,0,0.73687303,0.1138263,0.030004937,0.093319505,0.025976188,0.73687303,external_test,Dark,91.0,fixed_feather,42,C:\Users\USER\Desktop\Articulo\Datasets\MESSIDOR2\fixed_feather\r224\20051020_62709_0100_PP.png,direct_exact
APTOS,MESSIDOR2,20051020_62802_0100_PP.png,4,0,0.6658081,0.05179384,0.04283531,0.06141987,0.17814288,0.6658081,external_test,Dark,88.0,fixed_feather,42,C:\Users\USER\Desktop\Articulo\Datasets\MESSIDOR2\fixed_feather\r224\20051020_62802_0100_PP.png,direct_exact
APTOS,MESSIDOR2,20051020_62878_0100_PP.png,2,0,0.8146803,0.08135378,0.0519859,0.03293642,0.019043636,0.8146803,external_test,Dark,87.0,fixed_feather,42,C:\Users\USER\Desktop\Articulo\Datasets\MESSIDOR2\fixed_feather\r224\20051020_62878_0100_PP.png,direct_exact
APTOS,MESSIDOR2,20051020_63045_0100_PP.png,1,0,0.93795764,0.03781115,0.0040959143,0.018169297,0.0019660264,0.93795764,external_test,Dark,85.0,fixed_feather,42,C:\Users\USER\Desktop\Articulo\Datasets\MESSIDOR2\fixed_feather\r224\20051020_63045_0100_PP.png,direct_exact
APTOS,MESSIDOR2,20051020_63269_0100_PP.png,0,0,0.95606923,0.028288193,0.0033535827,0.011543828,0.00074518373,0.95606923,external_test,Dark,95.0,fixed_feather,42,C:\Users\USER\Desktop\Articulo\Datasets\MESSIDOR2\fixed_feather\r224\20051020_63269_0100_PP.png,direct_exact
APTOS,MESSIDOR2,20051020_63337_0100_PP.png,0,0,0.91167897,0.046321593,0.006514003,0.035024464,0.00046087793,0.91167897,external_test,Dark,87.0,fixed_feather,42,C:\Users\USER\Desktop\Articulo\Datasets\MESSIDOR2\fixed_feather\r224\20051020_63337_0100_PP.png,direct_exact
APTOS,MESSIDOR2,20051020_63711_0100_PP.png,2,0,0.9156984,0.03689388,0.0025130832,0.04355583,0.0013387268,0.9156984,external_test,Dark,106.0,fixed_feather,42,C:\Users\USER\Desktop\Articulo\Datasets\MESSIDOR2\fixed_feather\r224\20051020_63711_0100_PP.png,direct_exact
APTOS,MESSIDOR2,20051020_63829_0100_PP.png,1,0,0.8761905,0.06454541,0.0069450415,0.04619728,0.0061217113,0.8761905,external_test,Normal,113.0,fixed_feather,42,C:\Users\USER\Desktop\Articulo\Datasets\MESSIDOR2\fixed_feather\r224\20051020_63829_0100_PP.png,direct_exact
APTOS,MESSIDOR2,20051020_63936_0100_PP.png,1,0,0.66426957,0.25248447,0.045802012,0.027233427,0.010210606,0.66426957,external_test,VeryDark,78.0,fixed_feather,42,C:\Users\USER\Desktop\Articulo\Datasets\MESSIDOR2\fixed_feather\r224\20051020_63936_0100_PP.png,direct_exact
APTOS,MESSIDOR2,20051020_64007_0100_PP.png,3,0,0.81723607,0.04897955,0.026699357,0.052125342,0.054959714,0.81723607,external_test,Dark,90.0,fixed_feather,42,C:\Users\USER\Desktop\Articulo\Datasets\MESSIDOR2\fixed_feather\r224\20051020_64007_0100_PP.png,direct_exact
APTOS,MESSIDOR2,20051020_64249_0100_PP.png,0,0,0.93608314,0.023669105,0.010002972,0.027756711,0.002488004,0.93608314,external_test,VeryDark,84.0,fixed_feather,42,C:\Users\USER\Desktop\Articulo\Datasets\MESSIDOR2\fixed_feather\r224\20051020_64249_0100_PP.png,direct_exact
APTOS,MESSIDOR2,20051020_64388_0100_PP.png,0,0,0.9628692,0.009957787,0.0005594408,0.025998838,0.0006147934,0.9628692,external_test,Dark,89.0,fixed_feather,42,C:\Users\USER\Desktop\Articulo\Datasets\MESSIDOR2\fixed_feather\r224\20051020_64388_0100_PP.png,direct_exact
APTOS,MESSIDOR2,20051020_64518_0100_PP.png,2,0,0.81269944,0.0703113,0.031432074,0.08346798,0.0020891968,0.81269944,external_test,Dark,94.0,fixed_feather,42,C:\Users\USER\Desktop\Articulo\Datasets\MESSIDOR2\fixed_feather\r224\20051020_64518_0100_PP.png,direct_exact
APTOS,MESSIDOR2,20051020_64570_0100_PP.png,2,0,0.88077956,0.084200926,0.0102708945,0.02459018,0.00015831065,0.88077956,external_test,Dark,103.0,fixed_feather,42,C:\Users\USER\Desktop\Articulo\Datasets\MESSIDOR2\fixed_feather\r224\20051020_64570_0100_PP.png,direct_exact
APTOS,MESSIDOR2,20051020_64653_0100_PP.png,0,0,0.91587746,0.026227256,0.0042052446,0.052766085,0.0009239164,0.91587746,external_test,ExtremelyDark,63.0,fixed_feather,42,C:\Users\USER\Desktop\Articulo\Datasets\MESSIDOR2\fixed_feather\r224\20051020_64653_0100_PP.png,direct_exact
APTOS,MESSIDOR2,20051020_64703_0100_PP.png,1,0,0.8562681,0.086917505,0.0038655251,0.04918316,0.0037657174,0.8562681,external_test,ExtremelyDark,64.0,fixed_feather,42,C:\Users\USER\Desktop\Articulo\Datasets\MESSIDOR2\fixed_feather\r224\20051020_64703_0100_PP.png,direct_exact
APTOS,MESSIDOR2,20051020_64775_0100_PP.png,0,0,0.9659065,0.014415012,0.0016028461,0.016556125,0.0015195529,0.9659065,external_test,ExtremelyDark,53.0,fixed_feather,42,C:\Users\USER\Desktop\Articulo\Datasets\MESSIDOR2\fixed_feather\r224\20051020_64775_0100_PP.png,direct_exact
APTOS,MESSIDOR2,20051020_64836_0100_PP.png,0,0,0.9116016,0.04290349,0.0045437138,0.03919202,0.0017591498,0.9116016,external_test,ExtremelyDark,57.0,fixed_feather,42,C:\Users\USER\Desktop\Articulo\Datasets\MESSIDOR2\fixed_feather\r224\20051020_64836_0100_PP.png,direct_exact
APTOS,MESSIDOR2,20051020_64945_0100_PP.png,1,0,0.9282891,0.03702246,0.0061061312,0.026216859,0.0023655095,0.9282891,external_test,Dark,105.0,fixed_feather,42,C:\Users\USER\Desktop\Articulo\Datasets\MESSIDOR2\fixed_feather\r224\20051020_64945_0100_PP.png,direct_exact
APTOS,MESSIDOR2,20051020_64993_0100_PP.png,1,0,0.93386805,0.024561254,0.0021924668,0.038834233,0.0005440094,0.93386805,external_test,Dark,107.0,fixed_feather,42,C:\Users\USER\Desktop\Articulo\Datasets\MESSIDOR2\fixed_feather\r224\20051020_64993_0100_PP.png,direct_exact
APTOS,MESSIDOR2,20051020_65166_0100_PP.png,2,0,0.9586675,0.03098355,0.0022154867,0.0056808265,0.002452596,0.9586675,external_test,Dark,97.0,fixed_feather,42,C:\Users\USER\Desktop\Articulo\Datasets\MESSIDOR2\fixed_feather\r224\20051020_65166_0100_PP.png,direct_exact
APTOS,MESSIDOR2,20051020_65230_0100_PP.png,2,0,0.9116963,0.055720825,0.010077511,0.019035248,0.0034700963,0.9116963,external_test,Dark,98.0,fixed_feather,42,C:\Users\USER\Desktop\Articulo\Datasets\MESSIDOR2\fixed_feather\r224\20051020_65230_0100_PP.png,direct_exact
APTOS,MESSIDOR2,20051021_36097_0100_PP.png,2,0,0.90220195,0.031562578,0.009558267,0.008172656,0.048504457,0.90220195,external_test,Dark,100.0,fixed_feather,42,C:\Users\USER\Desktop\Articulo\Datasets\MESSIDOR2\fixed_feather\r224\20051021_36097_0100_PP.png,direct_exact
APTOS,MESSIDOR2,20051021_36208_0100_PP.png,3,0,0.902782,0.043708425,0.021009434,0.019895162,0.012604862,0.902782,external_test,Dark,99.0,fixed_feather,42,C:\Users\USER\Desktop\Articulo\Datasets\MESSIDOR2\fixed_feather\r224\20051021_36208_0100_PP.png,direct_exact
APTOS,MESSIDOR2,20051021_36380_0100_PP.png,0,0,0.97504663,0.007974428,0.00051687873,0.015919749,0.00054234697,0.97504663,external_test,Dark,98.0,fixed_feather,42,C:\Users\USER\Desktop\Articulo\Datasets\MESSIDOR2\fixed_feather\r224\20051021_36380_0100_PP.png,direct_exact
APTOS,MESSIDOR2,20051021_36476_0100_PP.png,0,0,0.97481495,0.0060228934,0.0010463514,0.017766569,0.00034933837,0.97481495,external_test,Dark,101.0,fixed_feather,42,C:\Users\USER\Desktop\Articulo\Datasets\MESSIDOR2\fixed_feather\r224\20051021_36476_0100_PP.png,direct_exact
APTOS,MESSIDOR2,20051021_39222_0100_PP.png,2,0,0.6767557,0.16948257,0.09607467,0.054141503,0.0035454102,0.6767557,external_test,Dark,90.0,fixed_feather,42,C:\Users\USER\Desktop\Articulo\Datasets\MESSIDOR2\fixed_feather\r224\20051021_39222_0100_PP.png,direct_exact
APTOS,MESSIDOR2,20051021_39314_0100_PP.png,2,0,0.651764,0.17613026,0.054576926,0.048716795,0.06881206,0.651764,external_test,Dark,93.0,fixed_feather,42,C:\Users\USER\Desktop\Articulo\Datasets\MESSIDOR2\fixed_feather\r224\20051021_39314_0100_PP.png,direct_exact
APTOS,MESSIDOR2,20051021_39482_0100_PP.png,1,0,0.94684005,0.031755716,0.005303734,0.01303376,0.0030667828,0.94684005,external_test,Dark,94.0,fixed_feather,42,C:\Users\USER\Desktop\Articulo\Datasets\MESSIDOR2\fixed_feather\r224\20051021_39482_0100_PP.png,direct_exact
APTOS,MESSIDOR2,20051021_39552_0100_PP.png,2,0,0.9204026,0.030438384,0.015522915,0.030337108,0.0032990614,0.9204026,external_test,Dark,100.0,fixed_feather,42,C:\Users\USER\Desktop\Articulo\Datasets\MESSIDOR2\fixed_feather\r224\20051021_39552_0100_PP.png,direct_exact
APTOS,MESSIDOR2,20051021_39661_0100_PP.png,2,0,0.866785,0.08314491,0.009687581,0.037615135,0.0027674786,0.866785,external_test,Dark,86.0,fixed_feather,42,C:\Users\USER\Desktop\Articulo\Datasets\MESSIDOR2\fixed_feather\r224\20051021_39661_0100_PP.png,direct_exact
APTOS,MESSIDOR2,20051021_39719_0100_PP.png,2,0,0.67593706,0.1373261,0.02364978,0.15889065,0.00419636,0.67593706,external_test,Dark,86.0,fixed_feather,42,C:\Users\USER\Desktop\Articulo\Datasets\MESSIDOR2\fixed_feather\r224\20051021_39719_0100_PP.png,direct_exact
APTOS,MESSIDOR2,20051021_39845_0100_PP.png,0,0,0.94563466,0.034226637,0.0055499775,0.010979967,0.0036088245,0.94563466,external_test,VeryDark,76.0,fixed_feather,42,C:\Users\USER\Desktop\Articulo\Datasets\MESSIDOR2\fixed_feather\r224\20051021_39845_0100_PP.png,direct_exact
APTOS,MESSIDOR2,20051021_39914_0100_PP.png,0,0,0.9511435,0.027578203,0.0020188016,0.017303217,0.0019562463,0.9511435,external_test,VeryDark,75.0,fixed_feather,42,C:\Users\USER\Desktop\Articulo\Datasets\MESSIDOR2\fixed_feather\r224\20051021_39914_0100_PP.png,direct_exact
APTOS,MESSIDOR2,20051021_40018_0100_PP.png,1,0,0.9188332,0.041020088,0.0024914166,0.03716335,0.00049189426,0.9188332,external_test,Dark,87.0,fixed_feather,42,C:\Users\USER\Desktop\Articulo\Datasets\MESSIDOR2\fixed_feather\r224\20051021_40018_0100_PP.png,direct_exact
APTOS,MESSIDOR2,20051021_40074_0100_PP.png,2,0,0.93973,0.02262453,0.006234847,0.02975881,0.0016518857,0.93973,external_test,Dark,91.0,fixed_feather,42,C:\Users\USER\Desktop\Articulo\Datasets\MESSIDOR2\fixed_feather\r224\20051021_40074_0100_PP.png,direct_exact
APTOS,MESSIDOR2,20051021_40180_0100_PP.png,2,0,0.8508459,0.034203276,0.002511179,0.109358944,0.0030807336,0.8508459,external_test,VeryDark,82.0,fixed_feather,42,C:\Users\USER\Desktop\Articulo\Datasets\MESSIDOR2\fixed_feather\r224\20051021_40180_0100_PP.png,direct_exact
APTOS,MESSIDOR2,20051021_40248_0100_PP.png,2,0,0.9643548,0.009745797,0.0032963133,0.021865128,0.0007378277,0.9643548,external_test,Normal,112.0,fixed_feather,42,C:\Users\USER\Desktop\Articulo\Datasets\MESSIDOR2\fixed_feather\r224\20051021_40248_0100_PP.png,direct_exact
APTOS,MESSIDOR2,20051021_40377_0100_PP.png,4,0,0.67019105,0.093313955,0.032978654,0.1991005,0.0044158264,0.67019105,external_test,VeryDark,82.0,fixed_feather,42,C:\Users\USER\Desktop\Articulo\Datasets\MESSIDOR2\fixed_feather\r224\20051021_40377_0100_PP.png,direct_exact
APTOS,MESSIDOR2,20051021_40450_0100_PP.png,4,0,0.81582654,0.080550276,0.030389326,0.06767478,0.0055591655,0.81582654,external_test,VeryDark,80.0,fixed_feather,42,C:\Users\USER\Desktop\Articulo\Datasets\MESSIDOR2\fixed_feather\r224\20051021_40450_0100_PP.png,direct_exact
APTOS,MESSIDOR2,20051021_51418_0100_PP.png,0,0,0.972867,0.017161163,0.0006006434,0.008502794,0.0008684413,0.972867,external_test,VeryDark,71.0,fixed_feather,42,C:\Users\USER\Desktop\Articulo\Datasets\MESSIDOR2\fixed_feather\r224\20051021_51418_0100_PP.png,direct_exact
APTOS,MESSIDOR2,20051021_51476_0100_PP.png,0,0,0.94775707,0.034010276,0.0059893797,0.011600876,0.0006425413,0.94775707,external_test,ExtremelyDark,65.0,fixed_feather,42,C:\Users\USER\Desktop\Articulo\Datasets\MESSIDOR2\fixed_feather\r224\20051021_51476_0100_PP.png,direct_exact
APTOS,MESSIDOR2,20051021_51561_0100_PP.png,2,0,0.82102406,0.110172994,0.008478143,0.057663888,0.0026609574,0.82102406,external_test,Dark,90.0,fixed_feather,42,C:\Users\USER\Desktop\Articulo\Datasets\MESSIDOR2\fixed_feather\r224\20051021_51561_0100_PP.png,direct_exact
APTOS,MESSIDOR2,20051021_51625_0100_PP.png,2,0,0.94184875,0.029868346,0.006096894,0.018939031,0.0032470808,0.94184875,external_test,Dark,90.0,fixed_feather,42,C:\Users\USER\Desktop\Articulo\Datasets\MESSIDOR2\fixed_feather\r224\20051021_51625_0100_PP.png,direct_exact
APTOS,MESSIDOR2,20051021_51748_0100_PP.png,2,0,0.68322724,0.1943471,0.048060026,0.048793808,0.025571859,0.68322724,external_test,VeryDark,82.0,fixed_feather,42,C:\Users\USER\Desktop\Articulo\Datasets\MESSIDOR2\fixed_feather\r224\20051021_51748_0100_PP.png,direct_exact
APTOS,MESSIDOR2,20051021_51804_0100_PP.png,3,0,0.9501092,0.028566081,0.011063973,0.0076247444,0.0026359973,0.9501092,external_test,Dark,85.0,fixed_feather,42,C:\Users\USER\Desktop\Articulo\Datasets\MESSIDOR2\fixed_feather\r224\20051021_51804_0100_PP.png,direct_exact
APTOS,MESSIDOR2,20051021_51936_0100_PP.png,0,0,0.94871455,0.03321588,0.0025148755,0.01494441,0.00061027316,0.94871455,external_test,Dark,90.0,fixed_feather,42,C:\Users\USER\Desktop\Articulo\Datasets\MESSIDOR2\fixed_feather\r224\20051021_51936_0100_PP.png,direct_exact
APTOS,MESSIDOR2,20051021_51994_0100_PP.png,0,0,0.8464932,0.122601636,0.0072292173,0.021355184,0.002320805,0.8464932,external_test,Dark,85.0,fixed_feather,42,C:\Users\USER\Desktop\Articulo\Datasets\MESSIDOR2\fixed_feather\r224\20051021_51994_0100_PP.png,direct_exact
APTOS,MESSIDOR2,20051021_52075_0100_PP.png,3,0,0.6943018,0.17146079,0.014457376,0.10418922,0.015590839,0.6943018,external_test,Dark,100.0,fixed_feather,42,C:\Users\USER\Desktop\Articulo\Datasets\MESSIDOR2\fixed_feather\r224\20051021_52075_0100_PP.png,direct_exact
APTOS,MESSIDOR2,20051021_52127_0100_PP.png,4,0,0.86440027,0.06915739,0.0074180695,0.054282688,0.0047414806,0.86440027,external_test,Dark,105.0,fixed_feather,42,C:\Users\USER\Desktop\Articulo\Datasets\MESSIDOR2\fixed_feather\r224\20051021_52127_0100_PP.png,direct_exact
APTOS,MESSIDOR2,20051021_57798_0100_PP.png,0,0,0.8938217,0.07005571,0.0020821413,0.026466353,0.0075741783,0.8938217,external_test,Dark,98.0,fixed_feather,42,C:\Users\USER\Desktop\Articulo\Datasets\MESSIDOR2\fixed_feather\r224\20051021_57798_0100_PP.png,direct_exact
APTOS,MESSIDOR2,20051021_57862_0100_PP.png,0,0,0.9337793,0.042186085,0.0015649503,0.01889165,0.0035780468,0.9337793,external_test,Dark,97.0,fixed_feather,42,C:\Users\USER\Desktop\Articulo\Datasets\MESSIDOR2\fixed_feather\r224\20051021_57862_0100_PP.png,direct_exact
APTOS,MESSIDOR2,20051021_57975_0100_PP.png,0,0,0.98963296,0.004389506,0.0011657178,0.0042773983,0.00053438515,0.98963296,external_test,VeryDark,76.0,fixed_feather,42,C:\Users\USER\Desktop\Articulo\Datasets\MESSIDOR2\fixed_feather\r224\20051021_57975_0100_PP.png,direct_exact
APTOS,MESSIDOR2,20051021_58035_0100_PP.png,0,0,0.8567428,0.060798906,0.032338694,0.037888583,0.012230976,0.8567428,external_test,Dark,94.0,fixed_feather,42,C:\Users\USER\Desktop\Articulo\Datasets\MESSIDOR2\fixed_feather\r224\20051021_58035_0100_PP.png,direct_exact
APTOS,MESSIDOR2,20051021_58178_0100_PP.png,2,0,0.90465415,0.046972897,0.007310385,0.03609768,0.0049648546,0.90465415,external_test,Dark,85.0,fixed_feather,42,C:\Users\USER\Desktop\Articulo\Datasets\MESSIDOR2\fixed_feather\r224\20051021_58178_0100_PP.png,direct_exact
APTOS,MESSIDOR2,20051021_58316_0100_PP.png,1,0,0.6200303,0.1479256,0.035046972,0.18811324,0.008883848,0.6200303,external_test,Dark,90.0,fixed_feather,42,C:\Users\USER\Desktop\Articulo\Datasets\MESSIDOR2\fixed_feather\r224\20051021_58316_0100_PP.png,direct_exact
APTOS,MESSIDOR2,20051021_58388_0100_PP.png,0,0,0.7515208,0.13297391,0.06213784,0.048291,0.0050764433,0.7515208,external_test,Dark,86.0,fixed_feather,42,C:\Users\USER\Desktop\Articulo\Datasets\MESSIDOR2\fixed_feather\r224\20051021_58388_0100_PP.png,direct_exact
APTOS,MESSIDOR2,20051021_58522_0100_PP.png,0,0,0.9544873,0.019380135,0.0066845417,0.018732755,0.00071528327,0.9544873,external_test,Dark,90.0,fixed_feather,42,C:\Users\USER\Desktop\Articulo\Datasets\MESSIDOR2\fixed_feather\r224\20051021_58522_0100_PP.png,direct_exact
APTOS,MESSIDOR2,20051021_58683_0100_PP.png,3,0,0.3148604,0.12749219,0.23585789,0.21377003,0.10801951,0.3148604,external_test,Dark,107.0,fixed_feather,42,C:\Users\USER\Desktop\Articulo\Datasets\MESSIDOR2\fixed_feather\r224\20051021_58683_0100_PP.png,direct_exact
APTOS,MESSIDOR2,20051021_58802_0100_PP.png,2,0,0.6108109,0.22458802,0.020704119,0.083083756,0.060813256,0.6108109,external_test,Normal,123.0,fixed_feather,42,C:\Users\USER\Desktop\Articulo\Datasets\MESSIDOR2\fixed_feather\r224\20051021_58802_0100_PP.png,direct_exact
APTOS,MESSIDOR2,20051021_59136_0100_PP.png,2,0,0.9066395,0.043682415,0.007562974,0.029603813,0.012511231,0.9066395,external_test,VeryDark,80.0,fixed_feather,42,C:\Users\USER\Desktop\Articulo\Datasets\MESSIDOR2\fixed_feather\r224\20051021_59136_0100_PP.png,direct_exact
APTOS,MESSIDOR2,20051021_59243_0100_PP.png,3,0,0.33877587,0.29127175,0.2903599,0.047286995,0.032305397,0.33877587,external_test,VeryDark,83.0,fixed_feather,42,C:\Users\USER\Desktop\Articulo\Datasets\MESSIDOR2\fixed_feather\r224\20051021_59243_0100_PP.png,direct_exact
APTOS,MESSIDOR2,20051021_59459_0100_PP.png,4,0,0.7395037,0.1513452,0.06909736,0.028302869,0.011750997,0.7395037,external_test,Normal,114.0,fixed_feather,42,C:\Users\USER\Desktop\Articulo\Datasets\MESSIDOR2\fixed_feather\r224\20051021_59459_0100_PP.png,direct_exact
APTOS,MESSIDOR2,20051021_59504_0100_PP.png,4,4,0.31519994,0.020236168,0.023720289,0.14925641,0.49158725,0.49158725,external_test,Dark,107.0,fixed_feather,42,C:\Users\USER\Desktop\Articulo\Datasets\MESSIDOR2\fixed_feather\r224\20051021_59504_0100_PP.png,direct_exact
APTOS,MESSIDOR2,20051109_57451_0400_PP.png,1,0,0.7408584,0.104581065,0.007557529,0.1429042,0.004098799,0.7408584,external_test,Dark,108.0,fixed_feather,42,C:\Users\USER\Desktop\Articulo\Datasets\MESSIDOR2\fixed_feather\r224\20051109_57451_0400_PP.png,direct_exact
APTOS,MESSIDOR2,20051109_57843_0400_PP.png,0,0,0.9512411,0.0074983058,0.0007950297,0.03962294,0.0008425604,0.9512411,external_test,Dark,94.0,fixed_feather,42,C:\Users\USER\Desktop\Articulo\Datasets\MESSIDOR2\fixed_feather\r224\20051109_57843_0400_PP.png,direct_exact
APTOS,MESSIDOR2,20051109_59751_0400_PP.png,1,0,0.91819185,0.052485764,0.015480669,0.012961781,0.00087994256,0.91819185,external_test,Normal,115.0,fixed_feather,42,C:\Users\USER\Desktop\Articulo\Datasets\MESSIDOR2\fixed_feather\r224\20051109_59751_0400_PP.png,direct_exact
APTOS,MESSIDOR2,20051109_59864_0400_PP.png,1,0,0.9342153,0.04158107,0.0147719905,0.008341257,0.0010903553,0.9342153,external_test,Normal,121.0,fixed_feather,42,C:\Users\USER\Desktop\Articulo\Datasets\MESSIDOR2\fixed_feather\r224\20051109_59864_0400_PP.png,direct_exact
APTOS,MESSIDOR2,20051109_59969_0400_PP.png,0,0,0.915455,0.040493798,0.023146475,0.013252345,0.0076523856,0.915455,external_test,Dark,86.0,fixed_feather,42,C:\Users\USER\Desktop\Articulo\Datasets\MESSIDOR2\fixed_feather\r224\20051109_59969_0400_PP.png,direct_exact
APTOS,MESSIDOR2,20051109_60031_0400_PP.png,0,0,0.8856606,0.050804485,0.008554064,0.042401444,0.012579296,0.8856606,external_test,Dark,87.0,fixed_feather,42,C:\Users\USER\Desktop\Articulo\Datasets\MESSIDOR2\fixed_feather\r224\20051109_60031_0400_PP.png,direct_exact
APTOS,MESSIDOR2,20051109_60136_0400_PP.png,0,0,0.94468826,0.015419869,0.00958731,0.028279085,0.0020253712,0.94468826,external_test,Dark,87.0,fixed_feather,42,C:\Users\USER\Desktop\Articulo\Datasets\MESSIDOR2\fixed_feather\r224\20051109_60136_0400_PP.png,direct_exact
APTOS,MESSIDOR2,20051110_33960_0400_PP.png,0,0,0.9670562,0.012538725,0.0012278692,0.018905697,0.0002715012,0.9670562,external_test,Dark,86.0,fixed_feather,42,C:\Users\USER\Desktop\Articulo\Datasets\MESSIDOR2\fixed_feather\r224\20051110_33960_0400_PP.png,direct_exact
APTOS,MESSIDOR2,20051110_34013_0400_PP.png,0,0,0.9696907,0.015042872,0.0030404234,0.009257041,0.00296894,0.9696907,external_test,Normal,111.0,fixed_feather,42,C:\Users\USER\Desktop\Articulo\Datasets\MESSIDOR2\fixed_feather\r224\20051110_34013_0400_PP.png,direct_exact
APTOS,MESSIDOR2,20051110_34071_0400_PP.png,1,0,0.948173,0.040304113,0.0030061302,0.0071767946,0.0013399252,0.948173,external_test,Normal,114.0,fixed_feather,42,C:\Users\USER\Desktop\Articulo\Datasets\MESSIDOR2\fixed_feather\r224\20051110_34071_0400_PP.png,direct_exact
APTOS,MESSIDOR2,20051110_35239_0400_PP.png,0,0,0.962457,0.028085984,0.0024145842,0.004828197,0.0022141568,0.962457,external_test,Dark,99.0,fixed_feather,42,C:\Users\USER\Desktop\Articulo\Datasets\MESSIDOR2\fixed_feather\r224\20051110_35239_0400_PP.png,direct_exact
APTOS,MESSIDOR2,20051110_35279_0400_PP.png,0,0,0.9780195,0.008174348,0.0018553998,0.011723939,0.00022677347,0.9780195,external_test,Dark,99.0,fixed_feather,42,C:\Users\USER\Desktop\Articulo\Datasets\MESSIDOR2\fixed_feather\r224\20051110_35279_0400_PP.png,direct_exact
APTOS,MESSIDOR2,20051110_35332_0400_PP.png,0,0,0.7589105,0.10760444,0.012101054,0.12083812,0.00054586027,0.7589105,external_test,Normal,121.0,fixed_feather,42,C:\Users\USER\Desktop\Articulo\Datasets\MESSIDOR2\fixed_feather\r224\20051110_35332_0400_PP.png,direct_exact
APTOS,MESSIDOR2,20051110_35926_0400_PP.png,1,0,0.682889,0.1967938,0.040543426,0.0704926,0.009281246,0.682889,external_test,Normal,118.0,fixed_feather,42,C:\Users\USER\Desktop\Articulo\Datasets\MESSIDOR2\fixed_feather\r224\20051110_35926_0400_PP.png,direct_exact
APTOS,MESSIDOR2,20051110_37992_0400_PP.png,0,0,0.75038695,0.17808369,0.023454197,0.045320503,0.0027546848,0.75038695,external_test,Dark,89.0,fixed_feather,42,C:\Users\USER\Desktop\Articulo\Datasets\MESSIDOR2\fixed_feather\r224\20051110_37992_0400_PP.png,direct_exact
APTOS,MESSIDOR2,20051110_38111_0400_PP.png,0,0,0.95942676,0.016160307,0.0013562407,0.0229196,0.00013709902,0.95942676,external_test,Dark,87.0,fixed_feather,42,C:\Users\USER\Desktop\Articulo\Datasets\MESSIDOR2\fixed_feather\r224\20051110_38111_0400_PP.png,direct_exact
APTOS,MESSIDOR2,20051110_38156_0400_PP.png,0,0,0.84636885,0.09632168,0.012517327,0.041349947,0.0034421876,0.84636885,external_test,Normal,112.0,fixed_feather,42,C:\Users\USER\Desktop\Articulo\Datasets\MESSIDOR2\fixed_feather\r224\20051110_38156_0400_PP.png,direct_exact
APTOS,MESSIDOR2,20051110_38194_0400_PP.png,1,0,0.89633304,0.06993638,0.006834782,0.025390524,0.0015052913,0.89633304,external_test,Normal,120.0,fixed_feather,42,C:\Users\USER\Desktop\Articulo\Datasets\MESSIDOR2\fixed_feather\r224\20051110_38194_0400_PP.png,direct_exact
APTOS,MESSIDOR2,20051110_38239_0400_PP.png,1,0,0.96018016,0.012157282,0.0026593844,0.024663785,0.0003393947,0.96018016,external_test,Dark,100.0,fixed_feather,42,C:\Users\USER\Desktop\Articulo\Datasets\MESSIDOR2\fixed_feather\r224\20051110_38239_0400_PP.png,direct_exact
APTOS,MESSIDOR2,20051110_38280_0400_PP.png,0,0,0.94462615,0.017766815,0.0049250475,0.027437352,0.0052447026,0.94462615,external_test,Dark,90.0,fixed_feather,42,C:\Users\USER\Desktop\Articulo\Datasets\MESSIDOR2\fixed_feather\r224\20051110_38280_0400_PP.png,direct_exact
APTOS,MESSIDOR2,20051110_38313_0400_PP.png,0,0,0.89921176,0.02314862,0.029604968,0.031312533,0.016722137,0.89921176,external_test,ExtremelyDark,66.0,fixed_feather,42,C:\Users\USER\Desktop\Articulo\Datasets\MESSIDOR2\fixed_feather\r224\20051110_38313_0400_PP.png,direct_exact
APTOS,MESSIDOR2,20051110_38352_0400_PP.png,0,0,0.80383575,0.060361587,0.056826767,0.063643485,0.015332398,0.80383575,external_test,VeryDark,72.0,fixed_feather,42,C:\Users\USER\Desktop\Articulo\Datasets\MESSIDOR2\fixed_feather\r224\20051110_38352_0400_PP.png,direct_exact
APTOS,MESSIDOR2,20051110_38472_0400_PP.png,0,0,0.96974593,0.022218538,0.002538103,0.0048253397,0.0006720748,0.96974593,external_test,Normal,119.0,fixed_feather,42,C:\Users\USER\Desktop\Articulo\Datasets\MESSIDOR2\fixed_feather\r224\20051110_38472_0400_PP.png,direct_exact
APTOS,MESSIDOR2,20051110_38507_0400_PP.png,0,0,0.9727227,0.020640189,0.0032288458,0.0026477021,0.0007605939,0.9727227,external_test,Dark,93.0,fixed_feather,42,C:\Users\USER\Desktop\Articulo\Datasets\MESSIDOR2\fixed_feather\r224\20051110_38507_0400_PP.png,direct_exact
APTOS,MESSIDOR2,20051116_43388_0400_PP.png,0,0,0.97166044,0.01571683,0.0025910758,0.0092277415,0.000803884,0.97166044,external_test,Normal,127.0,fixed_feather,42,C:\Users\USER\Desktop\Articulo\Datasets\MESSIDOR2\fixed_feather\r224\20051116_43388_0400_PP.png,direct_exact
APTOS,MESSIDOR2,20051116_43585_0400_PP.png,0,0,0.9240107,0.034133323,0.009218481,0.031917807,0.00071976124,0.9240107,external_test,Normal,124.0,fixed_feather,42,C:\Users\USER\Desktop\Articulo\Datasets\MESSIDOR2\fixed_feather\r224\20051116_43585_0400_PP.png,direct_exact
APTOS,MESSIDOR2,20051116_43710_0400_PP.png,0,0,0.8415961,0.08520219,0.020040378,0.050850935,0.0023103263,0.8415961,external_test,ExtremelyDark,66.0,fixed_feather,42,C:\Users\USER\Desktop\Articulo\Datasets\MESSIDOR2\fixed_feather\r224\20051116_43710_0400_PP.png,direct_exact
APTOS,MESSIDOR2,20051116_43721_0400_PP.png,0,0,0.79708576,0.1525758,0.013491324,0.033497114,0.0033499724,0.79708576,external_test,ExtremelyDark,68.0,fixed_feather,42,C:\Users\USER\Desktop\Articulo\Datasets\MESSIDOR2\fixed_feather\r224\20051116_43721_0400_PP.png,direct_exact
APTOS,MESSIDOR2,20051116_43785_0400_PP.png,0,0,0.9545239,0.013159527,0.0021656258,0.029746031,0.000404939,0.9545239,external_test,VeryDark,83.0,fixed_feather,42,C:\Users\USER\Desktop\Articulo\Datasets\MESSIDOR2\fixed_feather\r224\20051116_43785_0400_PP.png,direct_exact
APTOS,MESSIDOR2,20051116_43801_0400_PP.png,0,0,0.9793466,0.0056728898,0.00044114364,0.014239552,0.0002998149,0.9793466,external_test,Dark,86.0,fixed_feather,42,C:\Users\USER\Desktop\Articulo\Datasets\MESSIDOR2\fixed_feather\r224\20051116_43801_0400_PP.png,direct_exact
APTOS,MESSIDOR2,20051116_43954_0400_PP.png,1,0,0.94423497,0.017271826,0.009411482,0.028499903,0.0005818425,0.94423497,external_test,Dark,87.0,fixed_feather,42,C:\Users\USER\Desktop\Articulo\Datasets\MESSIDOR2\fixed_feather\r224\20051116_43954_0400_PP.png,direct_exact
APTOS,MESSIDOR2,20051116_43995_0400_PP.png,1,0,0.96012455,0.02191412,0.0075106937,0.009784279,0.0006663192,0.96012455,external_test,Dark,90.0,fixed_feather,42,C:\Users\USER\Desktop\Articulo\Datasets\MESSIDOR2\fixed_feather\r224\20051116_43995_0400_PP.png,direct_exact
APTOS,MESSIDOR2,20051116_44615_0400_PP.png,1,0,0.8158251,0.08335106,0.010644094,0.072076894,0.018102854,0.8158251,external_test,VeryDark,77.0,fixed_feather,42,C:\Users\USER\Desktop\Articulo\Datasets\MESSIDOR2\fixed_feather\r224\20051116_44615_0400_PP.png,direct_exact
APTOS,MESSIDOR2,20051116_44648_0400_PP.png,0,0,0.7899811,0.093253955,0.0070880265,0.10356712,0.006109739,0.7899811,external_test,VeryDark,82.0,fixed_feather,42,C:\Users\USER\Desktop\Articulo\Datasets\MESSIDOR2\fixed_feather\r224\20051116_44648_0400_PP.png,direct_exact
APTOS,MESSIDOR2,20051116_44718_0400_PP.png,1,0,0.9543428,0.015237755,0.0007653006,0.029389856,0.0002642355,0.9543428,external_test,Dark,94.0,fixed_feather,42,C:\Users\USER\Desktop\Articulo\Datasets\MESSIDOR2\fixed_feather\r224\20051116_44718_0400_PP.png,direct_exact
APTOS,MESSIDOR2,20051116_44750_0400_PP.png,1,0,0.93671596,0.020291558,0.0015992655,0.040911566,0.0004816248,0.93671596,external_test,Dark,95.0,fixed_feather,42,C:\Users\USER\Desktop\Articulo\Datasets\MESSIDOR2\fixed_feather\r224\20051116_44750_0400_PP.png,direct_exact
APTOS,MESSIDOR2,20051116_44804_0400_PP.png,1,0,0.95763654,0.013601332,0.010795801,0.016699415,0.0012668313,0.95763654,external_test,Dark,88.0,fixed_feather,42,C:\Users\USER\Desktop\Articulo\Datasets\MESSIDOR2\fixed_feather\r224\20051116_44804_0400_PP.png,direct_exact
APTOS,MESSIDOR2,20051116_44816_0400_PP.png,1,0,0.87776613,0.057029583,0.016369013,0.027543811,0.021291351,0.87776613,external_test,Dark,91.0,fixed_feather,42,C:\Users\USER\Desktop\Articulo\Datasets\MESSIDOR2\fixed_feather\r224\20051116_44816_0400_PP.png,direct_exact
APTOS,MESSIDOR2,20051116_54429_0400_PP.png,2,0,0.91258925,0.03515035,0.016354749,0.030733224,0.0051724375,0.91258925,external_test,VeryDark,70.0,fixed_feather,42,C:\Users\USER\Desktop\Articulo\Datasets\MESSIDOR2\fixed_feather\r224\20051116_54429_0400_PP.png,direct_exact
APTOS,MESSIDOR2,20051116_54454_0400_PP.png,2,0,0.8610215,0.044868536,0.035497665,0.053306915,0.00530549,0.8610215,external_test,VeryDark,72.0,fixed_feather,42,C:\Users\USER\Desktop\Articulo\Datasets\MESSIDOR2\fixed_feather\r224\20051116_54454_0400_PP.png,direct_exact
APTOS,MESSIDOR2,20051116_54484_0400_PP.png,1,0,0.88910604,0.032991488,0.0069528813,0.06774871,0.0032007662,0.88910604,external_test,Dark,85.0,fixed_feather,42,C:\Users\USER\Desktop\Articulo\Datasets\MESSIDOR2\fixed_feather\r224\20051116_54484_0400_PP.png,direct_exact
APTOS,MESSIDOR2,20051116_54587_0400_PP.png,1,0,0.8697749,0.048211664,0.012447554,0.06459459,0.004971382,0.8697749,external_test,Dark,86.0,fixed_feather,42,C:\Users\USER\Desktop\Articulo\Datasets\MESSIDOR2\fixed_feather\r224\20051116_54587_0400_PP.png,direct_exact
APTOS,MESSIDOR2,20051116_54642_0400_PP.png,1,0,0.9149759,0.053378213,0.0060602133,0.008845672,0.016740007,0.9149759,external_test,Dark,87.0,fixed_feather,42,C:\Users\USER\Desktop\Articulo\Datasets\MESSIDOR2\fixed_feather\r224\20051116_54642_0400_PP.png,direct_exact
APTOS,MESSIDOR2,20051116_54663_0400_PP.png,1,0,0.9707883,0.013242031,0.0013069134,0.013702273,0.0009603831,0.9707883,external_test,Dark,89.0,fixed_feather,42,C:\Users\USER\Desktop\Articulo\Datasets\MESSIDOR2\fixed_feather\r224\20051116_54663_0400_PP.png,direct_exact
APTOS,MESSIDOR2,20051116_54692_0400_PP.png,1,0,0.8159214,0.04621023,0.003959889,0.1307493,0.0031591465,0.8159214,external_test,Dark,91.0,fixed_feather,42,C:\Users\USER\Desktop\Articulo\Datasets\MESSIDOR2\fixed_feather\r224\20051116_54692_0400_PP.png,direct_exact
APTOS,MESSIDOR2,20051116_54825_0400_PP.png,2,0,0.89662266,0.034679372,0.0066770646,0.06063113,0.0013897012,0.89662266,external_test,Dark,93.0,fixed_feather,42,C:\Users\USER\Desktop\Articulo\Datasets\MESSIDOR2\fixed_feather\r224\20051116_54825_0400_PP.png,direct_exact
APTOS,MESSIDOR2,20051116_54832_0400_PP.png,2,0,0.96364325,0.014206183,0.0065656686,0.012367979,0.0032169125,0.96364325,external_test,Dark,89.0,fixed_feather,42,C:\Users\USER\Desktop\Articulo\Datasets\MESSIDOR2\fixed_feather\r224\20051116_54832_0400_PP.png,direct_exact
APTOS,MESSIDOR2,20051116_54839_0400_PP.png,2,0,0.9549608,0.015887873,0.009010884,0.018162983,0.0019773692,0.9549608,external_test,Dark,90.0,fixed_feather,42,C:\Users\USER\Desktop\Articulo\Datasets\MESSIDOR2\fixed_feather\r224\20051116_54839_0400_PP.png,direct_exact
APTOS,MESSIDOR2,20051116_55649_0400_PP.png,2,0,0.9721139,0.014694323,0.0013963705,0.011251645,0.00054374075,0.9721139,external_test,VeryDark,83.0,fixed_feather,42,C:\Users\USER\Desktop\Articulo\Datasets\MESSIDOR2\fixed_feather\r224\20051116_55649_0400_PP.png,direct_exact
APTOS,MESSIDOR2,20051116_55656_0400_PP.png,2,0,0.9815803,0.010588346,0.0015374697,0.0059260577,0.00036792588,0.9815803,external_test,VeryDark,81.0,fixed_feather,42,C:\Users\USER\Desktop\Articulo\Datasets\MESSIDOR2\fixed_feather\r224\20051116_55656_0400_PP.png,direct_exact
APTOS,MESSIDOR2,20051116_58804_0400_PP.png,2,0,0.98009425,0.0074613346,0.0042264643,0.007819236,0.0003987601,0.98009425,external_test,Dark,108.0,fixed_feather,42,C:\Users\USER\Desktop\Articulo\Datasets\MESSIDOR2\fixed_feather\r224\20051116_58804_0400_PP.png,direct_exact
APTOS,MESSIDOR2,20051116_58816_0400_PP.png,2,0,0.94169843,0.016914552,0.0035261696,0.01872181,0.019139098,0.94169843,external_test,VeryDark,77.0,fixed_feather,42,C:\Users\USER\Desktop\Articulo\Datasets\MESSIDOR2\fixed_feather\r224\20051116_58816_0400_PP.png,direct_exact
APTOS,MESSIDOR2,20051116_58828_0400_PP.png,2,0,0.9155797,0.04550842,0.01289922,0.022644628,0.0033680028,0.9155797,external_test,VeryDark,82.0,fixed_feather,42,C:\Users\USER\Desktop\Articulo\Datasets\MESSIDOR2\fixed_feather\r224\20051116_58828_0400_PP.png,direct_exact
APTOS,MESSIDOR2,20051116_58835_0400_PP.png,2,0,0.6722302,0.19422834,0.10293042,0.025352841,0.005258316,0.6722302,external_test,VeryDark,71.0,fixed_feather,42,C:\Users\USER\Desktop\Articulo\Datasets\MESSIDOR2\fixed_feather\r224\20051116_58835_0400_PP.png,direct_exact
APTOS,MESSIDOR2,20051116_58864_0400_PP.png,2,0,0.84633213,0.0719962,0.027097613,0.051321562,0.0032525242,0.84633213,external_test,VeryDark,80.0,fixed_feather,42,C:\Users\USER\Desktop\Articulo\Datasets\MESSIDOR2\fixed_feather\r224\20051116_58864_0400_PP.png,direct_exact
APTOS,MESSIDOR2,20051116_58872_0400_PP.png,2,0,0.78898704,0.10795432,0.055180207,0.046083283,0.0017951326,0.78898704,external_test,VeryDark,78.0,fixed_feather,42,C:\Users\USER\Desktop\Articulo\Datasets\MESSIDOR2\fixed_feather\r224\20051116_58872_0400_PP.png,direct_exact
APTOS,MESSIDOR2,20051116_59150_0400_PP.png,2,0,0.89981574,0.042994525,0.00643341,0.04386484,0.0068914783,0.89981574,external_test,VeryDark,84.0,fixed_feather,42,C:\Users\USER\Desktop\Articulo\Datasets\MESSIDOR2\fixed_feather\r224\20051116_59150_0400_PP.png,direct_exact
APTOS,MESSIDOR2,20051116_59168_0400_PP.png,2,0,0.7356544,0.0794514,0.040515274,0.1120107,0.03236819,0.7356544,external_test,VeryDark,83.0,fixed_feather,42,C:\Users\USER\Desktop\Articulo\Datasets\MESSIDOR2\fixed_feather\r224\20051116_59168_0400_PP.png,direct_exact
APTOS,MESSIDOR2,20051117_37042_0400_PP.png,0,0,0.7998721,0.05955332,0.029074531,0.079078875,0.032421175,0.7998721,external_test,Dark,85.0,fixed_feather,42,C:\Users\USER\Desktop\Articulo\Datasets\MESSIDOR2\fixed_feather\r224\20051117_37042_0400_PP.png,direct_exact
APTOS,MESSIDOR2,20051117_37051_0400_PP.png,0,0,0.8472092,0.03601323,0.008927275,0.10216645,0.005683799,0.8472092,external_test,VeryDark,84.0,fixed_feather,42,C:\Users\USER\Desktop\Articulo\Datasets\MESSIDOR2\fixed_feather\r224\20051117_37051_0400_PP.png,direct_exact
APTOS,MESSIDOR2,20051117_37078_0400_PP.png,0,0,0.86343527,0.042813312,0.015149078,0.07070745,0.007894849,0.86343527,external_test,Dark,97.0,fixed_feather,42,C:\Users\USER\Desktop\Articulo\Datasets\MESSIDOR2\fixed_feather\r224\20051117_37078_0400_PP.png,direct_exact
APTOS,MESSIDOR2,20051117_37100_0400_PP.png,0,0,0.78338534,0.06001524,0.076475106,0.06561906,0.014505192,0.78338534,external_test,Dark,88.0,fixed_feather,42,C:\Users\USER\Desktop\Articulo\Datasets\MESSIDOR2\fixed_feather\r224\20051117_37100_0400_PP.png,direct_exact
APTOS,MESSIDOR2,20051117_37130_0400_PP.png,0,0,0.93329877,0.034326266,0.013835775,0.017430572,0.0011085722,0.93329877,external_test,Normal,111.0,fixed_feather,42,C:\Users\USER\Desktop\Articulo\Datasets\MESSIDOR2\fixed_feather\r224\20051117_37130_0400_PP.png,direct_exact
APTOS,MESSIDOR2,20051117_37155_0400_PP.png,0,0,0.9158639,0.044577137,0.014595397,0.018114775,0.006848845,0.9158639,external_test,Dark,95.0,fixed_feather,42,C:\Users\USER\Desktop\Articulo\Datasets\MESSIDOR2\fixed_feather\r224\20051117_37155_0400_PP.png,direct_exact
APTOS,MESSIDOR2,20051117_37185_0400_PP.png,0,0,0.86594397,0.05004318,0.00333492,0.07985741,0.0008205366,0.86594397,external_test,Dark,96.0,fixed_feather,42,C:\Users\USER\Desktop\Articulo\Datasets\MESSIDOR2\fixed_feather\r224\20051117_37185_0400_PP.png,direct_exact
APTOS,MESSIDOR2,20051117_37213_0400_PP.png,1,0,0.76911694,0.09302802,0.0044511156,0.12895846,0.004445464,0.76911694,external_test,Dark,97.0,fixed_feather,42,C:\Users\USER\Desktop\Articulo\Datasets\MESSIDOR2\fixed_feather\r224\20051117_37213_0400_PP.png,direct_exact
APTOS,MESSIDOR2,20051117_37321_0400_PP.png,0,0,0.9162205,0.038911324,0.0062453137,0.036787935,0.001834973,0.9162205,external_test,Dark,97.0,fixed_feather,42,C:\Users\USER\Desktop\Articulo\Datasets\MESSIDOR2\fixed_feather\r224\20051117_37321_0400_PP.png,direct_exact
APTOS,MESSIDOR2,20051130_53586_0400_PP.png,0,0,0.97095245,0.015888857,0.0016342368,0.011452884,7.1488335e-05,0.97095245,external_test,ExtremelyDark,65.0,fixed_feather,42,C:\Users\USER\Desktop\Articulo\Datasets\MESSIDOR2\fixed_feather\r224\20051130_53586_0400_PP.png,direct_exact
APTOS,MESSIDOR2,20051130_53623_0400_PP.png,0,0,0.87910986,0.05883286,0.0063705957,0.054589886,0.0010968274,0.87910986,external_test,VeryDark,84.0,fixed_feather,42,C:\Users\USER\Desktop\Articulo\Datasets\MESSIDOR2\fixed_feather\r224\20051130_53623_0400_PP.png,direct_exact
APTOS,MESSIDOR2,20051130_53663_0400_PP.png,0,0,0.9092695,0.051289305,0.012389725,0.02145818,0.005593236,0.9092695,external_test,Dark,85.0,fixed_feather,42,C:\Users\USER\Desktop\Articulo\Datasets\MESSIDOR2\fixed_feather\r224\20051130_53663_0400_PP.png,direct_exact
APTOS,MESSIDOR2,20051130_53991_0400_PP.png,0,0,0.9414043,0.024676848,0.004682439,0.02854782,0.00068855955,0.9414043,external_test,Dark,102.0,fixed_feather,42,C:\Users\USER\Desktop\Articulo\Datasets\MESSIDOR2\fixed_feather\r224\20051130_53991_0400_PP.png,direct_exact
APTOS,MESSIDOR2,20051130_54030_0400_PP.png,0,0,0.9357682,0.0380033,0.0015604096,0.023828909,0.00083923555,0.9357682,external_test,Dark,106.0,fixed_feather,42,C:\Users\USER\Desktop\Articulo\Datasets\MESSIDOR2\fixed_feather\r224\20051130_54030_0400_PP.png,direct_exact
APTOS,MESSIDOR2,20051130_54077_0400_PP.png,0,0,0.98790514,0.0053777895,0.0022874412,0.004178026,0.00025164202,0.98790514,external_test,Normal,127.0,fixed_feather,42,C:\Users\USER\Desktop\Articulo\Datasets\MESSIDOR2\fixed_feather\r224\20051130_54077_0400_PP.png,direct_exact
APTOS,MESSIDOR2,20051130_54121_0400_PP.png,0,0,0.9421404,0.007325241,0.005471241,0.043445952,0.0016172209,0.9421404,external_test,Normal,127.0,fixed_feather,42,C:\Users\USER\Desktop\Articulo\Datasets\MESSIDOR2\fixed_feather\r224\20051130_54121_0400_PP.png,direct_exact
APTOS,MESSIDOR2,20051130_54257_0400_PP.png,0,0,0.93825895,0.034986615,0.006496911,0.017721213,0.002536414,0.93825895,external_test,Normal,116.0,fixed_feather,42,C:\Users\USER\Desktop\Articulo\Datasets\MESSIDOR2\fixed_feather\r224\20051130_54257_0400_PP.png,direct_exact
APTOS,MESSIDOR2,20051130_54301_0400_PP.png,0,0,0.91677564,0.058484897,0.006605957,0.0149787655,0.0031547071,0.91677564,external_test,Dark,107.0,fixed_feather,42,C:\Users\USER\Desktop\Articulo\Datasets\MESSIDOR2\fixed_feather\r224\20051130_54301_0400_PP.png,direct_exact
APTOS,MESSIDOR2,20051130_54323_0400_PP.png,0,0,0.89939994,0.05128604,0.026538385,0.016282657,0.0064929076,0.89939994,external_test,Dark,86.0,fixed_feather,42,C:\Users\USER\Desktop\Articulo\Datasets\MESSIDOR2\fixed_feather\r224\20051130_54323_0400_PP.png,direct_exact
APTOS,MESSIDOR2,20051130_54333_0400_PP.png,1,0,0.97244173,0.0206718,0.0048646806,0.0015147552,0.00050710735,0.97244173,external_test,Dark,85.0,fixed_feather,42,C:\Users\USER\Desktop\Articulo\Datasets\MESSIDOR2\fixed_feather\r224\20051130_54333_0400_PP.png,direct_exact
APTOS,MESSIDOR2,20051130_54476_0400_PP.png,0,0,0.96491045,0.022448225,0.0025290297,0.008607635,0.0015046375,0.96491045,external_test,Dark,97.0,fixed_feather,42,C:\Users\USER\Desktop\Articulo\Datasets\MESSIDOR2\fixed_feather\r224\20051130_54476_0400_PP.png,direct_exact
APTOS,MESSIDOR2,20051130_54498_0400_PP.png,0,0,0.91780394,0.029180123,0.0085429745,0.03898928,0.005483615,0.91780394,external_test,Dark,97.0,fixed_feather,42,C:\Users\USER\Desktop\Articulo\Datasets\MESSIDOR2\fixed_feather\r224\20051130_54498_0400_PP.png,direct_exact
APTOS,MESSIDOR2,20051130_54595_0400_PP.png,0,0,0.93177116,0.032049585,0.007945408,0.0167649,0.011469045,0.93177116,external_test,VeryDark,71.0,fixed_feather,42,C:\Users\USER\Desktop\Articulo\Datasets\MESSIDOR2\fixed_feather\r224\20051130_54595_0400_PP.png,direct_exact
APTOS,MESSIDOR2,20051130_54616_0400_PP.png,1,0,0.97881156,0.011323355,0.004330692,0.0026456201,0.002888889,0.97881156,external_test,Dark,94.0,fixed_feather,42,C:\Users\USER\Desktop\Articulo\Datasets\MESSIDOR2\fixed_feather\r224\20051130_54616_0400_PP.png,direct_exact
APTOS,MESSIDOR2,20051130_54802_0400_PP.png,0,0,0.9518265,0.014600421,0.000783379,0.03266587,0.00012378053,0.9518265,external_test,VeryDark,83.0,fixed_feather,42,C:\Users\USER\Desktop\Articulo\Datasets\MESSIDOR2\fixed_feather\r224\20051130_54802_0400_PP.png,direct_exact
APTOS,MESSIDOR2,20051130_54846_0400_PP.png,0,0,0.9704084,0.008180215,0.0012542456,0.020131418,2.5780317e-05,0.9704084,external_test,Dark,86.0,fixed_feather,42,C:\Users\USER\Desktop\Articulo\Datasets\MESSIDOR2\fixed_feather\r224\20051130_54846_0400_PP.png,direct_exact
APTOS,MESSIDOR2,20051130_54943_0400_PP.png,0,0,0.96826035,0.014716103,0.0020204424,0.013972866,0.0010303367,0.96826035,external_test,VeryDark,81.0,fixed_feather,42,C:\Users\USER\Desktop\Articulo\Datasets\MESSIDOR2\fixed_feather\r224\20051130_54943_0400_PP.png,direct_exact
APTOS,MESSIDOR2,20051130_54956_0400_PP.png,0,0,0.94418204,0.025602845,0.0034911518,0.025480688,0.0012432538,0.94418204,external_test,VeryDark,82.0,fixed_feather,42,C:\Users\USER\Desktop\Articulo\Datasets\MESSIDOR2\fixed_feather\r224\20051130_54956_0400_PP.png,direct_exact
APTOS,MESSIDOR2,20051130_55004_0400_PP.png,0,0,0.9627779,0.022036368,0.004871807,0.006406966,0.0039070025,0.9627779,external_test,Dark,92.0,fixed_feather,42,C:\Users\USER\Desktop\Articulo\Datasets\MESSIDOR2\fixed_feather\r224\20051130_55004_0400_PP.png,direct_exact
APTOS,MESSIDOR2,20051130_55012_0400_PP.png,0,0,0.9250619,0.053002372,0.008550125,0.011221899,0.0021637448,0.9250619,external_test,Dark,92.0,fixed_feather,42,C:\Users\USER\Desktop\Articulo\Datasets\MESSIDOR2\fixed_feather\r224\20051130_55012_0400_PP.png,direct_exact
APTOS,MESSIDOR2,20051130_55037_0400_PP.png,0,0,0.8870661,0.058159653,0.020557728,0.02178436,0.012432242,0.8870661,external_test,Dark,86.0,fixed_feather,42,C:\Users\USER\Desktop\Articulo\Datasets\MESSIDOR2\fixed_feather\r224\20051130_55037_0400_PP.png,direct_exact
APTOS,MESSIDOR2,20051130_55048_0400_PP.png,0,0,0.93985236,0.029259752,0.003405028,0.027026875,0.00045598025,0.93985236,external_test,Dark,85.0,fixed_feather,42,C:\Users\USER\Desktop\Articulo\Datasets\MESSIDOR2\fixed_feather\r224\20051130_55048_0400_PP.png,direct_exact
APTOS,MESSIDOR2,20051130_55074_0400_PP.png,0,0,0.83603257,0.06892482,0.02336884,0.066973336,0.0047004297,0.83603257,external_test,Dark,95.0,fixed_feather,42,C:\Users\USER\Desktop\Articulo\Datasets\MESSIDOR2\fixed_feather\r224\20051130_55074_0400_PP.png,direct_exact
APTOS,MESSIDOR2,20051130_55086_0400_PP.png,0,0,0.8620754,0.03386162,0.021398414,0.07758322,0.0050813556,0.8620754,external_test,Dark,101.0,fixed_feather,42,C:\Users\USER\Desktop\Articulo\Datasets\MESSIDOR2\fixed_feather\r224\20051130_55086_0400_PP.png,direct_exact
APTOS,MESSIDOR2,20051130_55107_0400_PP.png,0,0,0.97962266,0.0092376685,0.001503945,0.005089083,0.0045466707,0.97962266,external_test,Normal,109.0,fixed_feather,42,C:\Users\USER\Desktop\Articulo\Datasets\MESSIDOR2\fixed_feather\r224\20051130_55107_0400_PP.png,direct_exact
APTOS,MESSIDOR2,20051130_55124_0400_PP.png,1,0,0.9232809,0.036653444,0.004678158,0.033767387,0.0016201247,0.9232809,external_test,Dark,86.0,fixed_feather,42,C:\Users\USER\Desktop\Articulo\Datasets\MESSIDOR2\fixed_feather\r224\20051130_55124_0400_PP.png,direct_exact
APTOS,MESSIDOR2,20051130_55160_0400_PP.png,0,0,0.9729171,0.012568559,0.0032168247,0.010668944,0.0006285034,0.9729171,external_test,Normal,124.0,fixed_feather,42,C:\Users\USER\Desktop\Articulo\Datasets\MESSIDOR2\fixed_feather\r224\20051130_55160_0400_PP.png,direct_exact
APTOS,MESSIDOR2,20051130_55269_0400_PP.png,0,0,0.97434753,0.0057623554,0.0021794774,0.017627731,8.290886e-05,0.97434753,external_test,Normal,119.0,fixed_feather,42,C:\Users\USER\Desktop\Articulo\Datasets\MESSIDOR2\fixed_feather\r224\20051130_55269_0400_PP.png,direct_exact
APTOS,MESSIDOR2,20051130_55311_0400_PP.png,0,0,0.9785029,0.010033652,0.0017822097,0.009124086,0.00055695086,0.9785029,external_test,Dark,87.0,fixed_feather,42,C:\Users\USER\Desktop\Articulo\Datasets\MESSIDOR2\fixed_feather\r224\20051130_55311_0400_PP.png,direct_exact
APTOS,MESSIDOR2,20051130_55323_0400_PP.png,0,0,0.9303686,0.038234938,0.005682084,0.011050692,0.014663662,0.9303686,external_test,VeryDark,83.0,fixed_feather,42,C:\Users\USER\Desktop\Articulo\Datasets\MESSIDOR2\fixed_feather\r224\20051130_55323_0400_PP.png,direct_exact
APTOS,MESSIDOR2,20051130_55381_0400_PP.png,0,0,0.9662557,0.022556592,0.003814182,0.006729761,0.0006437467,0.9662557,external_test,VeryDark,73.0,fixed_feather,42,C:\Users\USER\Desktop\Articulo\Datasets\MESSIDOR2\fixed_feather\r224\20051130_55381_0400_PP.png,direct_exact
APTOS,MESSIDOR2,20051130_55393_0400_PP.png,0,0,0.9906729,0.0034612867,0.00057731045,0.0052488544,3.968139e-05,0.9906729,external_test,VeryDark,71.0,fixed_feather,42,C:\Users\USER\Desktop\Articulo\Datasets\MESSIDOR2\fixed_feather\r224\20051130_55393_0400_PP.png,direct_exact
APTOS,MESSIDOR2,20051130_58716_0400_PP.png,0,0,0.67513496,0.14158522,0.025929205,0.15213044,0.0052201264,0.67513496,external_test,VeryDark,72.0,fixed_feather,42,C:\Users\USER\Desktop\Articulo\Datasets\MESSIDOR2\fixed_feather\r224\20051130_58716_0400_PP.png,direct_exact
APTOS,MESSIDOR2,20051130_58824_0400_PP.png,0,0,0.6507696,0.08572572,0.060827393,0.10303246,0.099644825,0.6507696,external_test,ExtremelyDark,67.0,fixed_feather,42,C:\Users\USER\Desktop\Articulo\Datasets\MESSIDOR2\fixed_feather\r224\20051130_58824_0400_PP.png,direct_exact
APTOS,MESSIDOR2,20051130_58874_0400_PP.png,0,0,0.90554416,0.05817908,0.020371048,0.010437326,0.0054684943,0.90554416,external_test,VeryDark,74.0,fixed_feather,42,C:\Users\USER\Desktop\Articulo\Datasets\MESSIDOR2\fixed_feather\r224\20051130_58874_0400_PP.png,direct_exact
APTOS,MESSIDOR2,20051130_58888_0400_PP.png,0,0,0.8416332,0.06391309,0.011154806,0.0655801,0.017718637,0.8416332,external_test,ExtremelyDark,62.0,fixed_feather,42,C:\Users\USER\Desktop\Articulo\Datasets\MESSIDOR2\fixed_feather\r224\20051130_58888_0400_PP.png,direct_exact
APTOS,MESSIDOR2,20051130_58921_0400_PP.png,1,0,0.9828707,0.0044834437,0.0014690526,0.010838972,0.0003378557,0.9828707,external_test,VeryDark,82.0,fixed_feather,42,C:\Users\USER\Desktop\Articulo\Datasets\MESSIDOR2\fixed_feather\r224\20051130_58921_0400_PP.png,direct_exact
APTOS,MESSIDOR2,20051130_58962_0400_PP.png,0,0,0.9787707,0.007648462,0.0027277593,0.010393707,0.0004594025,0.9787707,external_test,Dark,85.0,fixed_feather,42,C:\Users\USER\Desktop\Articulo\Datasets\MESSIDOR2\fixed_feather\r224\20051130_58962_0400_PP.png,direct_exact
APTOS,MESSIDOR2,20051130_58998_0400_PP.png,0,0,0.9346677,0.031547505,0.01002817,0.021397315,0.002359384,0.9346677,external_test,ExtremelyDark,62.0,fixed_feather,42,C:\Users\USER\Desktop\Articulo\Datasets\MESSIDOR2\fixed_feather\r224\20051130_58998_0400_PP.png,direct_exact
APTOS,MESSIDOR2,20051130_59029_0400_PP.png,0,0,0.9191721,0.035011858,0.020593837,0.022048408,0.0031736516,0.9191721,external_test,ExtremelyDark,59.0,fixed_feather,42,C:\Users\USER\Desktop\Articulo\Datasets\MESSIDOR2\fixed_feather\r224\20051130_59029_0400_PP.png,direct_exact
APTOS,MESSIDOR2,20051130_59186_0400_PP.png,0,0,0.9926173,0.002123366,0.00037502713,0.004839536,4.472967e-05,0.9926173,external_test,Dark,95.0,fixed_feather,42,C:\Users\USER\Desktop\Articulo\Datasets\MESSIDOR2\fixed_feather\r224\20051130_59186_0400_PP.png,direct_exact
APTOS,MESSIDOR2,20051130_59284_0400_PP.png,0,0,0.99420726,0.001739129,0.00026236396,0.0037770667,1.4093744e-05,0.99420726,external_test,Dark,95.0,fixed_feather,42,C:\Users\USER\Desktop\Articulo\Datasets\MESSIDOR2\fixed_feather\r224\20051130_59284_0400_PP.png,direct_exact
APTOS,MESSIDOR2,20051130_59374_0400_PP.png,0,0,0.9380042,0.021315377,0.0049914084,0.033435468,0.0022535513,0.9380042,external_test,Dark,94.0,fixed_feather,42,C:\Users\USER\Desktop\Articulo\Datasets\MESSIDOR2\fixed_feather\r224\20051130_59374_0400_PP.png,direct_exact
APTOS,MESSIDOR2,20051130_59404_0400_PP.png,0,0,0.97310466,0.006531789,0.0027887318,0.01702129,0.00055355876,0.97310466,external_test,Dark,86.0,fixed_feather,42,C:\Users\USER\Desktop\Articulo\Datasets\MESSIDOR2\fixed_feather\r224\20051130_59404_0400_PP.png,direct_exact
APTOS,MESSIDOR2,20051130_59457_0400_PP.png,0,0,0.9487018,0.022938745,0.0026578782,0.023354737,0.0023469178,0.9487018,external_test,VeryDark,75.0,fixed_feather,42,C:\Users\USER\Desktop\Articulo\Datasets\MESSIDOR2\fixed_feather\r224\20051130_59457_0400_PP.png,direct_exact
APTOS,MESSIDOR2,20051130_59464_0400_PP.png,0,0,0.9431097,0.023994885,0.0018275004,0.029259639,0.0018081681,0.9431097,external_test,Dark,90.0,fixed_feather,42,C:\Users\USER\Desktop\Articulo\Datasets\MESSIDOR2\fixed_feather\r224\20051130_59464_0400_PP.png,direct_exact
APTOS,MESSIDOR2,20051130_59749_0400_PP.png,0,0,0.9125388,0.05265082,0.009955111,0.021005778,0.0038495013,0.9125388,external_test,Dark,102.0,fixed_feather,42,C:\Users\USER\Desktop\Articulo\Datasets\MESSIDOR2\fixed_feather\r224\20051130_59749_0400_PP.png,direct_exact
APTOS,MESSIDOR2,20051130_59775_0400_PP.png,0,0,0.9699497,0.019394128,0.00283882,0.004993099,0.0028242099,0.9699497,external_test,Dark,108.0,fixed_feather,42,C:\Users\USER\Desktop\Articulo\Datasets\MESSIDOR2\fixed_feather\r224\20051130_59775_0400_PP.png,direct_exact
APTOS,MESSIDOR2,20051130_59793_0400_PP.png,0,0,0.9014227,0.06931756,0.0070746792,0.013245159,0.008939873,0.9014227,external_test,Dark,100.0,fixed_feather,42,C:\Users\USER\Desktop\Articulo\Datasets\MESSIDOR2\fixed_feather\r224\20051130_59793_0400_PP.png,direct_exact
APTOS,MESSIDOR2,20051130_59802_0400_PP.png,0,0,0.95775265,0.023681415,0.0052863024,0.012213995,0.0010656024,0.95775265,external_test,Dark,98.0,fixed_feather,42,C:\Users\USER\Desktop\Articulo\Datasets\MESSIDOR2\fixed_feather\r224\20051130_59802_0400_PP.png,direct_exact
APTOS,MESSIDOR2,20051130_59850_0400_PP.png,0,0,0.96804965,0.0076968544,0.0014028111,0.021837123,0.001013602,0.96804965,external_test,Dark,89.0,fixed_feather,42,C:\Users\USER\Desktop\Articulo\Datasets\MESSIDOR2\fixed_feather\r224\20051130_59850_0400_PP.png,direct_exact
APTOS,MESSIDOR2,20051130_59869_0400_PP.png,0,0,0.9442711,0.01032759,0.0094174035,0.03467469,0.0013092343,0.9442711,external_test,Dark,91.0,fixed_feather,42,C:\Users\USER\Desktop\Articulo\Datasets\MESSIDOR2\fixed_feather\r224\20051130_59869_0400_PP.png,direct_exact
APTOS,MESSIDOR2,20051130_59916_0400_PP.png,1,0,0.901152,0.035942454,0.003201316,0.057345763,0.002358428,0.901152,external_test,Dark,94.0,fixed_feather,42,C:\Users\USER\Desktop\Articulo\Datasets\MESSIDOR2\fixed_feather\r224\20051130_59916_0400_PP.png,direct_exact
APTOS,MESSIDOR2,20051130_59930_0400_PP.png,1,0,0.9590363,0.024132913,0.0018682607,0.013863881,0.0010985667,0.9590363,external_test,Dark,92.0,fixed_feather,42,C:\Users\USER\Desktop\Articulo\Datasets\MESSIDOR2\fixed_feather\r224\20051130_59930_0400_PP.png,direct_exact
APTOS,MESSIDOR2,20051130_59964_0400_PP.png,0,0,0.9274748,0.040647477,0.00739374,0.023597514,0.00088650617,0.9274748,external_test,Normal,112.0,fixed_feather,42,C:\Users\USER\Desktop\Articulo\Datasets\MESSIDOR2\fixed_feather\r224\20051130_59964_0400_PP.png,direct_exact
APTOS,MESSIDOR2,20051130_59993_0400_PP.png,0,0,0.924234,0.0157941,0.005352614,0.054440312,0.00017897766,0.924234,external_test,Dark,102.0,fixed_feather,42,C:\Users\USER\Desktop\Articulo\Datasets\MESSIDOR2\fixed_feather\r224\20051130_59993_0400_PP.png,direct_exact
APTOS,MESSIDOR2,20051130_60040_0400_PP.png,0,0,0.9645067,0.009969925,0.0014700511,0.023765437,0.0002880737,0.9645067,external_test,Dark,93.0,fixed_feather,42,C:\Users\USER\Desktop\Articulo\Datasets\MESSIDOR2\fixed_feather\r224\20051130_60040_0400_PP.png,direct_exact
APTOS,MESSIDOR2,20051130_60066_0400_PP.png,0,0,0.9632281,0.011135359,0.0015804812,0.02359802,0.0004579999,0.9632281,external_test,Dark,92.0,fixed_feather,42,C:\Users\USER\Desktop\Articulo\Datasets\MESSIDOR2\fixed_feather\r224\20051130_60066_0400_PP.png,direct_exact
APTOS,MESSIDOR2,20051130_60186_0400_PP.png,0,0,0.878015,0.05476024,0.019008942,0.04148248,0.006733268,0.878015,external_test,Dark,95.0,fixed_feather,42,C:\Users\USER\Desktop\Articulo\Datasets\MESSIDOR2\fixed_feather\r224\20051130_60186_0400_PP.png,direct_exact
APTOS,MESSIDOR2,20051130_60234_0400_PP.png,0,0,0.9314651,0.03618826,0.0077493535,0.023232913,0.0013644769,0.9314651,external_test,Dark,90.0,fixed_feather,42,C:\Users\USER\Desktop\Articulo\Datasets\MESSIDOR2\fixed_feather\r224\20051130_60234_0400_PP.png,direct_exact
APTOS,MESSIDOR2,20051130_60448_0400_PP.png,0,0,0.9695237,0.010991378,0.008187693,0.010507132,0.0007900839,0.9695237,external_test,VeryDark,78.0,fixed_feather,42,C:\Users\USER\Desktop\Articulo\Datasets\MESSIDOR2\fixed_feather\r224\20051130_60448_0400_PP.png,direct_exact
APTOS,MESSIDOR2,20051130_60490_0400_PP.png,0,0,0.9616876,0.018702803,0.008534404,0.010152953,0.00092219707,0.9616876,external_test,VeryDark,82.0,fixed_feather,42,C:\Users\USER\Desktop\Articulo\Datasets\MESSIDOR2\fixed_feather\r224\20051130_60490_0400_PP.png,direct_exact
APTOS,MESSIDOR2,20051130_60532_0400_PP.png,0,0,0.9529925,0.022190213,0.0072085736,0.010967846,0.0066407667,0.9529925,external_test,Dark,91.0,fixed_feather,42,C:\Users\USER\Desktop\Articulo\Datasets\MESSIDOR2\fixed_feather\r224\20051130_60532_0400_PP.png,direct_exact
APTOS,MESSIDOR2,20051130_60562_0400_PP.png,0,0,0.9252637,0.028511725,0.016005505,0.0110659,0.019153308,0.9252637,external_test,Dark,86.0,fixed_feather,42,C:\Users\USER\Desktop\Articulo\Datasets\MESSIDOR2\fixed_feather\r224\20051130_60562_0400_PP.png,direct_exact
APTOS,MESSIDOR2,20051130_60601_0400_PP.png,0,0,0.9397374,0.03192972,0.002261992,0.023883678,0.0021872104,0.9397374,external_test,Dark,85.0,fixed_feather,42,C:\Users\USER\Desktop\Articulo\Datasets\MESSIDOR2\fixed_feather\r224\20051130_60601_0400_PP.png,direct_exact
APTOS,MESSIDOR2,20051130_60630_0400_PP.png,0,0,0.98063457,0.0091677345,0.0044619017,0.0051378896,0.000597991,0.98063457,external_test,Dark,98.0,fixed_feather,42,C:\Users\USER\Desktop\Articulo\Datasets\MESSIDOR2\fixed_feather\r224\20051130_60630_0400_PP.png,direct_exact
APTOS,MESSIDOR2,20051130_60691_0400_PP.png,0,0,0.9379958,0.03059906,0.018699015,0.010641486,0.0020645955,0.9379958,external_test,Dark,85.0,fixed_feather,42,C:\Users\USER\Desktop\Articulo\Datasets\MESSIDOR2\fixed_feather\r224\20051130_60691_0400_PP.png,direct_exact
APTOS,MESSIDOR2,20051130_60715_0400_PP.png,0,0,0.9068497,0.037873525,0.038620934,0.015076825,0.0015790892,0.9068497,external_test,Dark,87.0,fixed_feather,42,C:\Users\USER\Desktop\Articulo\Datasets\MESSIDOR2\fixed_feather\r224\20051130_60715_0400_PP.png,direct_exact
APTOS,MESSIDOR2,20051130_60740_0400_PP.png,0,0,0.8207066,0.087005526,0.017995358,0.069389775,0.004902769,0.8207066,external_test,Dark,106.0,fixed_feather,42,C:\Users\USER\Desktop\Articulo\Datasets\MESSIDOR2\fixed_feather\r224\20051130_60740_0400_PP.png,direct_exact
APTOS,MESSIDOR2,20051130_60760_0400_PP.png,1,0,0.9070911,0.057749167,0.015055985,0.01806088,0.002042841,0.9070911,external_test,Dark,100.0,fixed_feather,42,C:\Users\USER\Desktop\Articulo\Datasets\MESSIDOR2\fixed_feather\r224\20051130_60760_0400_PP.png,direct_exact
APTOS,MESSIDOR2,20051130_60794_0400_PP.png,0,0,0.9580481,0.016688177,0.0058488166,0.017457828,0.0019569153,0.9580481,external_test,Dark,92.0,fixed_feather,42,C:\Users\USER\Desktop\Articulo\Datasets\MESSIDOR2\fixed_feather\r224\20051130_60794_0400_PP.png,direct_exact
APTOS,MESSIDOR2,20051130_60822_0400_PP.png,0,0,0.9782682,0.008804846,0.00109267,0.011468953,0.0003652738,0.9782682,external_test,Dark,92.0,fixed_feather,42,C:\Users\USER\Desktop\Articulo\Datasets\MESSIDOR2\fixed_feather\r224\20051130_60822_0400_PP.png,direct_exact
APTOS,MESSIDOR2,20051201_37312_0400_PP.png,0,0,0.9603031,0.01908383,0.0015232002,0.018767426,0.00032243365,0.9603031,external_test,Dark,99.0,fixed_feather,42,C:\Users\USER\Desktop\Articulo\Datasets\MESSIDOR2\fixed_feather\r224\20051201_37312_0400_PP.png,direct_exact
APTOS,MESSIDOR2,20051201_37337_0400_PP.png,0,0,0.9632682,0.021642258,0.0026280095,0.011813632,0.0006478753,0.9632682,external_test,Dark,102.0,fixed_feather,42,C:\Users\USER\Desktop\Articulo\Datasets\MESSIDOR2\fixed_feather\r224\20051201_37337_0400_PP.png,direct_exact
APTOS,MESSIDOR2,20051201_37382_0400_PP.png,0,0,0.9169635,0.014532878,0.0011533288,0.06702786,0.00032249079,0.9169635,external_test,Normal,113.0,fixed_feather,42,C:\Users\USER\Desktop\Articulo\Datasets\MESSIDOR2\fixed_feather\r224\20051201_37382_0400_PP.png,direct_exact
APTOS,MESSIDOR2,20051201_37390_0400_PP.png,0,0,0.9500504,0.013824503,0.0012300278,0.03469393,0.00020109976,0.9500504,external_test,Normal,109.0,fixed_feather,42,C:\Users\USER\Desktop\Articulo\Datasets\MESSIDOR2\fixed_feather\r224\20051201_37390_0400_PP.png,direct_exact
APTOS,MESSIDOR2,20051201_37409_0400_PP.png,0,0,0.94082433,0.03187795,0.008200171,0.012779155,0.0063183443,0.94082433,external_test,Dark,94.0,fixed_feather,42,C:\Users\USER\Desktop\Articulo\Datasets\MESSIDOR2\fixed_feather\r224\20051201_37409_0400_PP.png,direct_exact
APTOS,MESSIDOR2,20051201_37462_0400_PP.png,0,0,0.89718425,0.0640167,0.0048242244,0.033394918,0.0005799397,0.89718425,external_test,Dark,99.0,fixed_feather,42,C:\Users\USER\Desktop\Articulo\Datasets\MESSIDOR2\fixed_feather\r224\20051201_37462_0400_PP.png,direct_exact
APTOS,MESSIDOR2,20051201_37534_0400_PP.png,0,0,0.9574973,0.022349857,0.010146815,0.00834258,0.0016634689,0.9574973,external_test,Dark,96.0,fixed_feather,42,C:\Users\USER\Desktop\Articulo\Datasets\MESSIDOR2\fixed_feather\r224\20051201_37534_0400_PP.png,direct_exact
APTOS,MESSIDOR2,20051201_37557_0400_PP.png,0,0,0.9520059,0.031214222,0.006320584,0.008563356,0.0018959321,0.9520059,external_test,Dark,98.0,fixed_feather,42,C:\Users\USER\Desktop\Articulo\Datasets\MESSIDOR2\fixed_feather\r224\20051201_37557_0400_PP.png,direct_exact
APTOS,MESSIDOR2,20051201_38041_0400_PP.png,0,0,0.95560527,0.023330273,0.0037693912,0.014620398,0.002674492,0.95560527,external_test,Dark,96.0,fixed_feather,42,C:\Users\USER\Desktop\Articulo\Datasets\MESSIDOR2\fixed_feather\r224\20051201_38041_0400_PP.png,direct_exact
APTOS,MESSIDOR2,20051201_38081_0400_PP.png,0,0,0.8924915,0.06925924,0.013888608,0.0184047,0.0059560314,0.8924915,external_test,Dark,93.0,fixed_feather,42,C:\Users\USER\Desktop\Articulo\Datasets\MESSIDOR2\fixed_feather\r224\20051201_38081_0400_PP.png,direct_exact
APTOS,MESSIDOR2,20051201_38103_0400_PP.png,0,0,0.89277697,0.035272527,0.011707323,0.047888454,0.012354765,0.89277697,external_test,Dark,106.0,fixed_feather,42,C:\Users\USER\Desktop\Articulo\Datasets\MESSIDOR2\fixed_feather\r224\20051201_38103_0400_PP.png,direct_exact
APTOS,MESSIDOR2,20051201_38137_0400_PP.png,0,0,0.93434125,0.02555861,0.0041346587,0.008687184,0.027278434,0.93434125,external_test,Dark,105.0,fixed_feather,42,C:\Users\USER\Desktop\Articulo\Datasets\MESSIDOR2\fixed_feather\r224\20051201_38137_0400_PP.png,direct_exact
APTOS,MESSIDOR2,20051201_38155_0400_PP.png,0,0,0.8452658,0.10945945,0.017090637,0.022287235,0.005896906,0.8452658,external_test,ExtremelyDark,65.0,fixed_feather,42,C:\Users\USER\Desktop\Articulo\Datasets\MESSIDOR2\fixed_feather\r224\20051201_38155_0400_PP.png,direct_exact
APTOS,MESSIDOR2,20051201_38164_0400_PP.png,0,0,0.78314173,0.13102026,0.011321377,0.06797945,0.006537066,0.78314173,external_test,ExtremelyDark,69.0,fixed_feather,42,C:\Users\USER\Desktop\Articulo\Datasets\MESSIDOR2\fixed_feather\r224\20051201_38164_0400_PP.png,direct_exact
APTOS,MESSIDOR2,20051201_38199_0400_PP.png,0,0,0.94736093,0.030620603,0.0032461872,0.01792314,0.00084916013,0.94736093,external_test,Dark,108.0,fixed_feather,42,C:\Users\USER\Desktop\Articulo\Datasets\MESSIDOR2\fixed_feather\r224\20051201_38199_0400_PP.png,direct_exact
APTOS,MESSIDOR2,20051201_38211_0400_PP.png,0,0,0.9526057,0.034655157,0.0040149386,0.0076680207,0.0010562419,0.9526057,external_test,Normal,117.0,fixed_feather,42,C:\Users\USER\Desktop\Articulo\Datasets\MESSIDOR2\fixed_feather\r224\20051201_38211_0400_PP.png,direct_exact
APTOS,MESSIDOR2,20051201_38246_0400_PP.png,0,0,0.9646761,0.017273081,0.0030369195,0.014810853,0.0002030679,0.9646761,external_test,Normal,120.0,fixed_feather,42,C:\Users\USER\Desktop\Articulo\Datasets\MESSIDOR2\fixed_feather\r224\20051201_38246_0400_PP.png,direct_exact
APTOS,MESSIDOR2,20051201_38262_0400_PP.png,0,0,0.9478759,0.026104419,0.0061665284,0.019135548,0.00071757013,0.9478759,external_test,Dark,97.0,fixed_feather,42,C:\Users\USER\Desktop\Articulo\Datasets\MESSIDOR2\fixed_feather\r224\20051201_38262_0400_PP.png,direct_exact
APTOS,MESSIDOR2,20051201_38280_0400_PP.png,0,0,0.89021695,0.035005827,0.008057679,0.05054098,0.016178563,0.89021695,external_test,VeryDark,77.0,fixed_feather,42,C:\Users\USER\Desktop\Articulo\Datasets\MESSIDOR2\fixed_feather\r224\20051201_38280_0400_PP.png,direct_exact
APTOS,MESSIDOR2,20051201_38291_0400_PP.png,0,0,0.9165073,0.038219854,0.016828636,0.02544631,0.0029979267,0.9165073,external_test,VeryDark,81.0,fixed_feather,42,C:\Users\USER\Desktop\Articulo\Datasets\MESSIDOR2\fixed_feather\r224\20051201_38291_0400_PP.png,direct_exact
APTOS,MESSIDOR2,20051201_38321_0400_PP.png,0,0,0.96864724,0.02176449,0.0034287577,0.0043397266,0.001819857,0.96864724,external_test,Dark,106.0,fixed_feather,42,C:\Users\USER\Desktop\Articulo\Datasets\MESSIDOR2\fixed_feather\r224\20051201_38321_0400_PP.png,direct_exact
APTOS,MESSIDOR2,20051201_38349_0400_PP.png,0,0,0.9810448,0.009050219,0.0017979038,0.0068950183,0.0012121185,0.9810448,external_test,Normal,109.0,fixed_feather,42,C:\Users\USER\Desktop\Articulo\Datasets\MESSIDOR2\fixed_feather\r224\20051201_38349_0400_PP.png,direct_exact
APTOS,MESSIDOR2,20051201_38466_0400_PP.png,0,0,0.7986868,0.049064737,0.01789875,0.13320027,0.0011493532,0.7986868,external_test,Dark,93.0,fixed_feather,42,C:\Users\USER\Desktop\Articulo\Datasets\MESSIDOR2\fixed_feather\r224\20051201_38466_0400_PP.png,direct_exact
APTOS,MESSIDOR2,20051201_38475_0400_PP.png,0,0,0.93042165,0.026953712,0.012529226,0.02912062,0.00097467273,0.93042165,external_test,Dark,93.0,fixed_feather,42,C:\Users\USER\Desktop\Articulo\Datasets\MESSIDOR2\fixed_feather\r224\20051201_38475_0400_PP.png,direct_exact
APTOS,MESSIDOR2,20051201_38537_0400_PP.png,1,0,0.8996654,0.053783294,0.010967355,0.030762164,0.004821791,0.8996654,external_test,Dark,85.0,fixed_feather,42,C:\Users\USER\Desktop\Articulo\Datasets\MESSIDOR2\fixed_feather\r224\20051201_38537_0400_PP.png,direct_exact
APTOS,MESSIDOR2,20051202_36970_0400_PP.png,1,0,0.8915743,0.031586416,0.0039010202,0.0697741,0.0031641142,0.8915743,external_test,Dark,86.0,fixed_feather,42,C:\Users\USER\Desktop\Articulo\Datasets\MESSIDOR2\fixed_feather\r224\20051202_36970_0400_PP.png,direct_exact
APTOS,MESSIDOR2,20051202_37162_0400_PP.png,0,0,0.89838386,0.055500116,0.013068004,0.027847437,0.0052005793,0.89838386,external_test,Dark,87.0,fixed_feather,42,C:\Users\USER\Desktop\Articulo\Datasets\MESSIDOR2\fixed_feather\r224\20051202_37162_0400_PP.png,direct_exact
APTOS,MESSIDOR2,20051202_37199_0400_PP.png,1,0,0.93697196,0.024100162,0.0123952,0.023779618,0.002753102,0.93697196,external_test,Normal,112.0,fixed_feather,42,C:\Users\USER\Desktop\Articulo\Datasets\MESSIDOR2\fixed_feather\r224\20051202_37199_0400_PP.png,direct_exact
APTOS,MESSIDOR2,20051202_39630_0400_PP.png,1,0,0.9212886,0.038700692,0.0033181827,0.03640517,0.0002874474,0.9212886,external_test,Dark,89.0,fixed_feather,42,C:\Users\USER\Desktop\Articulo\Datasets\MESSIDOR2\fixed_feather\r224\20051202_39630_0400_PP.png,direct_exact
APTOS,MESSIDOR2,20051202_39708_0400_PP.png,1,0,0.8897263,0.063369066,0.013150888,0.030383524,0.0033701411,0.8897263,external_test,Dark,91.0,fixed_feather,42,C:\Users\USER\Desktop\Articulo\Datasets\MESSIDOR2\fixed_feather\r224\20051202_39708_0400_PP.png,direct_exact
APTOS,MESSIDOR2,20051202_41260_0400_PP.png,1,0,0.9371198,0.02219792,0.005979439,0.031899046,0.0028037806,0.9371198,external_test,Dark,98.0,fixed_feather,42,C:\Users\USER\Desktop\Articulo\Datasets\MESSIDOR2\fixed_feather\r224\20051202_41260_0400_PP.png,direct_exact
APTOS,MESSIDOR2,20051202_48232_0400_PP.png,2,0,0.9382673,0.022849498,0.005314515,0.025343366,0.0082252715,0.9382673,external_test,Dark,93.0,fixed_feather,42,C:\Users\USER\Desktop\Articulo\Datasets\MESSIDOR2\fixed_feather\r224\20051202_48232_0400_PP.png,direct_exact
APTOS,MESSIDOR2,20051202_48393_0400_PP.png,1,0,0.9457977,0.025758583,0.0027447506,0.023421932,0.0022770052,0.9457977,external_test,Normal,118.0,fixed_feather,42,C:\Users\USER\Desktop\Articulo\Datasets\MESSIDOR2\fixed_feather\r224\20051202_48393_0400_PP.png,direct_exact
APTOS,MESSIDOR2,20051202_48421_0400_PP.png,1,0,0.95774,0.017144218,0.004906596,0.019520083,0.0006889867,0.95774,external_test,Normal,122.0,fixed_feather,42,C:\Users\USER\Desktop\Articulo\Datasets\MESSIDOR2\fixed_feather\r224\20051202_48421_0400_PP.png,direct_exact
APTOS,MESSIDOR2,20051202_51518_0400_PP.png,2,0,0.9067232,0.060422722,0.00624733,0.025888117,0.00071848265,0.9067232,external_test,Normal,110.0,fixed_feather,42,C:\Users\USER\Desktop\Articulo\Datasets\MESSIDOR2\fixed_feather\r224\20051202_51518_0400_PP.png,direct_exact
APTOS,MESSIDOR2,20051202_51574_0400_PP.png,1,0,0.9263501,0.040487394,0.010603305,0.021369245,0.0011899137,0.9263501,external_test,Dark,99.0,fixed_feather,42,C:\Users\USER\Desktop\Articulo\Datasets\MESSIDOR2\fixed_feather\r224\20051202_51574_0400_PP.png,direct_exact
APTOS,MESSIDOR2,20051202_51599_0400_PP.png,0,0,0.9536211,0.027330054,0.004539795,0.011128021,0.0033809524,0.9536211,external_test,Dark,85.0,fixed_feather,42,C:\Users\USER\Desktop\Articulo\Datasets\MESSIDOR2\fixed_feather\r224\20051202_51599_0400_PP.png,direct_exact
APTOS,MESSIDOR2,20051202_51616_0400_PP.png,0,0,0.9519407,0.023978166,0.0028379045,0.019018324,0.0022248547,0.9519407,external_test,Dark,94.0,fixed_feather,42,C:\Users\USER\Desktop\Articulo\Datasets\MESSIDOR2\fixed_feather\r224\20051202_51616_0400_PP.png,direct_exact
APTOS,MESSIDOR2,20051202_54197_0400_PP.png,2,0,0.93329203,0.023255138,0.009518725,0.03328909,0.000644968,0.93329203,external_test,Dark,90.0,fixed_feather,42,C:\Users\USER\Desktop\Articulo\Datasets\MESSIDOR2\fixed_feather\r224\20051202_54197_0400_PP.png,direct_exact
APTOS,MESSIDOR2,20051202_54208_0400_PP.png,2,0,0.9621244,0.019014176,0.0089242095,0.009345283,0.00059187174,0.9621244,external_test,VeryDark,82.0,fixed_feather,42,C:\Users\USER\Desktop\Articulo\Datasets\MESSIDOR2\fixed_feather\r224\20051202_54208_0400_PP.png,direct_exact
APTOS,MESSIDOR2,20051202_54547_0400_PP.png,1,0,0.8597994,0.078705825,0.011555888,0.047676798,0.0022621036,0.8597994,external_test,Dark,88.0,fixed_feather,42,C:\Users\USER\Desktop\Articulo\Datasets\MESSIDOR2\fixed_feather\r224\20051202_54547_0400_PP.png,direct_exact
APTOS,MESSIDOR2,20051202_54555_0400_PP.png,1,0,0.554072,0.12687865,0.056540277,0.24344936,0.019059723,0.554072,external_test,Dark,90.0,fixed_feather,42,C:\Users\USER\Desktop\Articulo\Datasets\MESSIDOR2\fixed_feather\r224\20051202_54555_0400_PP.png,direct_exact
APTOS,MESSIDOR2,20051202_54611_0400_PP.png,2,0,0.9290332,0.018793315,0.026314015,0.018614085,0.007245316,0.9290332,external_test,Bright,132.0,fixed_feather,42,C:\Users\USER\Desktop\Articulo\Datasets\MESSIDOR2\fixed_feather\r224\20051202_54611_0400_PP.png,direct_exact
APTOS,MESSIDOR2,20051202_54744_0400_PP.png,2,0,0.96968365,0.0034894492,0.011134511,0.010872677,0.0048197294,0.96968365,external_test,Normal,123.0,fixed_feather,42,C:\Users\USER\Desktop\Articulo\Datasets\MESSIDOR2\fixed_feather\r224\20051202_54744_0400_PP.png,direct_exact
APTOS,MESSIDOR2,20051202_55484_0400_PP.png,1,0,0.554072,0.12687865,0.056540277,0.24344936,0.019059723,0.554072,external_test,Dark,90.0,fixed_feather,42,C:\Users\USER\Desktop\Articulo\Datasets\MESSIDOR2\fixed_feather\r224\20051202_55484_0400_PP.png,direct_exact
APTOS,MESSIDOR2,20051202_55498_0400_PP.png,1,0,0.8597994,0.078705825,0.011555888,0.047676798,0.0022621036,0.8597994,external_test,Dark,88.0,fixed_feather,42,C:\Users\USER\Desktop\Articulo\Datasets\MESSIDOR2\fixed_feather\r224\20051202_55498_0400_PP.png,direct_exact
APTOS,MESSIDOR2,20051202_55562_0400_PP.png,2,0,0.9290332,0.018793315,0.026314015,0.018614085,0.007245316,0.9290332,external_test,Bright,132.0,fixed_feather,42,C:\Users\USER\Desktop\Articulo\Datasets\MESSIDOR2\fixed_feather\r224\20051202_55562_0400_PP.png,direct_exact
APTOS,MESSIDOR2,20051202_55582_0400_PP.png,2,0,0.96968365,0.0034894492,0.011134511,0.010872677,0.0048197294,0.96968365,external_test,Normal,123.0,fixed_feather,42,C:\Users\USER\Desktop\Articulo\Datasets\MESSIDOR2\fixed_feather\r224\20051202_55582_0400_PP.png,direct_exact
APTOS,MESSIDOR2,20051202_55607_0400_PP.png,2,0,0.8314751,0.09273276,0.01662869,0.023860704,0.03530272,0.8314751,external_test,Dark,98.0,fixed_feather,42,C:\Users\USER\Desktop\Articulo\Datasets\MESSIDOR2\fixed_feather\r224\20051202_55607_0400_PP.png,direct_exact
APTOS,MESSIDOR2,20051202_55626_0400_PP.png,2,0,0.5811691,0.18057987,0.09383352,0.09608275,0.048334695,0.5811691,external_test,Dark,95.0,fixed_feather,42,C:\Users\USER\Desktop\Articulo\Datasets\MESSIDOR2\fixed_feather\r224\20051202_55626_0400_PP.png,direct_exact
APTOS,MESSIDOR2,20051202_55650_0400_PP.png,2,0,0.87263453,0.07649722,0.007714288,0.042539023,0.0006149686,0.87263453,external_test,VeryDark,84.0,fixed_feather,42,C:\Users\USER\Desktop\Articulo\Datasets\MESSIDOR2\fixed_feather\r224\20051202_55650_0400_PP.png,direct_exact
APTOS,MESSIDOR2,20051202_55669_0400_PP.png,2,0,0.5896352,0.08724594,0.014359913,0.285736,0.023023006,0.5896352,external_test,VeryDark,76.0,fixed_feather,42,C:\Users\USER\Desktop\Articulo\Datasets\MESSIDOR2\fixed_feather\r224\20051202_55669_0400_PP.png,direct_exact
APTOS,MESSIDOR2,20051202_55735_0400_PP.png,2,0,0.9534582,0.028041188,0.010426896,0.0064808778,0.0015928984,0.9534582,external_test,Dark,93.0,fixed_feather,42,C:\Users\USER\Desktop\Articulo\Datasets\MESSIDOR2\fixed_feather\r224\20051202_55735_0400_PP.png,direct_exact
APTOS,MESSIDOR2,20051202_55742_0400_PP.png,2,0,0.98740965,0.008572871,0.0011867597,0.0025508103,0.00027987448,0.98740965,external_test,Dark,103.0,fixed_feather,42,C:\Users\USER\Desktop\Articulo\Datasets\MESSIDOR2\fixed_feather\r224\20051202_55742_0400_PP.png,direct_exact
APTOS,MESSIDOR2,20051202_55797_0400_PP.png,2,0,0.9874386,0.0066035655,0.0008752714,0.0048970943,0.00018554684,0.9874386,external_test,Dark,93.0,fixed_feather,42,C:\Users\USER\Desktop\Articulo\Datasets\MESSIDOR2\fixed_feather\r224\20051202_55797_0400_PP.png,direct_exact
APTOS,MESSIDOR2,20051202_55816_0400_PP.png,2,0,0.9803587,0.009963105,0.0052333004,0.0043025548,0.00014222595,0.9803587,external_test,Dark,105.0,fixed_feather,42,C:\Users\USER\Desktop\Articulo\Datasets\MESSIDOR2\fixed_feather\r224\20051202_55816_0400_PP.png,direct_exact
APTOS,MESSIDOR2,20051202_55834_0400_PP.png,2,0,0.9322193,0.030931361,0.007570628,0.023736542,0.005542148,0.9322193,external_test,Dark,87.0,fixed_feather,42,C:\Users\USER\Desktop\Articulo\Datasets\MESSIDOR2\fixed_feather\r224\20051202_55834_0400_PP.png,direct_exact
APTOS,MESSIDOR2,20051202_55846_0400_PP.png,2,0,0.84116995,0.05623128,0.018688295,0.07520431,0.008706055,0.84116995,external_test,Dark,85.0,fixed_feather,42,C:\Users\USER\Desktop\Articulo\Datasets\MESSIDOR2\fixed_feather\r224\20051202_55846_0400_PP.png,direct_exact
APTOS,MESSIDOR2,20051202_55921_0400_PP.png,2,0,0.8794918,0.08389841,0.017815026,0.0154592125,0.003335619,0.8794918,external_test,VeryDark,83.0,fixed_feather,42,C:\Users\USER\Desktop\Articulo\Datasets\MESSIDOR2\fixed_feather\r224\20051202_55921_0400_PP.png,direct_exact
APTOS,MESSIDOR2,20051202_55944_0400_PP.png,2,0,0.77507377,0.09140124,0.009194381,0.112005904,0.012324627,0.77507377,external_test,Dark,101.0,fixed_feather,42,C:\Users\USER\Desktop\Articulo\Datasets\MESSIDOR2\fixed_feather\r224\20051202_55944_0400_PP.png,direct_exact
APTOS,MESSIDOR2,20051202_56000_0400_PP.png,2,0,0.94325584,0.042900726,0.0047436734,0.008031453,0.0010682134,0.94325584,external_test,Normal,112.0,fixed_feather,42,C:\Users\USER\Desktop\Articulo\Datasets\MESSIDOR2\fixed_feather\r224\20051202_56000_0400_PP.png,direct_exact
APTOS,MESSIDOR2,20051202_56012_0400_PP.png,2,0,0.9857087,0.008351791,0.0025669886,0.003007846,0.00036458473,0.9857087,external_test,Dark,107.0,fixed_feather,42,C:\Users\USER\Desktop\Articulo\Datasets\MESSIDOR2\fixed_feather\r224\20051202_56012_0400_PP.png,direct_exact
APTOS,MESSIDOR2,20051202_56028_0400_PP.png,2,0,0.93052596,0.034561027,0.007309778,0.027094837,0.000508298,0.93052596,external_test,Dark,103.0,fixed_feather,42,C:\Users\USER\Desktop\Articulo\Datasets\MESSIDOR2\fixed_feather\r224\20051202_56028_0400_PP.png,direct_exact
APTOS,MESSIDOR2,20051202_56050_0400_PP.png,2,0,0.9214324,0.024105273,0.024830015,0.020369284,0.009263183,0.9214324,external_test,Dark,101.0,fixed_feather,42,C:\Users\USER\Desktop\Articulo\Datasets\MESSIDOR2\fixed_feather\r224\20051202_56050_0400_PP.png,direct_exact
APTOS,MESSIDOR2,20051205_31949_0400_PP.png,2,0,0.8743385,0.07282625,0.038527586,0.011440024,0.0028676696,0.8743385,external_test,Dark,98.0,fixed_feather,42,C:\Users\USER\Desktop\Articulo\Datasets\MESSIDOR2\fixed_feather\r224\20051205_31949_0400_PP.png,direct_exact
APTOS,MESSIDOR2,20051205_31994_0400_PP.png,2,0,0.93432105,0.03643629,0.0073996987,0.015812656,0.006030238,0.93432105,external_test,Normal,128.0,fixed_feather,42,C:\Users\USER\Desktop\Articulo\Datasets\MESSIDOR2\fixed_feather\r224\20051205_31994_0400_PP.png,direct_exact
APTOS,MESSIDOR2,20051205_33006_0400_PP.png,2,0,0.7938409,0.06374092,0.0694668,0.031040937,0.04191038,0.7938409,external_test,ExtremelyDark,58.0,fixed_feather,42,C:\Users\USER\Desktop\Articulo\Datasets\MESSIDOR2\fixed_feather\r224\20051205_33006_0400_PP.png,direct_exact
APTOS,MESSIDOR2,20051205_33012_0400_PP.png,2,0,0.8137007,0.08482884,0.041152094,0.034459542,0.025858818,0.8137007,external_test,ExtremelyDark,69.0,fixed_feather,42,C:\Users\USER\Desktop\Articulo\Datasets\MESSIDOR2\fixed_feather\r224\20051205_33012_0400_PP.png,direct_exact
APTOS,MESSIDOR2,20051205_35142_0400_PP.png,2,0,0.94247055,0.032166574,0.012888102,0.009059808,0.0034148816,0.94247055,external_test,Dark,96.0,fixed_feather,42,C:\Users\USER\Desktop\Articulo\Datasets\MESSIDOR2\fixed_feather\r224\20051205_35142_0400_PP.png,direct_exact
APTOS,MESSIDOR2,20051205_35162_0400_PP.png,2,0,0.9580967,0.01679785,0.00489511,0.019141763,0.0010686296,0.9580967,external_test,Dark,102.0,fixed_feather,42,C:\Users\USER\Desktop\Articulo\Datasets\MESSIDOR2\fixed_feather\r224\20051205_35162_0400_PP.png,direct_exact
APTOS,MESSIDOR2,20051205_35276_0400_PP.png,3,0,0.5288679,0.05608225,0.33665726,0.040581286,0.037811324,0.5288679,external_test,Normal,115.0,fixed_feather,42,C:\Users\USER\Desktop\Articulo\Datasets\MESSIDOR2\fixed_feather\r224\20051205_35276_0400_PP.png,direct_exact
APTOS,MESSIDOR2,20051205_35305_0400_PP.png,2,0,0.9766964,0.011202017,0.0026392085,0.005172215,0.004290189,0.9766964,external_test,Normal,126.0,fixed_feather,42,C:\Users\USER\Desktop\Articulo\Datasets\MESSIDOR2\fixed_feather\r224\20051205_35305_0400_PP.png,direct_exact
APTOS,MESSIDOR2,20051205_35408_0400_PP.png,2,0,0.97576207,0.0071662827,0.0006018107,0.016377807,9.2063055e-05,0.97576207,external_test,Normal,111.0,fixed_feather,42,C:\Users\USER\Desktop\Articulo\Datasets\MESSIDOR2\fixed_feather\r224\20051205_35408_0400_PP.png,direct_exact
APTOS,MESSIDOR2,20051205_35417_0400_PP.png,2,0,0.95808566,0.017871043,0.0077230944,0.015835708,0.00048447977,0.95808566,external_test,Dark,98.0,fixed_feather,42,C:\Users\USER\Desktop\Articulo\Datasets\MESSIDOR2\fixed_feather\r224\20051205_35417_0400_PP.png,direct_exact
APTOS,MESSIDOR2,20051205_57651_0400_PP.png,0,0,0.9005273,0.06727678,0.0077858847,0.016806988,0.0076030083,0.9005273,external_test,Dark,106.0,fixed_feather,42,C:\Users\USER\Desktop\Articulo\Datasets\MESSIDOR2\fixed_feather\r224\20051205_57651_0400_PP.png,direct_exact
APTOS,MESSIDOR2,20051205_57704_0400_PP.png,0,0,0.961773,0.02316496,0.003237576,0.006144906,0.0056796414,0.961773,external_test,Dark,105.0,fixed_feather,42,C:\Users\USER\Desktop\Articulo\Datasets\MESSIDOR2\fixed_feather\r224\20051205_57704_0400_PP.png,direct_exact
APTOS,MESSIDOR2,20051205_57757_0400_PP.png,0,0,0.9134848,0.042952195,0.035852436,0.0058816313,0.0018287938,0.9134848,external_test,Normal,128.0,fixed_feather,42,C:\Users\USER\Desktop\Articulo\Datasets\MESSIDOR2\fixed_feather\r224\20051205_57757_0400_PP.png,direct_exact
APTOS,MESSIDOR2,20051205_57780_0400_PP.png,0,0,0.9868707,0.006258894,0.002071178,0.0046013365,0.00019799899,0.9868707,external_test,Normal,111.0,fixed_feather,42,C:\Users\USER\Desktop\Articulo\Datasets\MESSIDOR2\fixed_feather\r224\20051205_57780_0400_PP.png,direct_exact
APTOS,MESSIDOR2,20051205_57799_0400_PP.png,0,0,0.77740544,0.13681757,0.03461955,0.027804492,0.023352953,0.77740544,external_test,Dark,87.0,fixed_feather,42,C:\Users\USER\Desktop\Articulo\Datasets\MESSIDOR2\fixed_feather\r224\20051205_57799_0400_PP.png,direct_exact
APTOS,MESSIDOR2,20051205_57809_0400_PP.png,0,0,0.8939045,0.06679733,0.014458952,0.022641301,0.00219799,0.8939045,external_test,Dark,101.0,fixed_feather,42,C:\Users\USER\Desktop\Articulo\Datasets\MESSIDOR2\fixed_feather\r224\20051205_57809_0400_PP.png,direct_exact
APTOS,MESSIDOR2,20051205_57838_0400_PP.png,0,0,0.8807821,0.042805422,0.010966554,0.06241776,0.003028087,0.8807821,external_test,Dark,107.0,fixed_feather,42,C:\Users\USER\Desktop\Articulo\Datasets\MESSIDOR2\fixed_feather\r224\20051205_57838_0400_PP.png,direct_exact
APTOS,MESSIDOR2,20051205_57879_0400_PP.png,0,0,0.80448353,0.05495475,0.0051734885,0.13139045,0.003997682,0.80448353,external_test,Dark,106.0,fixed_feather,42,C:\Users\USER\Desktop\Articulo\Datasets\MESSIDOR2\fixed_feather\r224\20051205_57879_0400_PP.png,direct_exact
APTOS,MESSIDOR2,20051205_57942_0400_PP.png,0,0,0.89473647,0.037171926,0.011202069,0.05655396,0.00033558553,0.89473647,external_test,Normal,110.0,fixed_feather,42,C:\Users\USER\Desktop\Articulo\Datasets\MESSIDOR2\fixed_feather\r224\20051205_57942_0400_PP.png,direct_exact
APTOS,MESSIDOR2,20051205_57988_0400_PP.png,0,0,0.9061572,0.025551554,0.0042085843,0.06338471,0.0006979355,0.9061572,external_test,Normal,110.0,fixed_feather,42,C:\Users\USER\Desktop\Articulo\Datasets\MESSIDOR2\fixed_feather\r224\20051205_57988_0400_PP.png,direct_exact
APTOS,MESSIDOR2,20051205_58037_0400_PP.png,0,0,0.9232558,0.040757813,0.003165041,0.031506646,0.0013147449,0.9232558,external_test,Dark,87.0,fixed_feather,42,C:\Users\USER\Desktop\Articulo\Datasets\MESSIDOR2\fixed_feather\r224\20051205_58037_0400_PP.png,direct_exact
APTOS,MESSIDOR2,20051205_58060_0400_PP.png,0,0,0.8597514,0.097033314,0.011583333,0.029122043,0.0025099101,0.8597514,external_test,Dark,87.0,fixed_feather,42,C:\Users\USER\Desktop\Articulo\Datasets\MESSIDOR2\fixed_feather\r224\20051205_58060_0400_PP.png,direct_exact
APTOS,MESSIDOR2,20051205_58080_0400_PP.png,0,0,0.9584643,0.021679513,0.0074888878,0.01203051,0.0003367691,0.9584643,external_test,VeryDark,84.0,fixed_feather,42,C:\Users\USER\Desktop\Articulo\Datasets\MESSIDOR2\fixed_feather\r224\20051205_58080_0400_PP.png,direct_exact
APTOS,MESSIDOR2,20051205_58091_0400_PP.png,0,0,0.9270482,0.051777944,0.005690736,0.013162905,0.0023200696,0.9270482,external_test,Dark,85.0,fixed_feather,42,C:\Users\USER\Desktop\Articulo\Datasets\MESSIDOR2\fixed_feather\r224\20051205_58091_0400_PP.png,direct_exact
APTOS,MESSIDOR2,20051205_58109_0400_PP.png,0,0,0.9694723,0.014792692,0.0028557524,0.011302393,0.0015768927,0.9694723,external_test,Dark,95.0,fixed_feather,42,C:\Users\USER\Desktop\Articulo\Datasets\MESSIDOR2\fixed_feather\r224\20051205_58109_0400_PP.png,direct_exact
APTOS,MESSIDOR2,20051205_58125_0400_PP.png,0,0,0.95223784,0.01498049,0.003046241,0.028175374,0.0015600547,0.95223784,external_test,VeryDark,84.0,fixed_feather,42,C:\Users\USER\Desktop\Articulo\Datasets\MESSIDOR2\fixed_feather\r224\20051205_58125_0400_PP.png,direct_exact
APTOS,MESSIDOR2,20051205_58150_0400_PP.png,0,0,0.9050975,0.058530822,0.007706538,0.025635488,0.0030297325,0.9050975,external_test,Dark,88.0,fixed_feather,42,C:\Users\USER\Desktop\Articulo\Datasets\MESSIDOR2\fixed_feather\r224\20051205_58150_0400_PP.png,direct_exact
APTOS,MESSIDOR2,20051205_58177_0400_PP.png,0,0,0.9716935,0.0113284355,0.004167554,0.011612508,0.0011980203,0.9716935,external_test,VeryDark,80.0,fixed_feather,42,C:\Users\USER\Desktop\Articulo\Datasets\MESSIDOR2\fixed_feather\r224\20051205_58177_0400_PP.png,direct_exact
APTOS,MESSIDOR2,20051205_58354_0400_PP.png,0,0,0.95039886,0.025272531,0.0041497266,0.019811705,0.00036718496,0.95039886,external_test,Dark,98.0,fixed_feather,42,C:\Users\USER\Desktop\Articulo\Datasets\MESSIDOR2\fixed_feather\r224\20051205_58354_0400_PP.png,direct_exact
APTOS,MESSIDOR2,20051205_58373_0400_PP.png,0,0,0.951814,0.021436453,0.002078709,0.024175787,0.0004950155,0.951814,external_test,Dark,101.0,fixed_feather,42,C:\Users\USER\Desktop\Articulo\Datasets\MESSIDOR2\fixed_feather\r224\20051205_58373_0400_PP.png,direct_exact
APTOS,MESSIDOR2,20051205_58409_0400_PP.png,0,0,0.94720495,0.027686637,0.017356165,0.006512273,0.0012399317,0.94720495,external_test,Bright,135.0,fixed_feather,42,C:\Users\USER\Desktop\Articulo\Datasets\MESSIDOR2\fixed_feather\r224\20051205_58409_0400_PP.png,direct_exact
APTOS,MESSIDOR2,20051205_58431_0400_PP.png,0,0,0.92905784,0.037862618,0.01892986,0.012387607,0.0017620887,0.92905784,external_test,Bright,132.0,fixed_feather,42,C:\Users\USER\Desktop\Articulo\Datasets\MESSIDOR2\fixed_feather\r224\20051205_58431_0400_PP.png,direct_exact
APTOS,MESSIDOR2,20051205_58458_0400_PP.png,0,0,0.9510341,0.030849406,0.007322465,0.007991203,0.0028027536,0.9510341,external_test,Normal,123.0,fixed_feather,42,C:\Users\USER\Desktop\Articulo\Datasets\MESSIDOR2\fixed_feather\r224\20051205_58458_0400_PP.png,direct_exact
APTOS,MESSIDOR2,20051205_58502_0400_PP.png,0,0,0.97475725,0.015142907,0.005980845,0.0038660138,0.00025310632,0.97475725,external_test,Normal,123.0,fixed_feather,42,C:\Users\USER\Desktop\Articulo\Datasets\MESSIDOR2\fixed_feather\r224\20051205_58502_0400_PP.png,direct_exact
APTOS,MESSIDOR2,20051205_58577_0400_PP.png,1,0,0.9809038,0.012186276,0.0017455061,0.004828212,0.00033625698,0.9809038,external_test,VeryDark,77.0,fixed_feather,42,C:\Users\USER\Desktop\Articulo\Datasets\MESSIDOR2\fixed_feather\r224\20051205_58577_0400_PP.png,direct_exact
APTOS,MESSIDOR2,20051205_58613_0400_PP.png,0,0,0.92708856,0.037930164,0.0020924704,0.03162926,0.0012595694,0.92708856,external_test,Dark,98.0,fixed_feather,42,C:\Users\USER\Desktop\Articulo\Datasets\MESSIDOR2\fixed_feather\r224\20051205_58613_0400_PP.png,direct_exact
APTOS,MESSIDOR2,20051205_59240_0400_PP.png,0,0,0.9679994,0.0147293825,0.0011070359,0.015999302,0.00016495047,0.9679994,external_test,Normal,118.0,fixed_feather,42,C:\Users\USER\Desktop\Articulo\Datasets\MESSIDOR2\fixed_feather\r224\20051205_59240_0400_PP.png,direct_exact
APTOS,MESSIDOR2,20051205_59300_0400_PP.png,1,0,0.9607106,0.016027289,0.0032431944,0.01977947,0.00023940732,0.9607106,external_test,Normal,117.0,fixed_feather,42,C:\Users\USER\Desktop\Articulo\Datasets\MESSIDOR2\fixed_feather\r224\20051205_59300_0400_PP.png,direct_exact
APTOS,MESSIDOR2,20051205_59337_0400_PP.png,0,0,0.9282926,0.03587018,0.0063846717,0.028467286,0.0009852936,0.9282926,external_test,Dark,87.0,fixed_feather,42,C:\Users\USER\Desktop\Articulo\Datasets\MESSIDOR2\fixed_feather\r224\20051205_59337_0400_PP.png,direct_exact
APTOS,MESSIDOR2,20051205_59351_0400_PP.png,0,0,0.8585674,0.06637,0.005059773,0.06950834,0.00049458974,0.8585674,external_test,Dark,97.0,fixed_feather,42,C:\Users\USER\Desktop\Articulo\Datasets\MESSIDOR2\fixed_feather\r224\20051205_59351_0400_PP.png,direct_exact
APTOS,MESSIDOR2,20051205_59367_0400_PP.png,0,0,0.95232046,0.011710194,0.0007819314,0.034251958,0.00093541,0.95232046,external_test,ExtremelyDark,68.0,fixed_feather,42,C:\Users\USER\Desktop\Articulo\Datasets\MESSIDOR2\fixed_feather\r224\20051205_59367_0400_PP.png,direct_exact
APTOS,MESSIDOR2,20051205_59379_0400_PP.png,0,0,0.9719345,0.0076921284,0.0008816029,0.0191713,0.0003204245,0.9719345,external_test,Dark,85.0,fixed_feather,42,C:\Users\USER\Desktop\Articulo\Datasets\MESSIDOR2\fixed_feather\r224\20051205_59379_0400_PP.png,direct_exact
APTOS,MESSIDOR2,20051205_59510_0400_PP.png,0,0,0.83813936,0.056111343,0.004117868,0.10011502,0.0015164653,0.83813936,external_test,Dark,92.0,fixed_feather,42,C:\Users\USER\Desktop\Articulo\Datasets\MESSIDOR2\fixed_feather\r224\20051205_59510_0400_PP.png,direct_exact
APTOS,MESSIDOR2,20051205_59538_0400_PP.png,0,0,0.77120596,0.043843936,0.0016082794,0.18294229,0.00039947507,0.77120596,external_test,Dark,86.0,fixed_feather,42,C:\Users\USER\Desktop\Articulo\Datasets\MESSIDOR2\fixed_feather\r224\20051205_59538_0400_PP.png,direct_exact
APTOS,MESSIDOR2,20051205_59617_0400_PP.png,0,0,0.9864074,0.006043832,0.0028258373,0.004539655,0.00018328785,0.9864074,external_test,Normal,112.0,fixed_feather,42,C:\Users\USER\Desktop\Articulo\Datasets\MESSIDOR2\fixed_feather\r224\20051205_59617_0400_PP.png,direct_exact
APTOS,MESSIDOR2,20051205_59651_0400_PP.png,0,0,0.9397054,0.037000246,0.0033541552,0.01965034,0.0002898051,0.9397054,external_test,Normal,112.0,fixed_feather,42,C:\Users\USER\Desktop\Articulo\Datasets\MESSIDOR2\fixed_feather\r224\20051205_59651_0400_PP.png,direct_exact
APTOS,MESSIDOR2,20051205_59702_0400_PP.png,1,0,0.89146715,0.071414985,0.023005096,0.008321945,0.0057908273,0.89146715,external_test,Normal,129.0,fixed_feather,42,C:\Users\USER\Desktop\Articulo\Datasets\MESSIDOR2\fixed_feather\r224\20051205_59702_0400_PP.png,direct_exact
APTOS,MESSIDOR2,20051205_59715_0400_PP.png,1,0,0.983386,0.009514017,0.0017004092,0.005252791,0.00014679974,0.983386,external_test,Normal,113.0,fixed_feather,42,C:\Users\USER\Desktop\Articulo\Datasets\MESSIDOR2\fixed_feather\r224\20051205_59715_0400_PP.png,direct_exact
APTOS,MESSIDOR2,20051205_59738_0400_PP.png,0,0,0.9632054,0.010675325,0.0015410087,0.021134876,0.0034432823,0.9632054,external_test,Dark,85.0,fixed_feather,42,C:\Users\USER\Desktop\Articulo\Datasets\MESSIDOR2\fixed_feather\r224\20051205_59738_0400_PP.png,direct_exact
APTOS,MESSIDOR2,20051205_59754_0400_PP.png,0,0,0.944059,0.017520795,0.0022426124,0.030714767,0.005462838,0.944059,external_test,VeryDark,83.0,fixed_feather,42,C:\Users\USER\Desktop\Articulo\Datasets\MESSIDOR2\fixed_feather\r224\20051205_59754_0400_PP.png,direct_exact
APTOS,MESSIDOR2,20051205_59833_0400_PP.png,0,0,0.9460819,0.024943644,0.0086676,0.019396424,0.0009104655,0.9460819,external_test,Dark,104.0,fixed_feather,42,C:\Users\USER\Desktop\Articulo\Datasets\MESSIDOR2\fixed_feather\r224\20051205_59833_0400_PP.png,direct_exact
APTOS,MESSIDOR2,20051205_59858_0400_PP.png,0,0,0.96875405,0.008406156,0.0034413212,0.019165184,0.00023323548,0.96875405,external_test,Dark,102.0,fixed_feather,42,C:\Users\USER\Desktop\Articulo\Datasets\MESSIDOR2\fixed_feather\r224\20051205_59858_0400_PP.png,direct_exact
APTOS,MESSIDOR2,20051205_59901_0400_PP.png,0,0,0.95962095,0.00944683,0.0015332174,0.029196074,0.00020295323,0.95962095,external_test,Dark,100.0,fixed_feather,42,C:\Users\USER\Desktop\Articulo\Datasets\MESSIDOR2\fixed_feather\r224\20051205_59901_0400_PP.png,direct_exact
APTOS,MESSIDOR2,20051205_59923_0400_PP.png,0,0,0.97634876,0.004370274,0.0005891778,0.01839505,0.0002966266,0.97634876,external_test,Dark,99.0,fixed_feather,42,C:\Users\USER\Desktop\Articulo\Datasets\MESSIDOR2\fixed_feather\r224\20051205_59923_0400_PP.png,direct_exact
APTOS,MESSIDOR2,20051205_60093_0400_PP.png,0,0,0.96811175,0.015291465,0.0022278687,0.0121999895,0.002168946,0.96811175,external_test,Dark,97.0,fixed_feather,42,C:\Users\USER\Desktop\Articulo\Datasets\MESSIDOR2\fixed_feather\r224\20051205_60093_0400_PP.png,direct_exact
APTOS,MESSIDOR2,20051205_60119_0400_PP.png,0,0,0.95820856,0.027515123,0.00088790414,0.012058817,0.0013296214,0.95820856,external_test,Dark,100.0,fixed_feather,42,C:\Users\USER\Desktop\Articulo\Datasets\MESSIDOR2\fixed_feather\r224\20051205_60119_0400_PP.png,direct_exact
APTOS,MESSIDOR2,20051207_54614_0400_PP.png,1,0,0.9708982,0.015008129,0.0018757007,0.011788877,0.0004291362,0.9708982,external_test,Normal,112.0,fixed_feather,42,C:\Users\USER\Desktop\Articulo\Datasets\MESSIDOR2\fixed_feather\r224\20051207_54614_0400_PP.png,direct_exact
APTOS,MESSIDOR2,20051207_55266_0400_PP.png,2,0,0.88230145,0.058762383,0.012996377,0.04432891,0.0016109622,0.88230145,external_test,Normal,117.0,fixed_feather,42,C:\Users\USER\Desktop\Articulo\Datasets\MESSIDOR2\fixed_feather\r224\20051207_55266_0400_PP.png,direct_exact
APTOS,MESSIDOR2,20051207_56219_0400_PP.png,2,0,0.88013077,0.017310532,0.035721555,0.0048409845,0.06199628,0.88013077,external_test,Normal,125.0,fixed_feather,42,C:\Users\USER\Desktop\Articulo\Datasets\MESSIDOR2\fixed_feather\r224\20051207_56219_0400_PP.png,direct_exact
APTOS,MESSIDOR2,20051207_56227_0400_PP.png,2,0,0.40993533,0.043068595,0.30531362,0.19694482,0.04473767,0.40993533,external_test,Bright,138.0,fixed_feather,42,C:\Users\USER\Desktop\Articulo\Datasets\MESSIDOR2\fixed_feather\r224\20051207_56227_0400_PP.png,direct_exact
APTOS,MESSIDOR2,20051207_62252_0400_PP.png,1,0,0.8904545,0.0670411,0.016554961,0.014677198,0.011272259,0.8904545,external_test,Bright,138.0,fixed_feather,42,C:\Users\USER\Desktop\Articulo\Datasets\MESSIDOR2\fixed_feather\r224\20051207_62252_0400_PP.png,direct_exact
APTOS,MESSIDOR2,20051207_62275_0400_PP.png,1,0,0.8818006,0.067962416,0.014715709,0.010834587,0.024686756,0.8818006,external_test,Normal,109.0,fixed_feather,42,C:\Users\USER\Desktop\Articulo\Datasets\MESSIDOR2\fixed_feather\r224\20051207_62275_0400_PP.png,direct_exact
APTOS,MESSIDOR2,20051207_62320_0400_PP.png,1,0,0.9374181,0.013200671,0.0009818993,0.04818843,0.00021089008,0.9374181,external_test,Dark,105.0,fixed_feather,42,C:\Users\USER\Desktop\Articulo\Datasets\MESSIDOR2\fixed_feather\r224\20051207_62320_0400_PP.png,direct_exact
APTOS,MESSIDOR2,20051208_39297_0400_PP.png,2,0,0.810961,0.12247316,0.015606147,0.032215003,0.018744756,0.810961,external_test,Bright,140.0,fixed_feather,42,C:\Users\USER\Desktop\Articulo\Datasets\MESSIDOR2\fixed_feather\r224\20051208_39297_0400_PP.png,direct_exact
APTOS,MESSIDOR2,20051208_39438_0400_PP.png,2,0,0.6298812,0.20615512,0.07880748,0.08215921,0.00299696,0.6298812,external_test,Bright,164.0,fixed_feather,42,C:\Users\USER\Desktop\Articulo\Datasets\MESSIDOR2\fixed_feather\r224\20051208_39438_0400_PP.png,direct_exact
APTOS,MESSIDOR2,20051208_39462_0400_PP.png,2,0,0.94018584,0.03454297,0.0021944558,0.022810316,0.0002664229,0.94018584,external_test,Bright,154.0,fixed_feather,42,C:\Users\USER\Desktop\Articulo\Datasets\MESSIDOR2\fixed_feather\r224\20051208_39462_0400_PP.png,direct_exact
APTOS,MESSIDOR2,20051208_39524_0400_PP.png,2,0,0.9869184,0.008190834,0.0018863808,0.0024999282,0.000504459,0.9869184,external_test,Normal,111.0,fixed_feather,42,C:\Users\USER\Desktop\Articulo\Datasets\MESSIDOR2\fixed_feather\r224\20051208_39524_0400_PP.png,direct_exact
APTOS,MESSIDOR2,20051208_39532_0400_PP.png,2,0,0.86360407,0.031911947,0.035430767,0.051169045,0.017884187,0.86360407,external_test,Dark,90.0,fixed_feather,42,C:\Users\USER\Desktop\Articulo\Datasets\MESSIDOR2\fixed_feather\r224\20051208_39532_0400_PP.png,direct_exact
APTOS,MESSIDOR2,20051208_39546_0400_PP.png,2,0,0.9045792,0.02999335,0.0027521006,0.06241465,0.00026061232,0.9045792,external_test,Dark,89.0,fixed_feather,42,C:\Users\USER\Desktop\Articulo\Datasets\MESSIDOR2\fixed_feather\r224\20051208_39546_0400_PP.png,direct_exact
APTOS,MESSIDOR2,20051208_41318_0400_PP.png,4,0,0.62198055,0.063206814,0.227515,0.066436805,0.0208608,0.62198055,external_test,Bright,137.0,fixed_feather,42,C:\Users\USER\Desktop\Articulo\Datasets\MESSIDOR2\fixed_feather\r224\20051208_41318_0400_PP.png,direct_exact
APTOS,MESSIDOR2,20051208_41373_0400_PP.png,2,0,0.5598706,0.13019954,0.19663416,0.04782435,0.06547134,0.5598706,external_test,Bright,151.0,fixed_feather,42,C:\Users\USER\Desktop\Articulo\Datasets\MESSIDOR2\fixed_feather\r224\20051208_41373_0400_PP.png,direct_exact
APTOS,MESSIDOR2,20051208_42314_0400_PP.png,4,0,0.9457477,0.027920565,0.0029695344,0.017533699,0.0058285133,0.9457477,external_test,ExtremelyDark,65.0,fixed_feather,42,C:\Users\USER\Desktop\Articulo\Datasets\MESSIDOR2\fixed_feather\r224\20051208_42314_0400_PP.png,direct_exact
APTOS,MESSIDOR2,20051208_42322_0400_PP.png,3,0,0.94112736,0.029723141,0.0042233076,0.019707432,0.005218783,0.94112736,external_test,ExtremelyDark,59.0,fixed_feather,42,C:\Users\USER\Desktop\Articulo\Datasets\MESSIDOR2\fixed_feather\r224\20051208_42322_0400_PP.png,direct_exact
APTOS,MESSIDOR2,20051208_42546_0400_PP.png,2,0,0.91817445,0.052399054,0.0063928273,0.022135131,0.00089852733,0.91817445,external_test,Dark,90.0,fixed_feather,42,C:\Users\USER\Desktop\Articulo\Datasets\MESSIDOR2\fixed_feather\r224\20051208_42546_0400_PP.png,direct_exact
APTOS,MESSIDOR2,20051212_36525_0400_PP.png,2,0,0.8338472,0.05784948,0.009220903,0.09251519,0.006567347,0.8338472,external_test,Dark,88.0,fixed_feather,42,C:\Users\USER\Desktop\Articulo\Datasets\MESSIDOR2\fixed_feather\r224\20051212_36525_0400_PP.png,direct_exact
APTOS,MESSIDOR2,20051212_36548_0400_PP.png,1,0,0.82080275,0.10676592,0.01749639,0.04981069,0.005124323,0.82080275,external_test,Dark,87.0,fixed_feather,42,C:\Users\USER\Desktop\Articulo\Datasets\MESSIDOR2\fixed_feather\r224\20051212_36548_0400_PP.png,direct_exact
APTOS,MESSIDOR2,20051212_36640_0400_PP.png,2,0,0.8944855,0.034706723,0.008633873,0.057011772,0.005162173,0.8944855,external_test,Dark,94.0,fixed_feather,42,C:\Users\USER\Desktop\Articulo\Datasets\MESSIDOR2\fixed_feather\r224\20051212_36640_0400_PP.png,direct_exact
APTOS,MESSIDOR2,20051212_37442_0400_PP.png,2,0,0.829366,0.040625393,0.003464932,0.12012129,0.006422325,0.829366,external_test,Dark,92.0,fixed_feather,42,C:\Users\USER\Desktop\Articulo\Datasets\MESSIDOR2\fixed_feather\r224\20051212_37442_0400_PP.png,direct_exact
APTOS,MESSIDOR2,20051212_38000_0400_PP.png,2,0,0.89977115,0.039419077,0.038412765,0.014297184,0.008099868,0.89977115,external_test,Normal,129.0,fixed_feather,42,C:\Users\USER\Desktop\Articulo\Datasets\MESSIDOR2\fixed_feather\r224\20051212_38000_0400_PP.png,direct_exact
APTOS,MESSIDOR2,20051212_38043_0400_PP.png,2,0,0.9424565,0.027595092,0.01656917,0.009716723,0.0036625094,0.9424565,external_test,Normal,115.0,fixed_feather,42,C:\Users\USER\Desktop\Articulo\Datasets\MESSIDOR2\fixed_feather\r224\20051212_38043_0400_PP.png,direct_exact
APTOS,MESSIDOR2,20051212_38076_0400_PP.png,1,0,0.9544434,0.020467876,0.00449288,0.020087449,0.000508364,0.9544434,external_test,VeryDark,83.0,fixed_feather,42,C:\Users\USER\Desktop\Articulo\Datasets\MESSIDOR2\fixed_feather\r224\20051212_38076_0400_PP.png,direct_exact
APTOS,MESSIDOR2,20051212_38106_0400_PP.png,2,0,0.9660379,0.009796598,0.0007873664,0.023143642,0.00023443702,0.9660379,external_test,VeryDark,71.0,fixed_feather,42,C:\Users\USER\Desktop\Articulo\Datasets\MESSIDOR2\fixed_feather\r224\20051212_38106_0400_PP.png,direct_exact
APTOS,MESSIDOR2,20051212_41144_0400_PP.png,3,0,0.77900326,0.01799961,0.014439409,0.1659568,0.022600846,0.77900326,external_test,Bright,157.0,fixed_feather,42,C:\Users\USER\Desktop\Articulo\Datasets\MESSIDOR2\fixed_feather\r224\20051212_41144_0400_PP.png,direct_exact
APTOS,MESSIDOR2,20051212_41169_0400_PP.png,3,0,0.94137883,0.02495506,0.009069809,0.013515915,0.011080427,0.94137883,external_test,Normal,125.0,fixed_feather,42,C:\Users\USER\Desktop\Articulo\Datasets\MESSIDOR2\fixed_feather\r224\20051212_41169_0400_PP.png,direct_exact
APTOS,MESSIDOR2,20051213_61406_0100_PP.png,0,0,0.95999444,0.023284702,0.0029452504,0.013687089,8.859525e-05,0.95999444,external_test,VeryDark,84.0,fixed_feather,42,C:\Users\USER\Desktop\Articulo\Datasets\MESSIDOR2\fixed_feather\r224\20051213_61406_0100_PP.png,direct_exact
APTOS,MESSIDOR2,20051213_61802_0100_PP.png,0,0,0.95306,0.026942456,0.0034613996,0.015957119,0.0005790521,0.95306,external_test,VeryDark,70.0,fixed_feather,42,C:\Users\USER\Desktop\Articulo\Datasets\MESSIDOR2\fixed_feather\r224\20051213_61802_0100_PP.png,direct_exact
APTOS,MESSIDOR2,20051213_61892_0100_PP.png,0,0,0.9150738,0.02265809,0.0035707045,0.057993494,0.00070395484,0.9150738,external_test,Normal,109.0,fixed_feather,42,C:\Users\USER\Desktop\Articulo\Datasets\MESSIDOR2\fixed_feather\r224\20051213_61892_0100_PP.png,direct_exact
APTOS,MESSIDOR2,20051213_61951_0100_PP.png,0,0,0.9641338,0.00921053,0.0019488985,0.023069536,0.0016371815,0.9641338,external_test,Dark,108.0,fixed_feather,42,C:\Users\USER\Desktop\Articulo\Datasets\MESSIDOR2\fixed_feather\r224\20051213_61951_0100_PP.png,direct_exact
APTOS,MESSIDOR2,20051213_62046_0100_PP.png,1,0,0.9835488,0.0046291533,0.00033153896,0.011429674,6.078805e-05,0.9835488,external_test,Dark,108.0,fixed_feather,42,C:\Users\USER\Desktop\Articulo\Datasets\MESSIDOR2\fixed_feather\r224\20051213_62046_0100_PP.png,direct_exact
APTOS,MESSIDOR2,20051213_62188_0100_PP.png,1,0,0.9812475,0.00962664,0.0018645842,0.0064749825,0.0007864677,0.9812475,external_test,Normal,120.0,fixed_feather,42,C:\Users\USER\Desktop\Articulo\Datasets\MESSIDOR2\fixed_feather\r224\20051213_62188_0100_PP.png,direct_exact
APTOS,MESSIDOR2,20051213_62251_0100_PP.png,0,0,0.9457321,0.02175609,0.004612443,0.027432635,0.00046669488,0.9457321,external_test,Dark,85.0,fixed_feather,42,C:\Users\USER\Desktop\Articulo\Datasets\MESSIDOR2\fixed_feather\r224\20051213_62251_0100_PP.png,direct_exact
APTOS,MESSIDOR2,20051213_62314_0100_PP.png,0,0,0.9705702,0.013888781,0.0041768504,0.010971904,0.00039231693,0.9705702,external_test,Dark,87.0,fixed_feather,42,C:\Users\USER\Desktop\Articulo\Datasets\MESSIDOR2\fixed_feather\r224\20051213_62314_0100_PP.png,direct_exact
APTOS,MESSIDOR2,20051213_62383_0100_PP.png,3,0,0.27309453,0.027078863,0.24310485,0.23587315,0.22084862,0.27309453,external_test,ExtremelyDark,68.0,fixed_feather,42,C:\Users\USER\Desktop\Articulo\Datasets\MESSIDOR2\fixed_feather\r224\20051213_62383_0100_PP.png,direct_exact
APTOS,MESSIDOR2,20051213_62437_0100_PP.png,2,4,0.31910506,0.07321252,0.05846468,0.078396216,0.4708215,0.4708215,external_test,VeryDark,72.0,fixed_feather,42,C:\Users\USER\Desktop\Articulo\Datasets\MESSIDOR2\fixed_feather\r224\20051213_62437_0100_PP.png,direct_exact
APTOS,MESSIDOR2,20051213_62518_0100_PP.png,0,0,0.97395825,0.0026163268,0.0005069202,0.022841468,7.714628e-05,0.97395825,external_test,Normal,117.0,fixed_feather,42,C:\Users\USER\Desktop\Articulo\Datasets\MESSIDOR2\fixed_feather\r224\20051213_62518_0100_PP.png,direct_exact
APTOS,MESSIDOR2,20051213_62572_0100_PP.png,0,0,0.9640555,0.013764175,0.0021733881,0.019096207,0.00091094314,0.9640555,external_test,Normal,116.0,fixed_feather,42,C:\Users\USER\Desktop\Articulo\Datasets\MESSIDOR2\fixed_feather\r224\20051213_62572_0100_PP.png,direct_exact
APTOS,MESSIDOR2,20051213_62648_0100_PP.png,4,0,0.8140584,0.013141907,0.009564305,0.081646636,0.08158879,0.8140584,external_test,Dark,92.0,fixed_feather,42,C:\Users\USER\Desktop\Articulo\Datasets\MESSIDOR2\fixed_feather\r224\20051213_62648_0100_PP.png,direct_exact
APTOS,MESSIDOR2,20051213_62705_0100_PP.png,4,0,0.7745918,0.023811636,0.029159129,0.042083528,0.13035382,0.7745918,external_test,Dark,101.0,fixed_feather,42,C:\Users\USER\Desktop\Articulo\Datasets\MESSIDOR2\fixed_feather\r224\20051213_62705_0100_PP.png,direct_exact
APTOS,MESSIDOR2,20051214_40361_0100_PP.png,1,0,0.88792306,0.06662407,0.009195234,0.025994822,0.010262632,0.88792306,external_test,Dark,99.0,fixed_feather,42,C:\Users\USER\Desktop\Articulo\Datasets\MESSIDOR2\fixed_feather\r224\20051214_40361_0100_PP.png,direct_exact
APTOS,MESSIDOR2,20051214_40456_0100_PP.png,1,0,0.8632132,0.07310471,0.010740679,0.023491684,0.029449724,0.8632132,external_test,Dark,99.0,fixed_feather,42,C:\Users\USER\Desktop\Articulo\Datasets\MESSIDOR2\fixed_feather\r224\20051214_40456_0100_PP.png,direct_exact
APTOS,MESSIDOR2,20051214_40529_0100_PP.png,0,0,0.77810025,0.12491722,0.008287417,0.08561365,0.0030814107,0.77810025,external_test,Dark,95.0,fixed_feather,42,C:\Users\USER\Desktop\Articulo\Datasets\MESSIDOR2\fixed_feather\r224\20051214_40529_0100_PP.png,direct_exact
APTOS,MESSIDOR2,20051214_40596_0100_PP.png,2,0,0.6563841,0.17767419,0.018699266,0.12646833,0.020774124,0.6563841,external_test,Dark,92.0,fixed_feather,42,C:\Users\USER\Desktop\Articulo\Datasets\MESSIDOR2\fixed_feather\r224\20051214_40596_0100_PP.png,direct_exact
APTOS,MESSIDOR2,20051214_40719_0100_PP.png,1,0,0.9737684,0.006978552,0.00054945133,0.018546384,0.00015724407,0.9737684,external_test,Dark,95.0,fixed_feather,42,C:\Users\USER\Desktop\Articulo\Datasets\MESSIDOR2\fixed_feather\r224\20051214_40719_0100_PP.png,direct_exact
APTOS,MESSIDOR2,20051214_40767_0100_PP.png,0,0,0.9201445,0.029058583,0.001807758,0.04868278,0.0003063389,0.9201445,external_test,Dark,97.0,fixed_feather,42,C:\Users\USER\Desktop\Articulo\Datasets\MESSIDOR2\fixed_feather\r224\20051214_40767_0100_PP.png,direct_exact
APTOS,MESSIDOR2,20051214_40849_0100_PP.png,4,0,0.95212156,0.023766128,0.003426253,0.02034675,0.00033925535,0.95212156,external_test,Normal,114.0,fixed_feather,42,C:\Users\USER\Desktop\Articulo\Datasets\MESSIDOR2\fixed_feather\r224\20051214_40849_0100_PP.png,direct_exact
APTOS,MESSIDOR2,20051214_40912_0100_PP.png,4,0,0.840599,0.089433625,0.032311738,0.021588748,0.016066935,0.840599,external_test,Normal,116.0,fixed_feather,42,C:\Users\USER\Desktop\Articulo\Datasets\MESSIDOR2\fixed_feather\r224\20051214_40912_0100_PP.png,direct_exact
APTOS,MESSIDOR2,20051214_40994_0100_PP.png,0,0,0.9582196,0.008552409,0.0019287174,0.029561004,0.001738244,0.9582196,external_test,VeryDark,73.0,fixed_feather,42,C:\Users\USER\Desktop\Articulo\Datasets\MESSIDOR2\fixed_feather\r224\20051214_40994_0100_PP.png,direct_exact
APTOS,MESSIDOR2,20051214_41055_0100_PP.png,0,0,0.96593595,0.010225441,0.0028665909,0.020114528,0.0008574922,0.96593595,external_test,VeryDark,77.0,fixed_feather,42,C:\Users\USER\Desktop\Articulo\Datasets\MESSIDOR2\fixed_feather\r224\20051214_41055_0100_PP.png,direct_exact
APTOS,MESSIDOR2,20051214_41289_0100_PP.png,2,0,0.89552766,0.048347134,0.031459942,0.021790354,0.0028750103,0.89552766,external_test,Bright,152.0,fixed_feather,42,C:\Users\USER\Desktop\Articulo\Datasets\MESSIDOR2\fixed_feather\r224\20051214_41289_0100_PP.png,direct_exact
APTOS,MESSIDOR2,20051214_41358_0100_PP.png,2,0,0.6796431,0.10422535,0.15436415,0.055239424,0.0065279435,0.6796431,external_test,Bright,152.0,fixed_feather,42,C:\Users\USER\Desktop\Articulo\Datasets\MESSIDOR2\fixed_feather\r224\20051214_41358_0100_PP.png,direct_exact
APTOS,MESSIDOR2,20051214_41429_0100_PP.png,2,0,0.73956615,0.056815967,0.009866399,0.19152974,0.0022217599,0.73956615,external_test,Normal,112.0,fixed_feather,42,C:\Users\USER\Desktop\Articulo\Datasets\MESSIDOR2\fixed_feather\r224\20051214_41429_0100_PP.png,direct_exact
APTOS,MESSIDOR2,20051214_41490_0100_PP.png,2,0,0.5977907,0.16180027,0.052687712,0.16129564,0.02642565,0.5977907,external_test,Normal,114.0,fixed_feather,42,C:\Users\USER\Desktop\Articulo\Datasets\MESSIDOR2\fixed_feather\r224\20051214_41490_0100_PP.png,direct_exact
APTOS,MESSIDOR2,20051214_41582_0100_PP.png,2,0,0.7588008,0.04783908,0.16696812,0.022137322,0.0042547127,0.7588008,external_test,Dark,98.0,fixed_feather,42,C:\Users\USER\Desktop\Articulo\Datasets\MESSIDOR2\fixed_feather\r224\20051214_41582_0100_PP.png,direct_exact
APTOS,MESSIDOR2,20051214_41949_0100_PP.png,2,0,0.672519,0.19527645,0.03514605,0.036113694,0.060944848,0.672519,external_test,Dark,89.0,fixed_feather,42,C:\Users\USER\Desktop\Articulo\Datasets\MESSIDOR2\fixed_feather\r224\20051214_41949_0100_PP.png,direct_exact
APTOS,MESSIDOR2,20051214_42133_0100_PP.png,0,0,0.91730976,0.03546204,0.0029878716,0.0434915,0.0007488412,0.91730976,external_test,ExtremelyDark,66.0,fixed_feather,42,C:\Users\USER\Desktop\Articulo\Datasets\MESSIDOR2\fixed_feather\r224\20051214_42133_0100_PP.png,direct_exact
APTOS,MESSIDOR2,20051214_42197_0100_PP.png,0,0,0.9146505,0.050407108,0.00718181,0.026180707,0.0015799258,0.9146505,external_test,ExtremelyDark,68.0,fixed_feather,42,C:\Users\USER\Desktop\Articulo\Datasets\MESSIDOR2\fixed_feather\r224\20051214_42197_0100_PP.png,direct_exact
APTOS,MESSIDOR2,20051214_42323_0100_PP.png,0,0,0.9385039,0.019642523,0.0025445598,0.03693398,0.0023750125,0.9385039,external_test,VeryDark,77.0,fixed_feather,42,C:\Users\USER\Desktop\Articulo\Datasets\MESSIDOR2\fixed_feather\r224\20051214_42323_0100_PP.png,direct_exact
APTOS,MESSIDOR2,20051214_42363_0100_PP.png,0,0,0.87773216,0.042947013,0.01052238,0.045143228,0.02365516,0.87773216,external_test,VeryDark,77.0,fixed_feather,42,C:\Users\USER\Desktop\Articulo\Datasets\MESSIDOR2\fixed_feather\r224\20051214_42363_0100_PP.png,direct_exact
APTOS,MESSIDOR2,20051214_50895_0100_PP.png,2,0,0.9438201,0.02617373,0.0010916162,0.028588457,0.00032618368,0.9438201,external_test,Dark,107.0,fixed_feather,42,C:\Users\USER\Desktop\Articulo\Datasets\MESSIDOR2\fixed_feather\r224\20051214_50895_0100_PP.png,direct_exact
APTOS,MESSIDOR2,20051214_50933_0100_PP.png,1,0,0.8752051,0.046818182,0.0065981117,0.07026152,0.0011170517,0.8752051,external_test,Dark,107.0,fixed_feather,42,C:\Users\USER\Desktop\Articulo\Datasets\MESSIDOR2\fixed_feather\r224\20051214_50933_0100_PP.png,direct_exact
APTOS,MESSIDOR2,20051214_51039_0100_PP.png,2,0,0.91588366,0.036706094,0.010046512,0.03229497,0.005068757,0.91588366,external_test,Dark,89.0,fixed_feather,42,C:\Users\USER\Desktop\Articulo\Datasets\MESSIDOR2\fixed_feather\r224\20051214_51039_0100_PP.png,direct_exact
APTOS,MESSIDOR2,20051214_51071_0100_PP.png,2,0,0.9584918,0.02172732,0.001619958,0.017079208,0.0010816882,0.9584918,external_test,Normal,127.0,fixed_feather,42,C:\Users\USER\Desktop\Articulo\Datasets\MESSIDOR2\fixed_feather\r224\20051214_51071_0100_PP.png,direct_exact
APTOS,MESSIDOR2,20051214_51178_0100_PP.png,0,0,0.9704714,0.011503329,0.0020930937,0.015831273,0.000101030724,0.9704714,external_test,VeryDark,79.0,fixed_feather,42,C:\Users\USER\Desktop\Articulo\Datasets\MESSIDOR2\fixed_feather\r224\20051214_51178_0100_PP.png,direct_exact
APTOS,MESSIDOR2,20051214_51211_0100_PP.png,0,0,0.9624475,0.0056510046,0.00024959678,0.031597566,5.428765e-05,0.9624475,external_test,Dark,86.0,fixed_feather,42,C:\Users\USER\Desktop\Articulo\Datasets\MESSIDOR2\fixed_feather\r224\20051214_51211_0100_PP.png,direct_exact
APTOS,MESSIDOR2,20051214_51308_0100_PP.png,0,0,0.95988566,0.01752098,0.0019397844,0.018513594,0.0021398782,0.95988566,external_test,Normal,110.0,fixed_feather,42,C:\Users\USER\Desktop\Articulo\Datasets\MESSIDOR2\fixed_feather\r224\20051214_51308_0100_PP.png,direct_exact
APTOS,MESSIDOR2,20051214_51342_0100_PP.png,0,0,0.9144162,0.049630035,0.004734367,0.028740657,0.002478753,0.9144162,external_test,Normal,115.0,fixed_feather,42,C:\Users\USER\Desktop\Articulo\Datasets\MESSIDOR2\fixed_feather\r224\20051214_51342_0100_PP.png,direct_exact
APTOS,MESSIDOR2,20051214_51442_0100_PP.png,0,0,0.9319523,0.03020223,0.017395545,0.016558483,0.0038914515,0.9319523,external_test,Dark,93.0,fixed_feather,42,C:\Users\USER\Desktop\Articulo\Datasets\MESSIDOR2\fixed_feather\r224\20051214_51442_0100_PP.png,direct_exact
APTOS,MESSIDOR2,20051214_51469_0100_PP.png,0,0,0.8627013,0.08876073,0.008362245,0.03732057,0.0028551335,0.8627013,external_test,Dark,92.0,fixed_feather,42,C:\Users\USER\Desktop\Articulo\Datasets\MESSIDOR2\fixed_feather\r224\20051214_51469_0100_PP.png,direct_exact
APTOS,MESSIDOR2,20051214_51569_0100_PP.png,3,0,0.6534392,0.1658048,0.08332519,0.09028491,0.0071458346,0.6534392,external_test,Normal,119.0,fixed_feather,42,C:\Users\USER\Desktop\Articulo\Datasets\MESSIDOR2\fixed_feather\r224\20051214_51569_0100_PP.png,direct_exact
APTOS,MESSIDOR2,20051214_51609_0100_PP.png,3,0,0.73869103,0.09870495,0.05253784,0.089803785,0.020262359,0.73869103,external_test,Bright,131.0,fixed_feather,42,C:\Users\USER\Desktop\Articulo\Datasets\MESSIDOR2\fixed_feather\r224\20051214_51609_0100_PP.png,direct_exact
APTOS,MESSIDOR2,20051214_51701_0100_PP.png,3,2,0.23501432,0.076114394,0.39568147,0.2781503,0.015039541,0.39568147,external_test,Dark,88.0,fixed_feather,42,C:\Users\USER\Desktop\Articulo\Datasets\MESSIDOR2\fixed_feather\r224\20051214_51701_0100_PP.png,direct_exact
APTOS,MESSIDOR2,20051214_51733_0100_PP.png,3,0,0.40185702,0.096988216,0.2220721,0.2524296,0.026653022,0.40185702,external_test,Dark,96.0,fixed_feather,42,C:\Users\USER\Desktop\Articulo\Datasets\MESSIDOR2\fixed_feather\r224\20051214_51733_0100_PP.png,direct_exact
APTOS,MESSIDOR2,20051214_51811_0100_PP.png,2,0,0.9174569,0.048007805,0.011537811,0.018795999,0.0042014294,0.9174569,external_test,Dark,108.0,fixed_feather,42,C:\Users\USER\Desktop\Articulo\Datasets\MESSIDOR2\fixed_feather\r224\20051214_51811_0100_PP.png,direct_exact
APTOS,MESSIDOR2,20051214_51840_0100_PP.png,2,0,0.95224154,0.026003856,0.0047958964,0.014828841,0.0021299154,0.95224154,external_test,Normal,129.0,fixed_feather,42,C:\Users\USER\Desktop\Articulo\Datasets\MESSIDOR2\fixed_feather\r224\20051214_51840_0100_PP.png,direct_exact
APTOS,MESSIDOR2,20051214_51921_0100_PP.png,2,2,0.29524916,0.21920782,0.31278175,0.054849092,0.117912166,0.31278175,external_test,Dark,107.0,fixed_feather,42,C:\Users\USER\Desktop\Articulo\Datasets\MESSIDOR2\fixed_feather\r224\20051214_51921_0100_PP.png,direct_exact
APTOS,MESSIDOR2,20051214_51953_0100_PP.png,3,0,0.42565906,0.063724265,0.06972877,0.3814927,0.059395123,0.42565906,external_test,Dark,99.0,fixed_feather,42,C:\Users\USER\Desktop\Articulo\Datasets\MESSIDOR2\fixed_feather\r224\20051214_51953_0100_PP.png,direct_exact
APTOS,MESSIDOR2,20051214_52204_0100_PP.png,3,0,0.44702104,0.022766545,0.009532002,0.3795024,0.14117806,0.44702104,external_test,Dark,91.0,fixed_feather,42,C:\Users\USER\Desktop\Articulo\Datasets\MESSIDOR2\fixed_feather\r224\20051214_52204_0100_PP.png,direct_exact
APTOS,MESSIDOR2,20051214_52242_0100_PP.png,3,3,0.27428398,0.040586352,0.023126792,0.5017322,0.1602707,0.5017322,external_test,Dark,94.0,fixed_feather,42,C:\Users\USER\Desktop\Articulo\Datasets\MESSIDOR2\fixed_feather\r224\20051214_52242_0100_PP.png,direct_exact
APTOS,MESSIDOR2,20051214_52695_0100_PP.png,1,0,0.93233544,0.012204203,0.006260466,0.048223022,0.0009769938,0.93233544,external_test,Bright,143.0,fixed_feather,42,C:\Users\USER\Desktop\Articulo\Datasets\MESSIDOR2\fixed_feather\r224\20051214_52695_0100_PP.png,direct_exact
APTOS,MESSIDOR2,20051214_52707_0100_PP.png,2,0,0.9261534,0.02033319,0.013005583,0.0373832,0.0031245681,0.9261534,external_test,Bright,144.0,fixed_feather,42,C:\Users\USER\Desktop\Articulo\Datasets\MESSIDOR2\fixed_feather\r224\20051214_52707_0100_PP.png,direct_exact
APTOS,MESSIDOR2,20051214_56242_0100_PP.png,0,0,0.915782,0.03442067,0.0035076325,0.044932276,0.0013574328,0.915782,external_test,Normal,122.0,fixed_feather,42,C:\Users\USER\Desktop\Articulo\Datasets\MESSIDOR2\fixed_feather\r224\20051214_56242_0100_PP.png,direct_exact
APTOS,MESSIDOR2,20051214_56269_0100_PP.png,2,0,0.9230065,0.035295904,0.007985293,0.029010035,0.0047022756,0.9230065,external_test,Bright,130.0,fixed_feather,42,C:\Users\USER\Desktop\Articulo\Datasets\MESSIDOR2\fixed_feather\r224\20051214_56269_0100_PP.png,direct_exact
APTOS,MESSIDOR2,20051214_56392_0100_PP.png,0,0,0.86165965,0.07845596,0.0044541727,0.0445602,0.010870029,0.86165965,external_test,VeryDark,81.0,fixed_feather,42,C:\Users\USER\Desktop\Articulo\Datasets\MESSIDOR2\fixed_feather\r224\20051214_56392_0100_PP.png,direct_exact
APTOS,MESSIDOR2,20051214_56438_0100_PP.png,0,0,0.8729601,0.0556121,0.0076257815,0.055813767,0.007988188,0.8729601,external_test,VeryDark,80.0,fixed_feather,42,C:\Users\USER\Desktop\Articulo\Datasets\MESSIDOR2\fixed_feather\r224\20051214_56438_0100_PP.png,direct_exact
APTOS,MESSIDOR2,20051214_56534_0100_PP.png,2,0,0.82341844,0.10624974,0.010335779,0.05293078,0.0070653283,0.82341844,external_test,Dark,100.0,fixed_feather,42,C:\Users\USER\Desktop\Articulo\Datasets\MESSIDOR2\fixed_feather\r224\20051214_56534_0100_PP.png,direct_exact
APTOS,MESSIDOR2,20051214_56565_0100_PP.png,2,0,0.9272733,0.0443294,0.0064025884,0.016516605,0.0054782685,0.9272733,external_test,Normal,111.0,fixed_feather,42,C:\Users\USER\Desktop\Articulo\Datasets\MESSIDOR2\fixed_feather\r224\20051214_56565_0100_PP.png,direct_exact
APTOS,MESSIDOR2,20051214_56636_0100_PP.png,0,0,0.8715404,0.066802934,0.0017552875,0.054536615,0.0053647035,0.8715404,external_test,Dark,90.0,fixed_feather,42,C:\Users\USER\Desktop\Articulo\Datasets\MESSIDOR2\fixed_feather\r224\20051214_56636_0100_PP.png,direct_exact
APTOS,MESSIDOR2,20051214_56688_0100_PP.png,0,0,0.9447866,0.028913064,0.0007644849,0.022100266,0.0034355628,0.9447866,external_test,Dark,100.0,fixed_feather,42,C:\Users\USER\Desktop\Articulo\Datasets\MESSIDOR2\fixed_feather\r224\20051214_56688_0100_PP.png,direct_exact
APTOS,MESSIDOR2,20051214_56778_0100_PP.png,3,0,0.47230133,0.102343045,0.2785689,0.13269824,0.014088506,0.47230133,external_test,Normal,118.0,fixed_feather,42,C:\Users\USER\Desktop\Articulo\Datasets\MESSIDOR2\fixed_feather\r224\20051214_56778_0100_PP.png,direct_exact
APTOS,MESSIDOR2,20051214_56821_0100_PP.png,4,3,0.18331756,0.013811226,0.12003798,0.47375765,0.20907557,0.47375765,external_test,Normal,123.0,fixed_feather,42,C:\Users\USER\Desktop\Articulo\Datasets\MESSIDOR2\fixed_feather\r224\20051214_56821_0100_PP.png,direct_exact
APTOS,MESSIDOR2,20051214_56944_0100_PP.png,4,0,0.514639,0.30147076,0.15297282,0.025135634,0.005781806,0.514639,external_test,ExtremelyDark,67.0,fixed_feather,42,C:\Users\USER\Desktop\Articulo\Datasets\MESSIDOR2\fixed_feather\r224\20051214_56944_0100_PP.png,direct_exact
APTOS,MESSIDOR2,20051214_56971_0100_PP.png,4,0,0.52589434,0.27423343,0.13719402,0.056959968,0.005718238,0.52589434,external_test,ExtremelyDark,68.0,fixed_feather,42,C:\Users\USER\Desktop\Articulo\Datasets\MESSIDOR2\fixed_feather\r224\20051214_56971_0100_PP.png,direct_exact
APTOS,MESSIDOR2,20051214_57125_0100_PP.png,3,0,0.74509114,0.07666738,0.039660897,0.13446066,0.0041198665,0.74509114,external_test,Dark,89.0,fixed_feather,42,C:\Users\USER\Desktop\Articulo\Datasets\MESSIDOR2\fixed_feather\r224\20051214_57125_0100_PP.png,direct_exact
APTOS,MESSIDOR2,20051214_57154_0100_PP.png,3,0,0.5191641,0.2053011,0.08042011,0.12835315,0.06676155,0.5191641,external_test,Dark,87.0,fixed_feather,42,C:\Users\USER\Desktop\Articulo\Datasets\MESSIDOR2\fixed_feather\r224\20051214_57154_0100_PP.png,direct_exact
APTOS,MESSIDOR2,20051214_57230_0100_PP.png,2,0,0.92092365,0.04213751,0.020747205,0.012586741,0.0036049716,0.92092365,external_test,Dark,103.0,fixed_feather,42,C:\Users\USER\Desktop\Articulo\Datasets\MESSIDOR2\fixed_feather\r224\20051214_57230_0100_PP.png,direct_exact
APTOS,MESSIDOR2,20051214_57260_0100_PP.png,2,0,0.72081655,0.169043,0.08568124,0.01822843,0.00623075,0.72081655,external_test,Dark,98.0,fixed_feather,42,C:\Users\USER\Desktop\Articulo\Datasets\MESSIDOR2\fixed_feather\r224\20051214_57260_0100_PP.png,direct_exact
APTOS,MESSIDOR2,20051214_57377_0100_PP.png,2,0,0.5971896,0.24428347,0.028166482,0.11055194,0.019808525,0.5971896,external_test,Dark,105.0,fixed_feather,42,C:\Users\USER\Desktop\Articulo\Datasets\MESSIDOR2\fixed_feather\r224\20051214_57377_0100_PP.png,direct_exact
APTOS,MESSIDOR2,20051214_57404_0100_PP.png,2,0,0.8183771,0.114231706,0.024614587,0.024320979,0.01845568,0.8183771,external_test,Normal,109.0,fixed_feather,42,C:\Users\USER\Desktop\Articulo\Datasets\MESSIDOR2\fixed_feather\r224\20051214_57404_0100_PP.png,direct_exact
APTOS,MESSIDOR2,20051214_57761_0100_PP.png,0,0,0.9516299,0.022457222,0.014795175,0.00765589,0.003461812,0.9516299,external_test,Normal,117.0,fixed_feather,42,C:\Users\USER\Desktop\Articulo\Datasets\MESSIDOR2\fixed_feather\r224\20051214_57761_0100_PP.png,direct_exact
APTOS,MESSIDOR2,20051214_57817_0100_PP.png,0,0,0.9066229,0.053692818,0.015047962,0.020239227,0.0043970738,0.9066229,external_test,Normal,115.0,fixed_feather,42,C:\Users\USER\Desktop\Articulo\Datasets\MESSIDOR2\fixed_feather\r224\20051214_57817_0100_PP.png,direct_exact
APTOS,MESSIDOR2,20051216_43814_0200_PP.png,1,0,0.9006103,0.057296522,0.004729405,0.03414491,0.003218896,0.9006103,external_test,Normal,125.0,fixed_feather,42,C:\Users\USER\Desktop\Articulo\Datasets\MESSIDOR2\fixed_feather\r224\20051216_43814_0200_PP.png,direct_exact
APTOS,MESSIDOR2,20051216_43913_0200_PP.png,0,0,0.93713546,0.039664045,0.0057872785,0.013595288,0.0038179029,0.93713546,external_test,Normal,126.0,fixed_feather,42,C:\Users\USER\Desktop\Articulo\Datasets\MESSIDOR2\fixed_feather\r224\20051216_43913_0200_PP.png,direct_exact
APTOS,MESSIDOR2,20051216_44066_0200_PP.png,0,0,0.9578651,0.024644576,0.0072977277,0.008114571,0.002077953,0.9578651,external_test,Bright,151.0,fixed_feather,42,C:\Users\USER\Desktop\Articulo\Datasets\MESSIDOR2\fixed_feather\r224\20051216_44066_0200_PP.png,direct_exact
APTOS,MESSIDOR2,20051216_44092_0200_PP.png,0,0,0.84796405,0.05005122,0.027805684,0.07024613,0.003932958,0.84796405,external_test,Bright,134.0,fixed_feather,42,C:\Users\USER\Desktop\Articulo\Datasets\MESSIDOR2\fixed_feather\r224\20051216_44092_0200_PP.png,direct_exact
APTOS,MESSIDOR2,20051216_44221_0200_PP.png,0,0,0.9518047,0.0286581,0.0043961564,0.013888421,0.0012526757,0.9518047,external_test,Bright,152.0,fixed_feather,42,C:\Users\USER\Desktop\Articulo\Datasets\MESSIDOR2\fixed_feather\r224\20051216_44221_0200_PP.png,direct_exact
APTOS,MESSIDOR2,20051216_44252_0200_PP.png,0,0,0.93937045,0.027983902,0.0053105643,0.026602635,0.00073251786,0.93937045,external_test,Bright,154.0,fixed_feather,42,C:\Users\USER\Desktop\Articulo\Datasets\MESSIDOR2\fixed_feather\r224\20051216_44252_0200_PP.png,direct_exact
APTOS,MESSIDOR2,20051216_44398_0200_PP.png,0,0,0.95199275,0.02925044,0.0024320662,0.015528675,0.0007960852,0.95199275,external_test,Normal,123.0,fixed_feather,42,C:\Users\USER\Desktop\Articulo\Datasets\MESSIDOR2\fixed_feather\r224\20051216_44398_0200_PP.png,direct_exact
APTOS,MESSIDOR2,20051216_44420_0200_PP.png,0,0,0.95310754,0.023692569,0.0022727845,0.020015057,0.00091201975,0.95310754,external_test,Normal,119.0,fixed_feather,42,C:\Users\USER\Desktop\Articulo\Datasets\MESSIDOR2\fixed_feather\r224\20051216_44420_0200_PP.png,direct_exact
APTOS,MESSIDOR2,20051216_44635_0200_PP.png,0,0,0.9537243,0.005171853,0.0038123548,0.034211382,0.0030800267,0.9537243,external_test,Normal,126.0,fixed_feather,42,C:\Users\USER\Desktop\Articulo\Datasets\MESSIDOR2\fixed_feather\r224\20051216_44635_0200_PP.png,direct_exact
APTOS,MESSIDOR2,20051216_44660_0200_PP.png,0,0,0.8993323,0.055265747,0.00795114,0.021427382,0.016023433,0.8993323,external_test,Normal,129.0,fixed_feather,42,C:\Users\USER\Desktop\Articulo\Datasets\MESSIDOR2\fixed_feather\r224\20051216_44660_0200_PP.png,direct_exact
APTOS,MESSIDOR2,20051216_44811_0200_PP.png,0,0,0.9610014,0.015666021,0.00431437,0.01613889,0.0028793206,0.9610014,external_test,Normal,117.0,fixed_feather,42,C:\Users\USER\Desktop\Articulo\Datasets\MESSIDOR2\fixed_feather\r224\20051216_44811_0200_PP.png,direct_exact
APTOS,MESSIDOR2,20051216_44832_0200_PP.png,0,0,0.91881114,0.013424561,0.0037875075,0.0625175,0.0014594177,0.91881114,external_test,Normal,117.0,fixed_feather,42,C:\Users\USER\Desktop\Articulo\Datasets\MESSIDOR2\fixed_feather\r224\20051216_44832_0200_PP.png,direct_exact
APTOS,MESSIDOR2,20051216_44939_0200_PP.png,2,0,0.9374395,0.016170451,0.00524714,0.03580996,0.0053329095,0.9374395,external_test,Normal,121.0,fixed_feather,42,C:\Users\USER\Desktop\Articulo\Datasets\MESSIDOR2\fixed_feather\r224\20051216_44939_0200_PP.png,direct_exact
APTOS,MESSIDOR2,20051216_44961_0200_PP.png,2,0,0.8707516,0.039525423,0.0064172167,0.079405926,0.003899815,0.8707516,external_test,Normal,124.0,fixed_feather,42,C:\Users\USER\Desktop\Articulo\Datasets\MESSIDOR2\fixed_feather\r224\20051216_44961_0200_PP.png,direct_exact
APTOS,MESSIDOR2,20051216_45076_0200_PP.png,0,0,0.9887793,0.008231498,0.0004558817,0.002331526,0.00020179694,0.9887793,external_test,Normal,128.0,fixed_feather,42,C:\Users\USER\Desktop\Articulo\Datasets\MESSIDOR2\fixed_feather\r224\20051216_45076_0200_PP.png,direct_exact
APTOS,MESSIDOR2,20051216_45100_0200_PP.png,1,0,0.9361101,0.044126034,0.003367914,0.015190307,0.0012057226,0.9361101,external_test,Bright,132.0,fixed_feather,42,C:\Users\USER\Desktop\Articulo\Datasets\MESSIDOR2\fixed_feather\r224\20051216_45100_0200_PP.png,direct_exact
APTOS,MESSIDOR2,20051216_45226_0200_PP.png,3,0,0.7420848,0.09764549,0.08650956,0.065365374,0.008394856,0.7420848,external_test,Bright,154.0,fixed_feather,42,C:\Users\USER\Desktop\Articulo\Datasets\MESSIDOR2\fixed_feather\r224\20051216_45226_0200_PP.png,direct_exact
APTOS,MESSIDOR2,20051216_45245_0200_PP.png,3,0,0.9517452,0.02088315,0.007484631,0.010610723,0.009276291,0.9517452,external_test,Bright,130.0,fixed_feather,42,C:\Users\USER\Desktop\Articulo\Datasets\MESSIDOR2\fixed_feather\r224\20051216_45245_0200_PP.png,direct_exact
APTOS,MESSIDOR2,20051216_45351_0200_PP.png,2,0,0.7298692,0.1278043,0.03216514,0.07921565,0.030945573,0.7298692,external_test,Normal,112.0,fixed_feather,42,C:\Users\USER\Desktop\Articulo\Datasets\MESSIDOR2\fixed_feather\r224\20051216_45351_0200_PP.png,direct_exact
APTOS,MESSIDOR2,20051216_45375_0200_PP.png,1,0,0.86672944,0.08466017,0.016793814,0.013674224,0.018142462,0.86672944,external_test,Dark,101.0,fixed_feather,42,C:\Users\USER\Desktop\Articulo\Datasets\MESSIDOR2\fixed_feather\r224\20051216_45375_0200_PP.png,direct_exact
APTOS,MESSIDOR2,20051216_45478_0200_PP.png,1,0,0.88480073,0.054471117,0.0022607292,0.05826756,0.00019995024,0.88480073,external_test,Bright,141.0,fixed_feather,42,C:\Users\USER\Desktop\Articulo\Datasets\MESSIDOR2\fixed_feather\r224\20051216_45478_0200_PP.png,direct_exact
APTOS,MESSIDOR2,20051216_45499_0200_PP.png,0,0,0.8944485,0.047824882,0.011433174,0.04578112,0.0005123589,0.8944485,external_test,Bright,139.0,fixed_feather,42,C:\Users\USER\Desktop\Articulo\Datasets\MESSIDOR2\fixed_feather\r224\20051216_45499_0200_PP.png,direct_exact
APTOS,MESSIDOR2,20051216_45595_0200_PP.png,1,0,0.94611686,0.039122727,0.008209676,0.004834977,0.0017157468,0.94611686,external_test,Bright,162.0,fixed_feather,42,C:\Users\USER\Desktop\Articulo\Datasets\MESSIDOR2\fixed_feather\r224\20051216_45595_0200_PP.png,direct_exact
APTOS,MESSIDOR2,20051216_45619_0200_PP.png,1,0,0.94074744,0.024671493,0.0038236747,0.029467512,0.0012898352,0.94074744,external_test,VeryBright,167.0,fixed_feather,42,C:\Users\USER\Desktop\Articulo\Datasets\MESSIDOR2\fixed_feather\r224\20051216_45619_0200_PP.png,direct_exact
APTOS,MESSIDOR2,20051216_45757_0200_PP.png,1,0,0.97136635,0.01595923,0.006138196,0.0047954796,0.0017407734,0.97136635,external_test,Bright,150.0,fixed_feather,42,C:\Users\USER\Desktop\Articulo\Datasets\MESSIDOR2\fixed_feather\r224\20051216_45757_0200_PP.png,direct_exact
APTOS,MESSIDOR2,20051216_45781_0200_PP.png,0,0,0.9489585,0.02705361,0.009110065,0.007275098,0.0076027783,0.9489585,external_test,Bright,163.0,fixed_feather,42,C:\Users\USER\Desktop\Articulo\Datasets\MESSIDOR2\fixed_feather\r224\20051216_45781_0200_PP.png,direct_exact
APTOS,MESSIDOR2,20051216_45873_0200_PP.png,0,0,0.91714066,0.059989847,0.008363776,0.012396374,0.002109385,0.91714066,external_test,Normal,126.0,fixed_feather,42,C:\Users\USER\Desktop\Articulo\Datasets\MESSIDOR2\fixed_feather\r224\20051216_45873_0200_PP.png,direct_exact
APTOS,MESSIDOR2,20051216_45899_0200_PP.png,1,0,0.95949274,0.020241005,0.0032467963,0.016019752,0.0009997285,0.95949274,external_test,Bright,131.0,fixed_feather,42,C:\Users\USER\Desktop\Articulo\Datasets\MESSIDOR2\fixed_feather\r224\20051216_45899_0200_PP.png,direct_exact
APTOS,MESSIDOR2,20051216_45992_0200_PP.png,0,0,0.8829643,0.072690725,0.011034381,0.015776986,0.01753354,0.8829643,external_test,Bright,130.0,fixed_feather,42,C:\Users\USER\Desktop\Articulo\Datasets\MESSIDOR2\fixed_feather\r224\20051216_45992_0200_PP.png,direct_exact
APTOS,MESSIDOR2,20051216_46018_0200_PP.png,0,0,0.93202657,0.047127537,0.006439823,0.010931164,0.0034749487,0.93202657,external_test,Bright,132.0,fixed_feather,42,C:\Users\USER\Desktop\Articulo\Datasets\MESSIDOR2\fixed_feather\r224\20051216_46018_0200_PP.png,direct_exact
APTOS,MESSIDOR2,20051216_46156_0200_PP.png,1,0,0.89977175,0.06685694,0.013581749,0.014851637,0.004938026,0.89977175,external_test,Bright,136.0,fixed_feather,42,C:\Users\USER\Desktop\Articulo\Datasets\MESSIDOR2\fixed_feather\r224\20051216_46156_0200_PP.png,direct_exact
APTOS,MESSIDOR2,20051216_46183_0200_PP.png,0,0,0.9564635,0.024419084,0.0049848864,0.0137223145,0.0004101419,0.9564635,external_test,Bright,139.0,fixed_feather,42,C:\Users\USER\Desktop\Articulo\Datasets\MESSIDOR2\fixed_feather\r224\20051216_46183_0200_PP.png,direct_exact
APTOS,MESSIDOR2,20051216_46624_0200_PP.png,2,0,0.92262894,0.039267074,0.016155113,0.016972344,0.0049765026,0.92262894,external_test,Bright,149.0,fixed_feather,42,C:\Users\USER\Desktop\Articulo\Datasets\MESSIDOR2\fixed_feather\r224\20051216_46624_0200_PP.png,direct_exact
APTOS,MESSIDOR2,20051216_46660_0200_PP.png,3,0,0.90652394,0.026012337,0.03459414,0.018765265,0.014104404,0.90652394,external_test,Bright,142.0,fixed_feather,42,C:\Users\USER\Desktop\Articulo\Datasets\MESSIDOR2\fixed_feather\r224\20051216_46660_0200_PP.png,direct_exact
APTOS,MESSIDOR2,20051216_46827_0200_PP.png,3,0,0.7326104,0.13166413,0.07874985,0.045220036,0.011755578,0.7326104,external_test,Bright,133.0,fixed_feather,42,C:\Users\USER\Desktop\Articulo\Datasets\MESSIDOR2\fixed_feather\r224\20051216_46827_0200_PP.png,direct_exact
APTOS,MESSIDOR2,20051216_46847_0200_PP.png,3,0,0.7713072,0.066554084,0.09195123,0.05954547,0.010642002,0.7713072,external_test,Bright,133.0,fixed_feather,42,C:\Users\USER\Desktop\Articulo\Datasets\MESSIDOR2\fixed_feather\r224\20051216_46847_0200_PP.png,direct_exact
APTOS,MESSIDOR2,20051216_47000_0200_PP.png,3,2,0.19905376,0.057678536,0.4933031,0.022872498,0.22709218,0.4933031,external_test,VeryBright,166.0,fixed_feather,42,C:\Users\USER\Desktop\Articulo\Datasets\MESSIDOR2\fixed_feather\r224\20051216_47000_0200_PP.png,direct_exact
APTOS,MESSIDOR2,20051216_47024_0200_PP.png,3,0,0.30233976,0.03345091,0.105007075,0.27857107,0.28063115,0.30233976,external_test,Normal,124.0,fixed_feather,42,C:\Users\USER\Desktop\Articulo\Datasets\MESSIDOR2\fixed_feather\r224\20051216_47024_0200_PP.png,direct_exact
APTOS,MESSIDOR2,20051216_47383_0200_PP.png,2,0,0.9523457,0.0115974825,0.00046204418,0.0353614,0.00023334708,0.9523457,external_test,Normal,120.0,fixed_feather,42,C:\Users\USER\Desktop\Articulo\Datasets\MESSIDOR2\fixed_feather\r224\20051216_47383_0200_PP.png,direct_exact
APTOS,MESSIDOR2,20051216_47420_0200_PP.png,1,0,0.9327037,0.033389974,0.006231675,0.024938896,0.0027357517,0.9327037,external_test,Normal,122.0,fixed_feather,42,C:\Users\USER\Desktop\Articulo\Datasets\MESSIDOR2\fixed_feather\r224\20051216_47420_0200_PP.png,direct_exact
APTOS,MESSIDOR2,20051216_47514_0200_PP.png,0,0,0.97882974,0.014889928,0.004028491,0.0020477565,0.00020422264,0.97882974,external_test,Bright,136.0,fixed_feather,42,C:\Users\USER\Desktop\Articulo\Datasets\MESSIDOR2\fixed_feather\r224\20051216_47514_0200_PP.png,direct_exact
APTOS,MESSIDOR2,20051216_47536_0200_PP.png,0,0,0.97608614,0.019490227,0.0017083759,0.0023766644,0.00033873972,0.97608614,external_test,Bright,135.0,fixed_feather,42,C:\Users\USER\Desktop\Articulo\Datasets\MESSIDOR2\fixed_feather\r224\20051216_47536_0200_PP.png,direct_exact
APTOS,MESSIDOR2,20051216_47668_0200_PP.png,2,0,0.8787288,0.03216822,0.008549988,0.07571349,0.004839493,0.8787288,external_test,Bright,142.0,fixed_feather,42,C:\Users\USER\Desktop\Articulo\Datasets\MESSIDOR2\fixed_feather\r224\20051216_47668_0200_PP.png,direct_exact
APTOS,MESSIDOR2,20051216_47703_0200_PP.png,2,0,0.89463884,0.081425466,0.0066743805,0.015538309,0.001723036,0.89463884,external_test,Bright,157.0,fixed_feather,42,C:\Users\USER\Desktop\Articulo\Datasets\MESSIDOR2\fixed_feather\r224\20051216_47703_0200_PP.png,direct_exact
APTOS,MESSIDOR2,20060407_38711_0200_PP.png,0,0,0.9749697,0.005585868,0.00171116,0.017339094,0.0003941392,0.9749697,external_test,Bright,159.0,fixed_feather,42,C:\Users\USER\Desktop\Articulo\Datasets\MESSIDOR2\fixed_feather\r224\20060407_38711_0200_PP.png,direct_exact
APTOS,MESSIDOR2,20060407_38970_0200_PP.png,0,0,0.9400252,0.02940901,0.0052950643,0.024471242,0.00079955714,0.9400252,external_test,Bright,159.0,fixed_feather,42,C:\Users\USER\Desktop\Articulo\Datasets\MESSIDOR2\fixed_feather\r224\20060407_38970_0200_PP.png,direct_exact
APTOS,MESSIDOR2,20060407_39155_0200_PP.png,0,0,0.9455635,0.025148245,0.005902455,0.022562826,0.0008229378,0.9455635,external_test,Normal,122.0,fixed_feather,42,C:\Users\USER\Desktop\Articulo\Datasets\MESSIDOR2\fixed_feather\r224\20060407_39155_0200_PP.png,direct_exact
APTOS,MESSIDOR2,20060407_39184_0200_PP.png,0,0,0.89579934,0.052208763,0.011365537,0.036881488,0.0037449799,0.89579934,external_test,Normal,123.0,fixed_feather,42,C:\Users\USER\Desktop\Articulo\Datasets\MESSIDOR2\fixed_feather\r224\20060407_39184_0200_PP.png,direct_exact
APTOS,MESSIDOR2,20060407_39306_0200_PP.png,0,0,0.8778452,0.07726369,0.025580103,0.015774554,0.003536439,0.8778452,external_test,Normal,127.0,fixed_feather,42,C:\Users\USER\Desktop\Articulo\Datasets\MESSIDOR2\fixed_feather\r224\20060407_39306_0200_PP.png,direct_exact
APTOS,MESSIDOR2,20060407_39328_0200_PP.png,0,0,0.93958473,0.023872152,0.006390193,0.02914399,0.0010089602,0.93958473,external_test,Bright,131.0,fixed_feather,42,C:\Users\USER\Desktop\Articulo\Datasets\MESSIDOR2\fixed_feather\r224\20060407_39328_0200_PP.png,direct_exact
APTOS,MESSIDOR2,20060407_39402_0200_PP.png,1,0,0.96756995,0.018927583,0.004152487,0.007733623,0.0016162577,0.96756995,external_test,Bright,144.0,fixed_feather,42,C:\Users\USER\Desktop\Articulo\Datasets\MESSIDOR2\fixed_feather\r224\20060407_39402_0200_PP.png,direct_exact
APTOS,MESSIDOR2,20060407_39435_0200_PP.png,0,0,0.97174275,0.0076558045,0.015599366,0.0016741536,0.0033279788,0.97174275,external_test,Bright,155.0,fixed_feather,42,C:\Users\USER\Desktop\Articulo\Datasets\MESSIDOR2\fixed_feather\r224\20060407_39435_0200_PP.png,direct_exact
APTOS,MESSIDOR2,20060407_39546_0200_PP.png,0,0,0.9508224,0.025170619,0.0079631,0.0126888435,0.0033550917,0.9508224,external_test,Bright,143.0,fixed_feather,42,C:\Users\USER\Desktop\Articulo\Datasets\MESSIDOR2\fixed_feather\r224\20060407_39546_0200_PP.png,direct_exact
APTOS,MESSIDOR2,20060407_39567_0200_PP.png,0,0,0.90150505,0.061979398,0.010086357,0.021599503,0.004829761,0.90150505,external_test,Bright,146.0,fixed_feather,42,C:\Users\USER\Desktop\Articulo\Datasets\MESSIDOR2\fixed_feather\r224\20060407_39567_0200_PP.png,direct_exact
APTOS,MESSIDOR2,20060407_39667_0200_PP.png,1,0,0.9288711,0.032303307,0.025019282,0.011057548,0.002748824,0.9288711,external_test,Bright,158.0,fixed_feather,42,C:\Users\USER\Desktop\Articulo\Datasets\MESSIDOR2\fixed_feather\r224\20060407_39667_0200_PP.png,direct_exact
APTOS,MESSIDOR2,20060407_39687_0200_PP.png,0,0,0.9869818,0.0056910627,0.0019262709,0.004968778,0.00043203263,0.9869818,external_test,Bright,156.0,fixed_feather,42,C:\Users\USER\Desktop\Articulo\Datasets\MESSIDOR2\fixed_feather\r224\20060407_39687_0200_PP.png,direct_exact
APTOS,MESSIDOR2,20060407_39761_0200_PP.png,0,0,0.9632814,0.024516119,0.005244087,0.005981429,0.0009771076,0.9632814,external_test,Bright,132.0,fixed_feather,42,C:\Users\USER\Desktop\Articulo\Datasets\MESSIDOR2\fixed_feather\r224\20060407_39761_0200_PP.png,direct_exact
APTOS,MESSIDOR2,20060407_39780_0200_PP.png,0,0,0.93219995,0.046750546,0.0040299175,0.016092215,0.00092742074,0.93219995,external_test,Normal,127.0,fixed_feather,42,C:\Users\USER\Desktop\Articulo\Datasets\MESSIDOR2\fixed_feather\r224\20060407_39780_0200_PP.png,direct_exact
APTOS,MESSIDOR2,20060407_40582_0200_PP.png,2,0,0.9753329,0.0083183795,0.0018776364,0.013779112,0.00069201394,0.9753329,external_test,Normal,127.0,fixed_feather,42,C:\Users\USER\Desktop\Articulo\Datasets\MESSIDOR2\fixed_feather\r224\20060407_40582_0200_PP.png,direct_exact
APTOS,MESSIDOR2,20060407_40624_0200_PP.png,2,0,0.92890584,0.023247598,0.0034144633,0.04280776,0.0016242273,0.92890584,external_test,Normal,125.0,fixed_feather,42,C:\Users\USER\Desktop\Articulo\Datasets\MESSIDOR2\fixed_feather\r224\20060407_40624_0200_PP.png,direct_exact
APTOS,MESSIDOR2,20060407_40740_0200_PP.png,0,0,0.9219815,0.04725195,0.010596711,0.013991895,0.006177854,0.9219815,external_test,Bright,141.0,fixed_feather,42,C:\Users\USER\Desktop\Articulo\Datasets\MESSIDOR2\fixed_feather\r224\20060407_40740_0200_PP.png,direct_exact
APTOS,MESSIDOR2,20060407_40761_0200_PP.png,0,0,0.95555687,0.02025633,0.008325585,0.012922396,0.0029387765,0.95555687,external_test,Bright,148.0,fixed_feather,42,C:\Users\USER\Desktop\Articulo\Datasets\MESSIDOR2\fixed_feather\r224\20060407_40761_0200_PP.png,direct_exact
APTOS,MESSIDOR2,20060407_40937_0200_PP.png,1,0,0.98134816,0.009524582,0.0020050001,0.0059220577,0.001200164,0.98134816,external_test,Bright,139.0,fixed_feather,42,C:\Users\USER\Desktop\Articulo\Datasets\MESSIDOR2\fixed_feather\r224\20060407_40937_0200_PP.png,direct_exact
APTOS,MESSIDOR2,20060407_40957_0200_PP.png,1,0,0.9763831,0.010883908,0.0038304667,0.007570927,0.0013315317,0.9763831,external_test,Bright,143.0,fixed_feather,42,C:\Users\USER\Desktop\Articulo\Datasets\MESSIDOR2\fixed_feather\r224\20060407_40957_0200_PP.png,direct_exact
APTOS,MESSIDOR2,20060407_41149_0200_PP.png,0,0,0.8867562,0.05364568,0.0070496583,0.043164957,0.009383476,0.8867562,external_test,Normal,115.0,fixed_feather,42,C:\Users\USER\Desktop\Articulo\Datasets\MESSIDOR2\fixed_feather\r224\20060407_41149_0200_PP.png,direct_exact
APTOS,MESSIDOR2,20060407_41177_0200_PP.png,0,0,0.76908624,0.058075037,0.012358013,0.14256816,0.01791258,0.76908624,external_test,Normal,116.0,fixed_feather,42,C:\Users\USER\Desktop\Articulo\Datasets\MESSIDOR2\fixed_feather\r224\20060407_41177_0200_PP.png,direct_exact
APTOS,MESSIDOR2,20060407_41312_0200_PP.png,0,0,0.96766764,0.014952336,0.002340078,0.014891182,0.00014884045,0.96766764,external_test,Bright,142.0,fixed_feather,42,C:\Users\USER\Desktop\Articulo\Datasets\MESSIDOR2\fixed_feather\r224\20060407_41312_0200_PP.png,direct_exact
APTOS,MESSIDOR2,20060407_41330_0200_PP.png,1,0,0.9607948,0.014519498,0.0021554106,0.022219889,0.00031042472,0.9607948,external_test,Bright,143.0,fixed_feather,42,C:\Users\USER\Desktop\Articulo\Datasets\MESSIDOR2\fixed_feather\r224\20060407_41330_0200_PP.png,direct_exact
APTOS,MESSIDOR2,20060407_41809_0200_PP.png,2,0,0.961195,0.02145728,0.006058993,0.0057588615,0.0055300156,0.961195,external_test,Bright,154.0,fixed_feather,42,C:\Users\USER\Desktop\Articulo\Datasets\MESSIDOR2\fixed_feather\r224\20060407_41809_0200_PP.png,direct_exact
APTOS,MESSIDOR2,20060407_41831_0200_PP.png,2,0,0.9218023,0.04304961,0.01056612,0.021928225,0.0026537622,0.9218023,external_test,Bright,145.0,fixed_feather,42,C:\Users\USER\Desktop\Articulo\Datasets\MESSIDOR2\fixed_feather\r224\20060407_41831_0200_PP.png,direct_exact
APTOS,MESSIDOR2,20060407_41937_0200_PP.png,2,0,0.94645727,0.02240176,0.0050527467,0.022740215,0.0033480038,0.94645727,external_test,Bright,139.0,fixed_feather,42,C:\Users\USER\Desktop\Articulo\Datasets\MESSIDOR2\fixed_feather\r224\20060407_41937_0200_PP.png,direct_exact
APTOS,MESSIDOR2,20060407_41980_0200_PP.png,0,0,0.9585007,0.028314797,0.003776828,0.00736965,0.0020379687,0.9585007,external_test,Bright,138.0,fixed_feather,42,C:\Users\USER\Desktop\Articulo\Datasets\MESSIDOR2\fixed_feather\r224\20060407_41980_0200_PP.png,direct_exact
APTOS,MESSIDOR2,20060407_42099_0200_PP.png,0,0,0.9693319,0.024248824,0.0019979118,0.0034686117,0.0009527532,0.9693319,external_test,Bright,155.0,fixed_feather,42,C:\Users\USER\Desktop\Articulo\Datasets\MESSIDOR2\fixed_feather\r224\20060407_42099_0200_PP.png,direct_exact
APTOS,MESSIDOR2,20060407_42133_0200_PP.png,0,0,0.9838027,0.008985612,0.0026331902,0.0031736766,0.0014049299,0.9838027,external_test,Bright,157.0,fixed_feather,42,C:\Users\USER\Desktop\Articulo\Datasets\MESSIDOR2\fixed_feather\r224\20060407_42133_0200_PP.png,direct_exact
APTOS,MESSIDOR2,20060407_42290_0200_PP.png,0,0,0.88426304,0.036706418,0.002858833,0.07396828,0.002203561,0.88426304,external_test,Normal,117.0,fixed_feather,42,C:\Users\USER\Desktop\Articulo\Datasets\MESSIDOR2\fixed_feather\r224\20060407_42290_0200_PP.png,direct_exact
APTOS,MESSIDOR2,20060407_42308_0200_PP.png,0,0,0.9213916,0.017704468,0.0007148957,0.059724856,0.00046418747,0.9213916,external_test,Normal,114.0,fixed_feather,42,C:\Users\USER\Desktop\Articulo\Datasets\MESSIDOR2\fixed_feather\r224\20060407_42308_0200_PP.png,direct_exact
APTOS,MESSIDOR2,20060407_43223_0200_PP.png,0,0,0.94090474,0.028115453,0.018142324,0.008684657,0.0041529452,0.94090474,external_test,Bright,150.0,fixed_feather,42,C:\Users\USER\Desktop\Articulo\Datasets\MESSIDOR2\fixed_feather\r224\20060407_43223_0200_PP.png,direct_exact
APTOS,MESSIDOR2,20060407_43258_0200_PP.png,0,0,0.9793754,0.011459322,0.0042878385,0.004189024,0.0006884617,0.9793754,external_test,Bright,153.0,fixed_feather,42,C:\Users\USER\Desktop\Articulo\Datasets\MESSIDOR2\fixed_feather\r224\20060407_43258_0200_PP.png,direct_exact
APTOS,MESSIDOR2,20060407_43436_0200_PP.png,2,0,0.67001796,0.1381491,0.044751808,0.13583216,0.0112490915,0.67001796,external_test,Normal,128.0,fixed_feather,42,C:\Users\USER\Desktop\Articulo\Datasets\MESSIDOR2\fixed_feather\r224\20060407_43436_0200_PP.png,direct_exact
APTOS,MESSIDOR2,20060407_43460_0200_PP.png,2,0,0.8375878,0.05605308,0.014050242,0.0915198,0.00078910496,0.8375878,external_test,Normal,126.0,fixed_feather,42,C:\Users\USER\Desktop\Articulo\Datasets\MESSIDOR2\fixed_feather\r224\20060407_43460_0200_PP.png,direct_exact
APTOS,MESSIDOR2,20060407_43594_0200_PP.png,0,0,0.98399955,0.006415464,0.000678503,0.008685981,0.00022057879,0.98399955,external_test,Bright,131.0,fixed_feather,42,C:\Users\USER\Desktop\Articulo\Datasets\MESSIDOR2\fixed_feather\r224\20060407_43594_0200_PP.png,direct_exact
APTOS,MESSIDOR2,20060407_43618_0200_PP.png,0,0,0.9694197,0.014659349,0.0023120851,0.012618621,0.0009901526,0.9694197,external_test,Normal,127.0,fixed_feather,42,C:\Users\USER\Desktop\Articulo\Datasets\MESSIDOR2\fixed_feather\r224\20060407_43618_0200_PP.png,direct_exact
APTOS,MESSIDOR2,20060407_43726_0200_PP.png,0,0,0.9764522,0.015699757,0.0032569133,0.0034600345,0.0011310462,0.9764522,external_test,Bright,151.0,fixed_feather,42,C:\Users\USER\Desktop\Articulo\Datasets\MESSIDOR2\fixed_feather\r224\20060407_43726_0200_PP.png,direct_exact
APTOS,MESSIDOR2,20060407_43746_0200_PP.png,0,0,0.97014254,0.014589908,0.0014207473,0.01343921,0.00040751547,0.97014254,external_test,Bright,154.0,fixed_feather,42,C:\Users\USER\Desktop\Articulo\Datasets\MESSIDOR2\fixed_feather\r224\20060407_43746_0200_PP.png,direct_exact
APTOS,MESSIDOR2,20060407_43834_0200_PP.png,0,0,0.9064876,0.021624256,0.05583964,0.009745199,0.00630337,0.9064876,external_test,Bright,149.0,fixed_feather,42,C:\Users\USER\Desktop\Articulo\Datasets\MESSIDOR2\fixed_feather\r224\20060407_43834_0200_PP.png,direct_exact
APTOS,MESSIDOR2,20060407_43856_0200_PP.png,0,0,0.9803405,0.010197156,0.0035959836,0.00548969,0.00037677775,0.9803405,external_test,Bright,149.0,fixed_feather,42,C:\Users\USER\Desktop\Articulo\Datasets\MESSIDOR2\fixed_feather\r224\20060407_43856_0200_PP.png,direct_exact
APTOS,MESSIDOR2,20060407_44042_0200_PP.png,0,0,0.97613436,0.010993267,0.0012401689,0.010939204,0.0006929288,0.97613436,external_test,Normal,122.0,fixed_feather,42,C:\Users\USER\Desktop\Articulo\Datasets\MESSIDOR2\fixed_feather\r224\20060407_44042_0200_PP.png,direct_exact
APTOS,MESSIDOR2,20060407_44061_0200_PP.png,0,0,0.9763084,0.0107254,0.0010740514,0.011536947,0.00035528876,0.9763084,external_test,Normal,120.0,fixed_feather,42,C:\Users\USER\Desktop\Articulo\Datasets\MESSIDOR2\fixed_feather\r224\20060407_44061_0200_PP.png,direct_exact
APTOS,MESSIDOR2,20060407_44173_0200_PP.png,1,0,0.924256,0.023309994,0.03284879,0.007540338,0.012044761,0.924256,external_test,VeryBright,173.0,fixed_feather,42,C:\Users\USER\Desktop\Articulo\Datasets\MESSIDOR2\fixed_feather\r224\20060407_44173_0200_PP.png,direct_exact
APTOS,MESSIDOR2,20060407_44192_0200_PP.png,1,0,0.8851259,0.021001268,0.03143866,0.052775968,0.009658192,0.8851259,external_test,VeryBright,166.0,fixed_feather,42,C:\Users\USER\Desktop\Articulo\Datasets\MESSIDOR2\fixed_feather\r224\20060407_44192_0200_PP.png,direct_exact
APTOS,MESSIDOR2,20060407_44285_0200_PP.png,2,0,0.9417575,0.017159488,0.009943374,0.028644526,0.0024950888,0.9417575,external_test,Normal,111.0,fixed_feather,42,C:\Users\USER\Desktop\Articulo\Datasets\MESSIDOR2\fixed_feather\r224\20060407_44285_0200_PP.png,direct_exact
APTOS,MESSIDOR2,20060407_44304_0200_PP.png,2,0,0.9634319,0.0068242145,0.0010234652,0.028547682,0.00017289605,0.9634319,external_test,Normal,114.0,fixed_feather,42,C:\Users\USER\Desktop\Articulo\Datasets\MESSIDOR2\fixed_feather\r224\20060407_44304_0200_PP.png,direct_exact
APTOS,MESSIDOR2,20060407_44400_0200_PP.png,0,0,0.930935,0.029979324,0.008383121,0.027154615,0.00354792,0.930935,external_test,Normal,129.0,fixed_feather,42,C:\Users\USER\Desktop\Articulo\Datasets\MESSIDOR2\fixed_feather\r224\20060407_44400_0200_PP.png,direct_exact
APTOS,MESSIDOR2,20060407_44422_0200_PP.png,0,0,0.88665664,0.053235315,0.0248172,0.024159534,0.011131325,0.88665664,external_test,Normal,129.0,fixed_feather,42,C:\Users\USER\Desktop\Articulo\Datasets\MESSIDOR2\fixed_feather\r224\20060407_44422_0200_PP.png,direct_exact
APTOS,MESSIDOR2,20060407_44510_0200_PP.png,0,0,0.98341334,0.0056489636,0.0003962375,0.009898152,0.0006433523,0.98341334,external_test,Bright,130.0,fixed_feather,42,C:\Users\USER\Desktop\Articulo\Datasets\MESSIDOR2\fixed_feather\r224\20060407_44510_0200_PP.png,direct_exact
APTOS,MESSIDOR2,20060407_44529_0200_PP.png,0,0,0.96778125,0.012366825,0.001303772,0.018258434,0.0002897039,0.96778125,external_test,Normal,126.0,fixed_feather,42,C:\Users\USER\Desktop\Articulo\Datasets\MESSIDOR2\fixed_feather\r224\20060407_44529_0200_PP.png,direct_exact
APTOS,MESSIDOR2,20060407_44617_0200_PP.png,2,0,0.6497268,0.12845266,0.11203237,0.08019448,0.029593721,0.6497268,external_test,Bright,136.0,fixed_feather,42,C:\Users\USER\Desktop\Articulo\Datasets\MESSIDOR2\fixed_feather\r224\20060407_44617_0200_PP.png,direct_exact
APTOS,MESSIDOR2,20060407_44636_0200_PP.png,2,0,0.53281105,0.18195036,0.06269676,0.10988828,0.11265364,0.53281105,external_test,Bright,139.0,fixed_feather,42,C:\Users\USER\Desktop\Articulo\Datasets\MESSIDOR2\fixed_feather\r224\20060407_44636_0200_PP.png,direct_exact
APTOS,MESSIDOR2,20060407_44743_0200_PP.png,0,0,0.94675744,0.022040933,0.00632196,0.02125376,0.0036257734,0.94675744,external_test,Bright,137.0,fixed_feather,42,C:\Users\USER\Desktop\Articulo\Datasets\MESSIDOR2\fixed_feather\r224\20060407_44743_0200_PP.png,direct_exact
APTOS,MESSIDOR2,20060407_44766_0200_PP.png,0,0,0.9902227,0.0063186525,0.00055067346,0.0025801228,0.0003279778,0.9902227,external_test,Bright,134.0,fixed_feather,42,C:\Users\USER\Desktop\Articulo\Datasets\MESSIDOR2\fixed_feather\r224\20060407_44766_0200_PP.png,direct_exact
APTOS,MESSIDOR2,20060407_44866_0200_PP.png,0,0,0.9746251,0.01311105,0.0029920097,0.008961536,0.00031032503,0.9746251,external_test,Bright,141.0,fixed_feather,42,C:\Users\USER\Desktop\Articulo\Datasets\MESSIDOR2\fixed_feather\r224\20060407_44866_0200_PP.png,direct_exact
APTOS,MESSIDOR2,20060407_44889_0200_PP.png,0,0,0.9824584,0.010991223,0.0009961611,0.005160761,0.00039344194,0.9824584,external_test,Bright,142.0,fixed_feather,42,C:\Users\USER\Desktop\Articulo\Datasets\MESSIDOR2\fixed_feather\r224\20060407_44889_0200_PP.png,direct_exact
APTOS,MESSIDOR2,20060407_45087_0200_PP.png,1,0,0.9304108,0.025814958,0.0025217426,0.04074885,0.00050362595,0.9304108,external_test,Bright,130.0,fixed_feather,42,C:\Users\USER\Desktop\Articulo\Datasets\MESSIDOR2\fixed_feather\r224\20060407_45087_0200_PP.png,direct_exact
APTOS,MESSIDOR2,20060407_45107_0200_PP.png,0,0,0.9727419,0.016313508,0.0029955027,0.00753964,0.0004095982,0.9727419,external_test,Bright,137.0,fixed_feather,42,C:\Users\USER\Desktop\Articulo\Datasets\MESSIDOR2\fixed_feather\r224\20060407_45107_0200_PP.png,direct_exact
APTOS,MESSIDOR2,20060407_45230_0200_PP.png,0,0,0.94659024,0.032887053,0.0040015704,0.014970158,0.0015509848,0.94659024,external_test,Bright,130.0,fixed_feather,42,C:\Users\USER\Desktop\Articulo\Datasets\MESSIDOR2\fixed_feather\r224\20060407_45230_0200_PP.png,direct_exact
APTOS,MESSIDOR2,20060407_45247_0200_PP.png,0,0,0.989884,0.0040668366,0.000751175,0.0051037758,0.00019417246,0.989884,external_test,Bright,136.0,fixed_feather,42,C:\Users\USER\Desktop\Articulo\Datasets\MESSIDOR2\fixed_feather\r224\20060407_45247_0200_PP.png,direct_exact
APTOS,MESSIDOR2,20060407_45362_0200_PP.png,1,0,0.9379442,0.0219788,0.007962446,0.029635772,0.0024787714,0.9379442,external_test,Bright,135.0,fixed_feather,42,C:\Users\USER\Desktop\Articulo\Datasets\MESSIDOR2\fixed_feather\r224\20060407_45362_0200_PP.png,direct_exact
APTOS,MESSIDOR2,20060407_45379_0200_PP.png,1,0,0.93431616,0.0374414,0.011476249,0.01300492,0.003761156,0.93431616,external_test,Bright,136.0,fixed_feather,42,C:\Users\USER\Desktop\Articulo\Datasets\MESSIDOR2\fixed_feather\r224\20060407_45379_0200_PP.png,direct_exact
APTOS,MESSIDOR2,20060407_45477_0200_PP.png,2,0,0.902067,0.017080313,0.0071283495,0.062647276,0.011077058,0.902067,external_test,Normal,114.0,fixed_feather,42,C:\Users\USER\Desktop\Articulo\Datasets\MESSIDOR2\fixed_feather\r224\20060407_45477_0200_PP.png,direct_exact
APTOS,MESSIDOR2,20060407_45494_0200_PP.png,2,0,0.83440775,0.04216938,0.0048669963,0.115428895,0.0031270466,0.83440775,external_test,Normal,121.0,fixed_feather,42,C:\Users\USER\Desktop\Articulo\Datasets\MESSIDOR2\fixed_feather\r224\20060407_45494_0200_PP.png,direct_exact
APTOS,MESSIDOR2,20060407_45592_0200_PP.png,1,0,0.94045514,0.018875876,0.0022331655,0.028351814,0.010083911,0.94045514,external_test,Normal,120.0,fixed_feather,42,C:\Users\USER\Desktop\Articulo\Datasets\MESSIDOR2\fixed_feather\r224\20060407_45592_0200_PP.png,direct_exact
APTOS,MESSIDOR2,20060407_45611_0200_PP.png,2,0,0.942731,0.02631786,0.012050982,0.008327565,0.010572534,0.942731,external_test,Normal,127.0,fixed_feather,42,C:\Users\USER\Desktop\Articulo\Datasets\MESSIDOR2\fixed_feather\r224\20060407_45611_0200_PP.png,direct_exact
APTOS,MESSIDOR2,20060407_45718_0200_PP.png,0,0,0.95298094,0.022530932,0.0076273233,0.013467892,0.0033929697,0.95298094,external_test,Bright,137.0,fixed_feather,42,C:\Users\USER\Desktop\Articulo\Datasets\MESSIDOR2\fixed_feather\r224\20060407_45718_0200_PP.png,direct_exact
APTOS,MESSIDOR2,20060407_45737_0200_PP.png,0,0,0.96245086,0.02364768,0.003740139,0.007253623,0.0029076359,0.96245086,external_test,Bright,144.0,fixed_feather,42,C:\Users\USER\Desktop\Articulo\Datasets\MESSIDOR2\fixed_feather\r224\20060407_45737_0200_PP.png,direct_exact
APTOS,MESSIDOR2,20060407_45834_0200_PP.png,0,0,0.9721872,0.014056485,0.003777577,0.007210028,0.0027687398,0.9721872,external_test,Normal,117.0,fixed_feather,42,C:\Users\USER\Desktop\Articulo\Datasets\MESSIDOR2\fixed_feather\r224\20060407_45834_0200_PP.png,direct_exact
APTOS,MESSIDOR2,20060407_45852_0200_PP.png,0,0,0.9628774,0.018955542,0.001499594,0.016195253,0.00047232106,0.9628774,external_test,Normal,121.0,fixed_feather,42,C:\Users\USER\Desktop\Articulo\Datasets\MESSIDOR2\fixed_feather\r224\20060407_45852_0200_PP.png,direct_exact
APTOS,MESSIDOR2,20060407_45932_0200_PP.png,1,0,0.9473148,0.011616154,0.0010668986,0.03961267,0.00038933463,0.9473148,external_test,Dark,106.0,fixed_feather,42,C:\Users\USER\Desktop\Articulo\Datasets\MESSIDOR2\fixed_feather\r224\20060407_45932_0200_PP.png,direct_exact
APTOS,MESSIDOR2,20060407_45949_0200_PP.png,0,0,0.9846656,0.0051944316,0.00054307363,0.009457892,0.00013898448,0.9846656,external_test,Dark,106.0,fixed_feather,42,C:\Users\USER\Desktop\Articulo\Datasets\MESSIDOR2\fixed_feather\r224\20060407_45949_0200_PP.png,direct_exact
APTOS,MESSIDOR2,20060407_46050_0200_PP.png,1,0,0.8820455,0.075412884,0.006732895,0.034152444,0.0016561561,0.8820455,external_test,Bright,132.0,fixed_feather,42,C:\Users\USER\Desktop\Articulo\Datasets\MESSIDOR2\fixed_feather\r224\20060407_46050_0200_PP.png,direct_exact
APTOS,MESSIDOR2,20060407_46070_0200_PP.png,0,0,0.9567427,0.024382876,0.0034623025,0.014023082,0.0013890485,0.9567427,external_test,Bright,140.0,fixed_feather,42,C:\Users\USER\Desktop\Articulo\Datasets\MESSIDOR2\fixed_feather\r224\20060407_46070_0200_PP.png,direct_exact
APTOS,MESSIDOR2,20060407_46235_0200_PP.png,0,0,0.9628048,0.0128799,0.003398635,0.019743934,0.0011728222,0.9628048,external_test,Normal,129.0,fixed_feather,42,C:\Users\USER\Desktop\Articulo\Datasets\MESSIDOR2\fixed_feather\r224\20060407_46235_0200_PP.png,direct_exact
APTOS,MESSIDOR2,20060407_46257_0200_PP.png,0,0,0.9925538,0.0041304575,0.00054426625,0.0025265599,0.0002449223,0.9925538,external_test,Bright,130.0,fixed_feather,42,C:\Users\USER\Desktop\Articulo\Datasets\MESSIDOR2\fixed_feather\r224\20060407_46257_0200_PP.png,direct_exact
APTOS,MESSIDOR2,20060407_46394_0200_PP.png,2,0,0.66266185,0.13196811,0.1348754,0.04450084,0.02599376,0.66266185,external_test,Bright,134.0,fixed_feather,42,C:\Users\USER\Desktop\Articulo\Datasets\MESSIDOR2\fixed_feather\r224\20060407_46394_0200_PP.png,direct_exact
APTOS,MESSIDOR2,20060407_46422_0200_PP.png,2,0,0.90623766,0.051843964,0.009354186,0.029718809,0.0028453346,0.90623766,external_test,Normal,129.0,fixed_feather,42,C:\Users\USER\Desktop\Articulo\Datasets\MESSIDOR2\fixed_feather\r224\20060407_46422_0200_PP.png,direct_exact
APTOS,MESSIDOR2,20060410_39047_0200_PP.png,0,0,0.9866101,0.0023600988,0.00066376064,0.010048475,0.0003173843,0.9866101,external_test,Normal,111.0,fixed_feather,42,C:\Users\USER\Desktop\Articulo\Datasets\MESSIDOR2\fixed_feather\r224\20060410_39047_0200_PP.png,direct_exact
APTOS,MESSIDOR2,20060410_39075_0200_PP.png,0,0,0.93166816,0.03835228,0.0014029724,0.027724752,0.00085186015,0.93166816,external_test,Dark,107.0,fixed_feather,42,C:\Users\USER\Desktop\Articulo\Datasets\MESSIDOR2\fixed_feather\r224\20060410_39075_0200_PP.png,direct_exact
APTOS,MESSIDOR2,20060410_39203_0200_PP.png,1,0,0.9290006,0.025194023,0.0019465195,0.04165818,0.0022006684,0.9290006,external_test,Bright,130.0,fixed_feather,42,C:\Users\USER\Desktop\Articulo\Datasets\MESSIDOR2\fixed_feather\r224\20060410_39203_0200_PP.png,direct_exact
APTOS,MESSIDOR2,20060410_39229_0200_PP.png,0,0,0.8535655,0.06240011,0.009390586,0.0695989,0.0050449218,0.8535655,external_test,Bright,133.0,fixed_feather,42,C:\Users\USER\Desktop\Articulo\Datasets\MESSIDOR2\fixed_feather\r224\20060410_39229_0200_PP.png,direct_exact
APTOS,MESSIDOR2,20060410_39334_0200_PP.png,1,0,0.9791794,0.012402469,0.0016694886,0.006057707,0.0006909689,0.9791794,external_test,Normal,129.0,fixed_feather,42,C:\Users\USER\Desktop\Articulo\Datasets\MESSIDOR2\fixed_feather\r224\20060410_39334_0200_PP.png,direct_exact
APTOS,MESSIDOR2,20060410_39355_0200_PP.png,1,0,0.9688448,0.016295971,0.0059794392,0.008377846,0.00050201657,0.9688448,external_test,Bright,137.0,fixed_feather,42,C:\Users\USER\Desktop\Articulo\Datasets\MESSIDOR2\fixed_feather\r224\20060410_39355_0200_PP.png,direct_exact
APTOS,MESSIDOR2,20060410_39476_0200_PP.png,0,0,0.96497846,0.01153811,0.0013075259,0.021011526,0.0011644509,0.96497846,external_test,Bright,133.0,fixed_feather,42,C:\Users\USER\Desktop\Articulo\Datasets\MESSIDOR2\fixed_feather\r224\20060410_39476_0200_PP.png,direct_exact
APTOS,MESSIDOR2,20060410_39500_0200_PP.png,0,0,0.9490115,0.023481457,0.0047377613,0.021754041,0.0010150911,0.9490115,external_test,Bright,132.0,fixed_feather,42,C:\Users\USER\Desktop\Articulo\Datasets\MESSIDOR2\fixed_feather\r224\20060410_39500_0200_PP.png,direct_exact
APTOS,MESSIDOR2,20060410_39586_0200_PP.png,0,0,0.97706735,0.01284275,0.0022644321,0.007704776,0.00012083951,0.97706735,external_test,Bright,162.0,fixed_feather,42,C:\Users\USER\Desktop\Articulo\Datasets\MESSIDOR2\fixed_feather\r224\20060410_39586_0200_PP.png,direct_exact
APTOS,MESSIDOR2,20060410_39606_0200_PP.png,0,0,0.957715,0.0124278385,0.0006050638,0.028802205,0.00044988483,0.957715,external_test,Bright,160.0,fixed_feather,42,C:\Users\USER\Desktop\Articulo\Datasets\MESSIDOR2\fixed_feather\r224\20060410_39606_0200_PP.png,direct_exact
APTOS,MESSIDOR2,20060410_39695_0200_PP.png,0,0,0.78694695,0.06778679,0.116214,0.015358834,0.013693483,0.78694695,external_test,Bright,163.0,fixed_feather,42,C:\Users\USER\Desktop\Articulo\Datasets\MESSIDOR2\fixed_feather\r224\20060410_39695_0200_PP.png,direct_exact
APTOS,MESSIDOR2,20060410_39726_0200_PP.png,1,0,0.98541045,0.008406963,0.002502815,0.0033394918,0.00034027372,0.98541045,external_test,VeryBright,172.0,fixed_feather,42,C:\Users\USER\Desktop\Articulo\Datasets\MESSIDOR2\fixed_feather\r224\20060410_39726_0200_PP.png,direct_exact
APTOS,MESSIDOR2,20060410_39859_0200_PP.png,0,0,0.93707216,0.04247632,0.008496046,0.008712326,0.0032431802,0.93707216,external_test,Bright,134.0,fixed_feather,42,C:\Users\USER\Desktop\Articulo\Datasets\MESSIDOR2\fixed_feather\r224\20060410_39859_0200_PP.png,direct_exact
APTOS,MESSIDOR2,20060410_39879_0200_PP.png,0,0,0.9520418,0.024503583,0.01145348,0.0095210485,0.0024800322,0.9520418,external_test,Bright,137.0,fixed_feather,42,C:\Users\USER\Desktop\Articulo\Datasets\MESSIDOR2\fixed_feather\r224\20060410_39879_0200_PP.png,direct_exact
APTOS,MESSIDOR2,20060410_39976_0200_PP.png,1,0,0.9565364,0.02086265,0.005375024,0.016348645,0.00087724277,0.9565364,external_test,VeryBright,195.0,fixed_feather,42,C:\Users\USER\Desktop\Articulo\Datasets\MESSIDOR2\fixed_feather\r224\20060410_39976_0200_PP.png,direct_exact
APTOS,MESSIDOR2,20060410_39994_0200_PP.png,0,0,0.9862976,0.0059845224,0.0010976978,0.0064162044,0.00020397537,0.9862976,external_test,VeryBright,191.0,fixed_feather,42,C:\Users\USER\Desktop\Articulo\Datasets\MESSIDOR2\fixed_feather\r224\20060410_39994_0200_PP.png,direct_exact
APTOS,MESSIDOR2,20060410_40146_0200_PP.png,2,0,0.96475637,0.016934391,0.009091077,0.005817121,0.0034010746,0.96475637,external_test,Bright,130.0,fixed_feather,42,C:\Users\USER\Desktop\Articulo\Datasets\MESSIDOR2\fixed_feather\r224\20060410_40146_0200_PP.png,direct_exact
APTOS,MESSIDOR2,20060410_40165_0200_PP.png,2,0,0.7535032,0.105822004,0.09142483,0.03014397,0.019106029,0.7535032,external_test,Bright,134.0,fixed_feather,42,C:\Users\USER\Desktop\Articulo\Datasets\MESSIDOR2\fixed_feather\r224\20060410_40165_0200_PP.png,direct_exact
APTOS,MESSIDOR2,20060410_40254_0200_PP.png,1,0,0.91309166,0.039723422,0.014319962,0.032132246,0.00073264935,0.91309166,external_test,Bright,138.0,fixed_feather,42,C:\Users\USER\Desktop\Articulo\Datasets\MESSIDOR2\fixed_feather\r224\20060410_40254_0200_PP.png,direct_exact
APTOS,MESSIDOR2,20060410_40274_0200_PP.png,2,0,0.92021227,0.054723717,0.009447844,0.014259397,0.0013567002,0.92021227,external_test,Bright,137.0,fixed_feather,42,C:\Users\USER\Desktop\Articulo\Datasets\MESSIDOR2\fixed_feather\r224\20060410_40274_0200_PP.png,direct_exact
APTOS,MESSIDOR2,20060410_40381_0200_PP.png,1,0,0.9031076,0.021446498,0.028537974,0.038389917,0.008518001,0.9031076,external_test,Bright,152.0,fixed_feather,42,C:\Users\USER\Desktop\Articulo\Datasets\MESSIDOR2\fixed_feather\r224\20060410_40381_0200_PP.png,direct_exact
APTOS,MESSIDOR2,20060410_40403_0200_PP.png,0,0,0.91135913,0.02565461,0.022577714,0.008417103,0.031991392,0.91135913,external_test,Bright,153.0,fixed_feather,42,C:\Users\USER\Desktop\Articulo\Datasets\MESSIDOR2\fixed_feather\r224\20060410_40403_0200_PP.png,direct_exact
APTOS,MESSIDOR2,20060410_40481_0200_PP.png,1,0,0.9465151,0.013941067,0.002484341,0.03604096,0.0010185014,0.9465151,external_test,Normal,115.0,fixed_feather,42,C:\Users\USER\Desktop\Articulo\Datasets\MESSIDOR2\fixed_feather\r224\20060410_40481_0200_PP.png,direct_exact
APTOS,MESSIDOR2,20060410_40499_0200_PP.png,0,0,0.9586195,0.017489836,0.0016925011,0.02002211,0.0021759134,0.9586195,external_test,Normal,117.0,fixed_feather,42,C:\Users\USER\Desktop\Articulo\Datasets\MESSIDOR2\fixed_feather\r224\20060410_40499_0200_PP.png,direct_exact
APTOS,MESSIDOR2,20060410_40605_0200_PP.png,1,0,0.9851387,0.006584031,0.00050860224,0.006486763,0.0012818682,0.9851387,external_test,Normal,117.0,fixed_feather,42,C:\Users\USER\Desktop\Articulo\Datasets\MESSIDOR2\fixed_feather\r224\20060410_40605_0200_PP.png,direct_exact
APTOS,MESSIDOR2,20060410_40633_0200_PP.png,0,0,0.970748,0.015375517,0.0016361909,0.0111270845,0.0011132244,0.970748,external_test,Normal,117.0,fixed_feather,42,C:\Users\USER\Desktop\Articulo\Datasets\MESSIDOR2\fixed_feather\r224\20060410_40633_0200_PP.png,direct_exact
APTOS,MESSIDOR2,20060410_40830_0200_PP.png,1,0,0.95322526,0.031080872,0.0038417338,0.011011675,0.00084054505,0.95322526,external_test,VeryBright,184.0,fixed_feather,42,C:\Users\USER\Desktop\Articulo\Datasets\MESSIDOR2\fixed_feather\r224\20060410_40830_0200_PP.png,direct_exact
APTOS,MESSIDOR2,20060410_40846_0200_PP.png,0,0,0.93748236,0.03564129,0.0017828272,0.023885341,0.0012082561,0.93748236,external_test,VeryBright,172.0,fixed_feather,42,C:\Users\USER\Desktop\Articulo\Datasets\MESSIDOR2\fixed_feather\r224\20060410_40846_0200_PP.png,direct_exact
APTOS,MESSIDOR2,20060410_40953_0200_PP.png,0,0,0.9400766,0.031281997,0.0076220273,0.020748597,0.00027087567,0.9400766,external_test,Bright,141.0,fixed_feather,42,C:\Users\USER\Desktop\Articulo\Datasets\MESSIDOR2\fixed_feather\r224\20060410_40953_0200_PP.png,direct_exact
APTOS,MESSIDOR2,20060410_40979_0200_PP.png,0,0,0.8842211,0.047877137,0.008368308,0.05921434,0.00031911436,0.8842211,external_test,Bright,139.0,fixed_feather,42,C:\Users\USER\Desktop\Articulo\Datasets\MESSIDOR2\fixed_feather\r224\20060410_40979_0200_PP.png,direct_exact
APTOS,MESSIDOR2,20060410_41077_0200_PP.png,1,0,0.98244965,0.0099115,0.0033662298,0.0036322137,0.0006404082,0.98244965,external_test,Bright,144.0,fixed_feather,42,C:\Users\USER\Desktop\Articulo\Datasets\MESSIDOR2\fixed_feather\r224\20060410_41077_0200_PP.png,direct_exact
APTOS,MESSIDOR2,20060410_41098_0200_PP.png,0,0,0.97906333,0.015093289,0.001131749,0.004296524,0.00041506032,0.97906333,external_test,Bright,144.0,fixed_feather,42,C:\Users\USER\Desktop\Articulo\Datasets\MESSIDOR2\fixed_feather\r224\20060410_41098_0200_PP.png,direct_exact
APTOS,MESSIDOR2,20060410_41191_0200_PP.png,0,0,0.9691172,0.014184381,0.0047584916,0.010773704,0.0011662876,0.9691172,external_test,Normal,126.0,fixed_feather,42,C:\Users\USER\Desktop\Articulo\Datasets\MESSIDOR2\fixed_feather\r224\20060410_41191_0200_PP.png,direct_exact
APTOS,MESSIDOR2,20060410_41209_0200_PP.png,0,0,0.9410251,0.028628718,0.01906421,0.00524221,0.006039709,0.9410251,external_test,Bright,135.0,fixed_feather,42,C:\Users\USER\Desktop\Articulo\Datasets\MESSIDOR2\fixed_feather\r224\20060410_41209_0200_PP.png,direct_exact
APTOS,MESSIDOR2,20060410_41330_0200_PP.png,1,0,0.98975885,0.003927742,0.0035407662,0.002026241,0.0007465361,0.98975885,external_test,Bright,136.0,fixed_feather,42,C:\Users\USER\Desktop\Articulo\Datasets\MESSIDOR2\fixed_feather\r224\20060410_41330_0200_PP.png,direct_exact
APTOS,MESSIDOR2,20060410_41356_0200_PP.png,1,0,0.95333195,0.017244872,0.012529685,0.0076515772,0.0092419395,0.95333195,external_test,Bright,147.0,fixed_feather,42,C:\Users\USER\Desktop\Articulo\Datasets\MESSIDOR2\fixed_feather\r224\20060410_41356_0200_PP.png,direct_exact
APTOS,MESSIDOR2,20060410_41603_0200_PP.png,0,0,0.94626415,0.027413622,0.0019889905,0.02366226,0.0006711018,0.94626415,external_test,Bright,131.0,fixed_feather,42,C:\Users\USER\Desktop\Articulo\Datasets\MESSIDOR2\fixed_feather\r224\20060410_41603_0200_PP.png,direct_exact
APTOS,MESSIDOR2,20060410_41626_0200_PP.png,1,0,0.95570046,0.031032236,0.0026182593,0.009511546,0.0011374181,0.95570046,external_test,Bright,133.0,fixed_feather,42,C:\Users\USER\Desktop\Articulo\Datasets\MESSIDOR2\fixed_feather\r224\20060410_41626_0200_PP.png,direct_exact
APTOS,MESSIDOR2,20060410_41747_0200_PP.png,1,0,0.9211012,0.051984295,0.02054741,0.0050118463,0.0013552357,0.9211012,external_test,Bright,140.0,fixed_feather,42,C:\Users\USER\Desktop\Articulo\Datasets\MESSIDOR2\fixed_feather\r224\20060410_41747_0200_PP.png,direct_exact
APTOS,MESSIDOR2,20060410_41767_0200_PP.png,2,0,0.9623612,0.022091674,0.005001132,0.008715605,0.0018305543,0.9623612,external_test,Bright,137.0,fixed_feather,42,C:\Users\USER\Desktop\Articulo\Datasets\MESSIDOR2\fixed_feather\r224\20060410_41767_0200_PP.png,direct_exact
APTOS,MESSIDOR2,20060410_41880_0200_PP.png,0,0,0.9478743,0.025321666,0.0067383335,0.01771968,0.0023458756,0.9478743,external_test,Normal,124.0,fixed_feather,42,C:\Users\USER\Desktop\Articulo\Datasets\MESSIDOR2\fixed_feather\r224\20060410_41880_0200_PP.png,direct_exact
APTOS,MESSIDOR2,20060410_41901_0200_PP.png,0,0,0.9576905,0.026979396,0.0067853867,0.0056673004,0.0028774624,0.9576905,external_test,Normal,122.0,fixed_feather,42,C:\Users\USER\Desktop\Articulo\Datasets\MESSIDOR2\fixed_feather\r224\20060410_41901_0200_PP.png,direct_exact
APTOS,MESSIDOR2,20060410_43675_0200_PP.png,1,0,0.9221971,0.021601882,0.021092668,0.03147797,0.0036303343,0.9221971,external_test,Bright,141.0,fixed_feather,42,C:\Users\USER\Desktop\Articulo\Datasets\MESSIDOR2\fixed_feather\r224\20060410_43675_0200_PP.png,direct_exact
APTOS,MESSIDOR2,20060410_43698_0200_PP.png,3,0,0.8210444,0.08550456,0.039739154,0.039428446,0.014283458,0.8210444,external_test,Bright,141.0,fixed_feather,42,C:\Users\USER\Desktop\Articulo\Datasets\MESSIDOR2\fixed_feather\r224\20060410_43698_0200_PP.png,direct_exact
APTOS,MESSIDOR2,20060410_43847_0200_PP.png,0,0,0.9945034,0.0018118109,0.00048827328,0.0022314824,0.0009650048,0.9945034,external_test,Bright,131.0,fixed_feather,42,C:\Users\USER\Desktop\Articulo\Datasets\MESSIDOR2\fixed_feather\r224\20060410_43847_0200_PP.png,direct_exact
APTOS,MESSIDOR2,20060410_43868_0200_PP.png,0,0,0.99155504,0.0039240588,0.0012136151,0.0021111835,0.0011961435,0.99155504,external_test,Normal,122.0,fixed_feather,42,C:\Users\USER\Desktop\Articulo\Datasets\MESSIDOR2\fixed_feather\r224\20060410_43868_0200_PP.png,direct_exact
APTOS,MESSIDOR2,20060410_43959_0200_PP.png,1,0,0.95400596,0.031890687,0.007444594,0.0055125337,0.0011460873,0.95400596,external_test,Bright,149.0,fixed_feather,42,C:\Users\USER\Desktop\Articulo\Datasets\MESSIDOR2\fixed_feather\r224\20060410_43959_0200_PP.png,direct_exact
APTOS,MESSIDOR2,20060410_43979_0200_PP.png,0,0,0.9807099,0.009886477,0.002915554,0.0061725313,0.00031552237,0.9807099,external_test,Bright,149.0,fixed_feather,42,C:\Users\USER\Desktop\Articulo\Datasets\MESSIDOR2\fixed_feather\r224\20060410_43979_0200_PP.png,direct_exact
APTOS,MESSIDOR2,20060410_44106_0200_PP.png,2,0,0.938767,0.03183611,0.0042938343,0.019541884,0.0055611143,0.938767,external_test,Normal,129.0,fixed_feather,42,C:\Users\USER\Desktop\Articulo\Datasets\MESSIDOR2\fixed_feather\r224\20060410_44106_0200_PP.png,direct_exact
APTOS,MESSIDOR2,20060410_44124_0200_PP.png,2,0,0.9380151,0.04080728,0.0042164973,0.009773786,0.007187365,0.9380151,external_test,Normal,129.0,fixed_feather,42,C:\Users\USER\Desktop\Articulo\Datasets\MESSIDOR2\fixed_feather\r224\20060410_44124_0200_PP.png,direct_exact
APTOS,MESSIDOR2,20060410_44224_0200_PP.png,2,0,0.87683356,0.0855154,0.00857862,0.02788654,0.0011858874,0.87683356,external_test,Bright,148.0,fixed_feather,42,C:\Users\USER\Desktop\Articulo\Datasets\MESSIDOR2\fixed_feather\r224\20060410_44224_0200_PP.png,direct_exact
APTOS,MESSIDOR2,20060410_44248_0200_PP.png,2,0,0.7324111,0.1892985,0.05135068,0.023121461,0.0038182733,0.7324111,external_test,Bright,146.0,fixed_feather,42,C:\Users\USER\Desktop\Articulo\Datasets\MESSIDOR2\fixed_feather\r224\20060410_44248_0200_PP.png,direct_exact
APTOS,MESSIDOR2,20060410_44345_0200_PP.png,0,0,0.90707225,0.042758547,0.030748732,0.016055185,0.0033653548,0.90707225,external_test,Bright,143.0,fixed_feather,42,C:\Users\USER\Desktop\Articulo\Datasets\MESSIDOR2\fixed_feather\r224\20060410_44345_0200_PP.png,direct_exact
APTOS,MESSIDOR2,20060410_44364_0200_PP.png,0,0,0.94163036,0.026694003,0.0130530475,0.015418948,0.003203766,0.94163036,external_test,Bright,144.0,fixed_feather,42,C:\Users\USER\Desktop\Articulo\Datasets\MESSIDOR2\fixed_feather\r224\20060410_44364_0200_PP.png,direct_exact
APTOS,MESSIDOR2,20060410_44464_0200_PP.png,0,0,0.97317356,0.007925415,0.00092412776,0.017687557,0.00028928372,0.97317356,external_test,Normal,116.0,fixed_feather,42,C:\Users\USER\Desktop\Articulo\Datasets\MESSIDOR2\fixed_feather\r224\20060410_44464_0200_PP.png,direct_exact
APTOS,MESSIDOR2,20060410_44504_0200_PP.png,0,0,0.95060325,0.021887187,0.002551675,0.02326444,0.0016934524,0.95060325,external_test,Normal,115.0,fixed_feather,42,C:\Users\USER\Desktop\Articulo\Datasets\MESSIDOR2\fixed_feather\r224\20060410_44504_0200_PP.png,direct_exact
APTOS,MESSIDOR2,20060410_44601_0200_PP.png,0,0,0.9757082,0.013462916,0.001871131,0.008016865,0.00094084674,0.9757082,external_test,Normal,125.0,fixed_feather,42,C:\Users\USER\Desktop\Articulo\Datasets\MESSIDOR2\fixed_feather\r224\20060410_44601_0200_PP.png,direct_exact
APTOS,MESSIDOR2,20060410_44623_0200_PP.png,1,0,0.98742723,0.0058104782,0.0008186492,0.005617545,0.0003262009,0.98742723,external_test,Normal,125.0,fixed_feather,42,C:\Users\USER\Desktop\Articulo\Datasets\MESSIDOR2\fixed_feather\r224\20060410_44623_0200_PP.png,direct_exact
APTOS,MESSIDOR2,20060410_44770_0200_PP.png,0,0,0.96959734,0.011169034,0.0058647073,0.00274897,0.010620013,0.96959734,external_test,VeryBright,189.0,fixed_feather,42,C:\Users\USER\Desktop\Articulo\Datasets\MESSIDOR2\fixed_feather\r224\20060410_44770_0200_PP.png,direct_exact
APTOS,MESSIDOR2,20060410_44802_0200_PP.png,0,0,0.9872695,0.0072195125,0.0007682497,0.0039573773,0.00078525214,0.9872695,external_test,VeryBright,176.0,fixed_feather,42,C:\Users\USER\Desktop\Articulo\Datasets\MESSIDOR2\fixed_feather\r224\20060410_44802_0200_PP.png,direct_exact
APTOS,MESSIDOR2,20060410_44934_0200_PP.png,0,0,0.9220002,0.029002111,0.01167629,0.033621706,0.0036996857,0.9220002,external_test,Normal,124.0,fixed_feather,42,C:\Users\USER\Desktop\Articulo\Datasets\MESSIDOR2\fixed_feather\r224\20060410_44934_0200_PP.png,direct_exact
APTOS,MESSIDOR2,20060410_44953_0200_PP.png,1,0,0.90811825,0.039971914,0.031527624,0.0152316615,0.005150514,0.90811825,external_test,Normal,128.0,fixed_feather,42,C:\Users\USER\Desktop\Articulo\Datasets\MESSIDOR2\fixed_feather\r224\20060410_44953_0200_PP.png,direct_exact
APTOS,MESSIDOR2,20060410_45167_0200_PP.png,0,0,0.9322597,0.03460807,0.0128076095,0.017241264,0.0030834416,0.9322597,external_test,Bright,132.0,fixed_feather,42,C:\Users\USER\Desktop\Articulo\Datasets\MESSIDOR2\fixed_feather\r224\20060410_45167_0200_PP.png,direct_exact
APTOS,MESSIDOR2,20060410_45188_0200_PP.png,0,0,0.97489357,0.009939116,0.010781597,0.0021944204,0.002191249,0.97489357,external_test,Bright,135.0,fixed_feather,42,C:\Users\USER\Desktop\Articulo\Datasets\MESSIDOR2\fixed_feather\r224\20060410_45188_0200_PP.png,direct_exact
APTOS,MESSIDOR2,20060410_46874_0200_PP.png,1,0,0.82519215,0.07863428,0.0135010565,0.077781275,0.004891168,0.82519215,external_test,Normal,124.0,fixed_feather,42,C:\Users\USER\Desktop\Articulo\Datasets\MESSIDOR2\fixed_feather\r224\20060410_46874_0200_PP.png,direct_exact
APTOS,MESSIDOR2,20060410_46893_0200_PP.png,1,0,0.9348674,0.03599429,0.004395907,0.0218192,0.0029232525,0.9348674,external_test,Normal,121.0,fixed_feather,42,C:\Users\USER\Desktop\Articulo\Datasets\MESSIDOR2\fixed_feather\r224\20060410_46893_0200_PP.png,direct_exact
APTOS,MESSIDOR2,20060410_47016_0200_PP.png,1,0,0.9685563,0.020174911,0.00815065,0.0017655491,0.0013525956,0.9685563,external_test,Bright,152.0,fixed_feather,42,C:\Users\USER\Desktop\Articulo\Datasets\MESSIDOR2\fixed_feather\r224\20060410_47016_0200_PP.png,direct_exact
APTOS,MESSIDOR2,20060410_47042_0200_PP.png,2,0,0.95642036,0.029218603,0.00635999,0.0031711608,0.00482988,0.95642036,external_test,Bright,148.0,fixed_feather,42,C:\Users\USER\Desktop\Articulo\Datasets\MESSIDOR2\fixed_feather\r224\20060410_47042_0200_PP.png,direct_exact
APTOS,MESSIDOR2,20060410_47166_0200_PP.png,1,0,0.9039987,0.038204156,0.0036490448,0.050890762,0.0032573666,0.9039987,external_test,Normal,120.0,fixed_feather,42,C:\Users\USER\Desktop\Articulo\Datasets\MESSIDOR2\fixed_feather\r224\20060410_47166_0200_PP.png,direct_exact
APTOS,MESSIDOR2,20060410_47186_0200_PP.png,0,0,0.9313347,0.034890387,0.00387214,0.0250511,0.0048516495,0.9313347,external_test,Normal,119.0,fixed_feather,42,C:\Users\USER\Desktop\Articulo\Datasets\MESSIDOR2\fixed_feather\r224\20060410_47186_0200_PP.png,direct_exact
APTOS,MESSIDOR2,20060410_47331_0200_PP.png,1,0,0.92524594,0.02714793,0.004338722,0.038137317,0.005130127,0.92524594,external_test,Bright,135.0,fixed_feather,42,C:\Users\USER\Desktop\Articulo\Datasets\MESSIDOR2\fixed_feather\r224\20060410_47331_0200_PP.png,direct_exact
APTOS,MESSIDOR2,20060410_47351_0200_PP.png,2,0,0.9711482,0.009563559,0.0026865029,0.016282799,0.00031898767,0.9711482,external_test,Normal,127.0,fixed_feather,42,C:\Users\USER\Desktop\Articulo\Datasets\MESSIDOR2\fixed_feather\r224\20060410_47351_0200_PP.png,direct_exact
APTOS,MESSIDOR2,20060411_51958_0200_PP.png,2,0,0.9468767,0.024286415,0.0052689184,0.022725351,0.00084259285,0.9468767,external_test,Bright,134.0,fixed_feather,42,C:\Users\USER\Desktop\Articulo\Datasets\MESSIDOR2\fixed_feather\r224\20060411_51958_0200_PP.png,direct_exact
APTOS,MESSIDOR2,20060411_51985_0200_PP.png,2,0,0.92800057,0.03498623,0.013732556,0.017783066,0.0054975287,0.92800057,external_test,Bright,134.0,fixed_feather,42,C:\Users\USER\Desktop\Articulo\Datasets\MESSIDOR2\fixed_feather\r224\20060411_51985_0200_PP.png,direct_exact
APTOS,MESSIDOR2,20060411_57853_0200_PP.png,2,0,0.44596633,0.20595963,0.29238325,0.04816117,0.0075296406,0.44596633,external_test,Normal,115.0,fixed_feather,42,C:\Users\USER\Desktop\Articulo\Datasets\MESSIDOR2\fixed_feather\r224\20060411_57853_0200_PP.png,direct_exact
APTOS,MESSIDOR2,20060411_57879_0200_PP.png,3,0,0.41178223,0.23347516,0.22741571,0.043788236,0.08353866,0.41178223,external_test,Dark,102.0,fixed_feather,42,C:\Users\USER\Desktop\Articulo\Datasets\MESSIDOR2\fixed_feather\r224\20060411_57879_0200_PP.png,direct_exact
APTOS,MESSIDOR2,20060411_57962_0200_PP.png,1,0,0.9528134,0.016443854,0.0015711633,0.028502552,0.0006690057,0.9528134,external_test,Normal,109.0,fixed_feather,42,C:\Users\USER\Desktop\Articulo\Datasets\MESSIDOR2\fixed_feather\r224\20060411_57962_0200_PP.png,direct_exact
APTOS,MESSIDOR2,20060411_57986_0200_PP.png,1,0,0.90840304,0.048520427,0.011405923,0.030044116,0.001626392,0.90840304,external_test,Normal,112.0,fixed_feather,42,C:\Users\USER\Desktop\Articulo\Datasets\MESSIDOR2\fixed_feather\r224\20060411_57986_0200_PP.png,direct_exact
APTOS,MESSIDOR2,20060411_58051_0200_PP.png,1,0,0.85174257,0.024437388,0.002047278,0.12073605,0.0010368251,0.85174257,external_test,Normal,125.0,fixed_feather,42,C:\Users\USER\Desktop\Articulo\Datasets\MESSIDOR2\fixed_feather\r224\20060411_58051_0200_PP.png,direct_exact
APTOS,MESSIDOR2,20060411_58071_0200_PP.png,0,0,0.952777,0.012015129,0.0012805428,0.03367598,0.00025136967,0.952777,external_test,Normal,126.0,fixed_feather,42,C:\Users\USER\Desktop\Articulo\Datasets\MESSIDOR2\fixed_feather\r224\20060411_58071_0200_PP.png,direct_exact
APTOS,MESSIDOR2,20060411_58134_0200_PP.png,2,0,0.92902994,0.039185323,0.0150894765,0.009136337,0.0075589945,0.92902994,external_test,Bright,145.0,fixed_feather,42,C:\Users\USER\Desktop\Articulo\Datasets\MESSIDOR2\fixed_feather\r224\20060411_58134_0200_PP.png,direct_exact
APTOS,MESSIDOR2,20060411_58155_0200_PP.png,1,0,0.96896946,0.019905586,0.0031792908,0.007421107,0.0005245627,0.96896946,external_test,Bright,153.0,fixed_feather,42,C:\Users\USER\Desktop\Articulo\Datasets\MESSIDOR2\fixed_feather\r224\20060411_58155_0200_PP.png,direct_exact
APTOS,MESSIDOR2,20060411_58221_0200_PP.png,2,0,0.90856147,0.031292673,0.01338319,0.045220163,0.0015425845,0.90856147,external_test,Dark,104.0,fixed_feather,42,C:\Users\USER\Desktop\Articulo\Datasets\MESSIDOR2\fixed_feather\r224\20060411_58221_0200_PP.png,direct_exact
APTOS,MESSIDOR2,20060411_58238_0200_PP.png,2,0,0.90018636,0.061843902,0.0058400817,0.028749825,0.003379859,0.90018636,external_test,Normal,122.0,fixed_feather,42,C:\Users\USER\Desktop\Articulo\Datasets\MESSIDOR2\fixed_feather\r224\20060411_58238_0200_PP.png,direct_exact
APTOS,MESSIDOR2,20060411_58303_0200_PP.png,2,0,0.82385063,0.061391864,0.057975207,0.018914403,0.037867896,0.82385063,external_test,Normal,123.0,fixed_feather,42,C:\Users\USER\Desktop\Articulo\Datasets\MESSIDOR2\fixed_feather\r224\20060411_58303_0200_PP.png,direct_exact
APTOS,MESSIDOR2,20060411_58328_0200_PP.png,2,0,0.78220314,0.12028379,0.020825742,0.053881783,0.022805527,0.78220314,external_test,Normal,113.0,fixed_feather,42,C:\Users\USER\Desktop\Articulo\Datasets\MESSIDOR2\fixed_feather\r224\20060411_58328_0200_PP.png,direct_exact
APTOS,MESSIDOR2,20060411_58392_0200_PP.png,0,0,0.9371982,0.025466183,0.016719779,0.0071623726,0.013453574,0.9371982,external_test,Bright,136.0,fixed_feather,42,C:\Users\USER\Desktop\Articulo\Datasets\MESSIDOR2\fixed_feather\r224\20060411_58392_0200_PP.png,direct_exact
APTOS,MESSIDOR2,20060411_58413_0200_PP.png,0,0,0.959652,0.022283891,0.005879452,0.009591712,0.0025930167,0.959652,external_test,Normal,129.0,fixed_feather,42,C:\Users\USER\Desktop\Articulo\Datasets\MESSIDOR2\fixed_feather\r224\20060411_58413_0200_PP.png,direct_exact
APTOS,MESSIDOR2,20060411_58469_0200_PP.png,0,0,0.91104144,0.0362731,0.0076943273,0.043694533,0.0012966215,0.91104144,external_test,Dark,108.0,fixed_feather,42,C:\Users\USER\Desktop\Articulo\Datasets\MESSIDOR2\fixed_feather\r224\20060411_58469_0200_PP.png,direct_exact
APTOS,MESSIDOR2,20060411_58494_0200_PP.png,0,0,0.9755195,0.010238367,0.001596676,0.012117389,0.00052805577,0.9755195,external_test,Dark,108.0,fixed_feather,42,C:\Users\USER\Desktop\Articulo\Datasets\MESSIDOR2\fixed_feather\r224\20060411_58494_0200_PP.png,direct_exact
APTOS,MESSIDOR2,20060411_58571_0200_PP.png,0,0,0.95462304,0.008265104,0.007596571,0.008163613,0.021351654,0.95462304,external_test,Bright,151.0,fixed_feather,42,C:\Users\USER\Desktop\Articulo\Datasets\MESSIDOR2\fixed_feather\r224\20060411_58571_0200_PP.png,direct_exact
APTOS,MESSIDOR2,20060411_58624_0200_PP.png,2,0,0.98552585,0.008321983,0.0015745759,0.004319317,0.0002583963,0.98552585,external_test,Bright,144.0,fixed_feather,42,C:\Users\USER\Desktop\Articulo\Datasets\MESSIDOR2\fixed_feather\r224\20060411_58624_0200_PP.png,direct_exact
APTOS,MESSIDOR2,20060411_58644_0200_PP.png,0,0,0.9913277,0.0036304023,0.0005745662,0.0044193245,4.81138e-05,0.9913277,external_test,Bright,141.0,fixed_feather,42,C:\Users\USER\Desktop\Articulo\Datasets\MESSIDOR2\fixed_feather\r224\20060411_58644_0200_PP.png,direct_exact
APTOS,MESSIDOR2,20060411_58718_0200_PP.png,1,0,0.92513376,0.034094397,0.009966524,0.026326962,0.0044783247,0.92513376,external_test,Bright,132.0,fixed_feather,42,C:\Users\USER\Desktop\Articulo\Datasets\MESSIDOR2\fixed_feather\r224\20060411_58718_0200_PP.png,direct_exact
APTOS,MESSIDOR2,20060411_58736_0200_PP.png,1,0,0.9582104,0.021146215,0.0060766945,0.010888655,0.003677984,0.9582104,external_test,Bright,135.0,fixed_feather,42,C:\Users\USER\Desktop\Articulo\Datasets\MESSIDOR2\fixed_feather\r224\20060411_58736_0200_PP.png,direct_exact
APTOS,MESSIDOR2,20060411_58808_0200_PP.png,0,0,0.95378417,0.019022563,0.002428061,0.023884142,0.000881085,0.95378417,external_test,Bright,133.0,fixed_feather,42,C:\Users\USER\Desktop\Articulo\Datasets\MESSIDOR2\fixed_feather\r224\20060411_58808_0200_PP.png,direct_exact
APTOS,MESSIDOR2,20060411_58829_0200_PP.png,0,0,0.9418697,0.008237889,0.00050895143,0.04922173,0.00016180373,0.9418697,external_test,Bright,134.0,fixed_feather,42,C:\Users\USER\Desktop\Articulo\Datasets\MESSIDOR2\fixed_feather\r224\20060411_58829_0200_PP.png,direct_exact
APTOS,MESSIDOR2,20060411_58891_0200_PP.png,0,0,0.89870447,0.015898358,0.0043728678,0.08003043,0.0009938482,0.89870447,external_test,Normal,119.0,fixed_feather,42,C:\Users\USER\Desktop\Articulo\Datasets\MESSIDOR2\fixed_feather\r224\20060411_58891_0200_PP.png,direct_exact
APTOS,MESSIDOR2,20060411_58913_0200_PP.png,0,0,0.9665816,0.0079556955,0.00069401955,0.024478756,0.0002899392,0.9665816,external_test,Normal,119.0,fixed_feather,42,C:\Users\USER\Desktop\Articulo\Datasets\MESSIDOR2\fixed_feather\r224\20060411_58913_0200_PP.png,direct_exact
APTOS,MESSIDOR2,20060411_58971_0200_PP.png,1,0,0.94759196,0.028198853,0.0050020902,0.018834444,0.00037267274,0.94759196,external_test,Bright,135.0,fixed_feather,42,C:\Users\USER\Desktop\Articulo\Datasets\MESSIDOR2\fixed_feather\r224\20060411_58971_0200_PP.png,direct_exact
APTOS,MESSIDOR2,20060411_58993_0200_PP.png,1,0,0.9178131,0.03388062,0.003980871,0.043717086,0.0006084129,0.9178131,external_test,Bright,135.0,fixed_feather,42,C:\Users\USER\Desktop\Articulo\Datasets\MESSIDOR2\fixed_feather\r224\20060411_58993_0200_PP.png,direct_exact
APTOS,MESSIDOR2,20060411_59062_0200_PP.png,2,0,0.98689795,0.007114832,0.0029138944,0.0012457451,0.0018275058,0.98689795,external_test,Bright,153.0,fixed_feather,42,C:\Users\USER\Desktop\Articulo\Datasets\MESSIDOR2\fixed_feather\r224\20060411_59062_0200_PP.png,direct_exact
APTOS,MESSIDOR2,20060411_59087_0200_PP.png,2,0,0.9692048,0.009345611,0.009856742,0.006679994,0.004912782,0.9692048,external_test,Bright,150.0,fixed_feather,42,C:\Users\USER\Desktop\Articulo\Datasets\MESSIDOR2\fixed_feather\r224\20060411_59087_0200_PP.png,direct_exact
APTOS,MESSIDOR2,20060411_59176_0200_PP.png,2,0,0.8041539,0.09957191,0.03636056,0.055399086,0.0045145033,0.8041539,external_test,Dark,107.0,fixed_feather,42,C:\Users\USER\Desktop\Articulo\Datasets\MESSIDOR2\fixed_feather\r224\20060411_59176_0200_PP.png,direct_exact
APTOS,MESSIDOR2,20060411_59190_0200_PP.png,2,0,0.69302857,0.15647689,0.05332402,0.08570684,0.011463672,0.69302857,external_test,Normal,109.0,fixed_feather,42,C:\Users\USER\Desktop\Articulo\Datasets\MESSIDOR2\fixed_feather\r224\20060411_59190_0200_PP.png,direct_exact
APTOS,MESSIDOR2,20060411_59549_0200_PP.png,2,0,0.97878313,0.013036043,0.0033873776,0.0040100147,0.00078335655,0.97878313,external_test,Bright,147.0,fixed_feather,42,C:\Users\USER\Desktop\Articulo\Datasets\MESSIDOR2\fixed_feather\r224\20060411_59549_0200_PP.png,direct_exact
APTOS,MESSIDOR2,20060411_59587_0200_PP.png,1,0,0.9478973,0.02712347,0.007797027,0.01602694,0.0011551746,0.9478973,external_test,Bright,142.0,fixed_feather,42,C:\Users\USER\Desktop\Articulo\Datasets\MESSIDOR2\fixed_feather\r224\20060411_59587_0200_PP.png,direct_exact
APTOS,MESSIDOR2,20060411_59638_0200_PP.png,2,0,0.96213204,0.016802482,0.0019870864,0.018844262,0.00023409088,0.96213204,external_test,Bright,157.0,fixed_feather,42,C:\Users\USER\Desktop\Articulo\Datasets\MESSIDOR2\fixed_feather\r224\20060411_59638_0200_PP.png,direct_exact
APTOS,MESSIDOR2,20060411_59657_0200_PP.png,1,0,0.967405,0.019298593,0.0047127632,0.007926466,0.0006571343,0.967405,external_test,Bright,157.0,fixed_feather,42,C:\Users\USER\Desktop\Articulo\Datasets\MESSIDOR2\fixed_feather\r224\20060411_59657_0200_PP.png,direct_exact
APTOS,MESSIDOR2,20060411_59728_0200_PP.png,2,0,0.9670797,0.01882854,0.003808956,0.009640919,0.0006418389,0.9670797,external_test,Bright,146.0,fixed_feather,42,C:\Users\USER\Desktop\Articulo\Datasets\MESSIDOR2\fixed_feather\r224\20060411_59728_0200_PP.png,direct_exact
APTOS,MESSIDOR2,20060411_59747_0200_PP.png,2,0,0.8535925,0.087397404,0.025826022,0.032399464,0.0007845258,0.8535925,external_test,Bright,148.0,fixed_feather,42,C:\Users\USER\Desktop\Articulo\Datasets\MESSIDOR2\fixed_feather\r224\20060411_59747_0200_PP.png,direct_exact
APTOS,MESSIDOR2,20060411_59812_0200_PP.png,2,0,0.68834496,0.028689377,0.045833185,0.028184257,0.20894828,0.68834496,external_test,VeryBright,171.0,fixed_feather,42,C:\Users\USER\Desktop\Articulo\Datasets\MESSIDOR2\fixed_feather\r224\20060411_59812_0200_PP.png,direct_exact
APTOS,MESSIDOR2,20060411_59859_0200_PP.png,2,0,0.93091714,0.013801883,0.015175739,0.008458831,0.031646416,0.93091714,external_test,VeryBright,167.0,fixed_feather,42,C:\Users\USER\Desktop\Articulo\Datasets\MESSIDOR2\fixed_feather\r224\20060411_59859_0200_PP.png,direct_exact
APTOS,MESSIDOR2,20060411_59919_0200_PP.png,2,0,0.9850642,0.008644719,0.0012633874,0.0047043455,0.00032330997,0.9850642,external_test,Bright,143.0,fixed_feather,42,C:\Users\USER\Desktop\Articulo\Datasets\MESSIDOR2\fixed_feather\r224\20060411_59919_0200_PP.png,direct_exact
APTOS,MESSIDOR2,20060411_59941_0200_PP.png,1,0,0.97771114,0.015294272,0.0011349517,0.00530485,0.0005547949,0.97771114,external_test,Bright,147.0,fixed_feather,42,C:\Users\USER\Desktop\Articulo\Datasets\MESSIDOR2\fixed_feather\r224\20060411_59941_0200_PP.png,direct_exact
APTOS,MESSIDOR2,20060411_60009_0200_PP.png,2,0,0.93829846,0.03238654,0.009678275,0.018654184,0.0009825638,0.93829846,external_test,Bright,158.0,fixed_feather,42,C:\Users\USER\Desktop\Articulo\Datasets\MESSIDOR2\fixed_feather\r224\20060411_60009_0200_PP.png,direct_exact
APTOS,MESSIDOR2,20060411_60028_0200_PP.png,1,0,0.9628187,0.010768588,0.0071664546,0.018534062,0.0007121638,0.9628187,external_test,Bright,159.0,fixed_feather,42,C:\Users\USER\Desktop\Articulo\Datasets\MESSIDOR2\fixed_feather\r224\20060411_60028_0200_PP.png,direct_exact
APTOS,MESSIDOR2,20060411_60263_0200_PP.png,2,0,0.9373918,0.03661345,0.010228116,0.015305026,0.000461666,0.9373918,external_test,Bright,154.0,fixed_feather,42,C:\Users\USER\Desktop\Articulo\Datasets\MESSIDOR2\fixed_feather\r224\20060411_60263_0200_PP.png,direct_exact
APTOS,MESSIDOR2,20060411_60283_0200_PP.png,2,0,0.9638396,0.018025152,0.0054604704,0.012251975,0.000422834,0.9638396,external_test,Bright,159.0,fixed_feather,42,C:\Users\USER\Desktop\Articulo\Datasets\MESSIDOR2\fixed_feather\r224\20060411_60283_0200_PP.png,direct_exact
APTOS,MESSIDOR2,20060411_60347_0200_PP.png,1,0,0.9087066,0.04777407,0.0074841394,0.034122482,0.0019127538,0.9087066,external_test,Normal,129.0,fixed_feather,42,C:\Users\USER\Desktop\Articulo\Datasets\MESSIDOR2\fixed_feather\r224\20060411_60347_0200_PP.png,direct_exact
APTOS,MESSIDOR2,20060411_60368_0200_PP.png,1,0,0.89702374,0.061534524,0.0130034,0.024576083,0.0038622564,0.89702374,external_test,Normal,126.0,fixed_feather,42,C:\Users\USER\Desktop\Articulo\Datasets\MESSIDOR2\fixed_feather\r224\20060411_60368_0200_PP.png,direct_exact
APTOS,MESSIDOR2,20060411_60426_0200_PP.png,2,0,0.9610627,0.016191809,0.011952157,0.010343953,0.00044932184,0.9610627,external_test,Bright,142.0,fixed_feather,42,C:\Users\USER\Desktop\Articulo\Datasets\MESSIDOR2\fixed_feather\r224\20060411_60426_0200_PP.png,direct_exact
APTOS,MESSIDOR2,20060411_60446_0200_PP.png,1,0,0.8794043,0.045522526,0.017702214,0.05409609,0.0032747341,0.8794043,external_test,Bright,141.0,fixed_feather,42,C:\Users\USER\Desktop\Articulo\Datasets\MESSIDOR2\fixed_feather\r224\20060411_60446_0200_PP.png,direct_exact
APTOS,MESSIDOR2,20060411_60511_0200_PP.png,0,0,0.9902946,0.004648711,0.00044754328,0.0044027464,0.00020649549,0.9902946,external_test,Bright,140.0,fixed_feather,42,C:\Users\USER\Desktop\Articulo\Datasets\MESSIDOR2\fixed_feather\r224\20060411_60511_0200_PP.png,direct_exact
APTOS,MESSIDOR2,20060411_60533_0200_PP.png,1,0,0.97557575,0.01786176,0.0016657939,0.00400609,0.00089052797,0.97557575,external_test,Bright,142.0,fixed_feather,42,C:\Users\USER\Desktop\Articulo\Datasets\MESSIDOR2\fixed_feather\r224\20060411_60533_0200_PP.png,direct_exact
APTOS,MESSIDOR2,20060411_61029_0200_PP.png,1,0,0.94054997,0.036627106,0.012873663,0.00758486,0.0023644262,0.94054997,external_test,Bright,150.0,fixed_feather,42,C:\Users\USER\Desktop\Articulo\Datasets\MESSIDOR2\fixed_feather\r224\20060411_61029_0200_PP.png,direct_exact
APTOS,MESSIDOR2,20060411_61060_0200_PP.png,1,0,0.89837605,0.076262526,0.007971841,0.014773308,0.0026163447,0.89837605,external_test,Bright,148.0,fixed_feather,42,C:\Users\USER\Desktop\Articulo\Datasets\MESSIDOR2\fixed_feather\r224\20060411_61060_0200_PP.png,direct_exact
APTOS,MESSIDOR2,20060411_61196_0200_PP.png,2,0,0.8300314,0.0736494,0.06970945,0.022924557,0.0036851496,0.8300314,external_test,Bright,131.0,fixed_feather,42,C:\Users\USER\Desktop\Articulo\Datasets\MESSIDOR2\fixed_feather\r224\20060411_61196_0200_PP.png,direct_exact
APTOS,MESSIDOR2,20060411_61214_0200_PP.png,2,0,0.66791767,0.21454374,0.07884131,0.030487359,0.00820992,0.66791767,external_test,Bright,131.0,fixed_feather,42,C:\Users\USER\Desktop\Articulo\Datasets\MESSIDOR2\fixed_feather\r224\20060411_61214_0200_PP.png,direct_exact
APTOS,MESSIDOR2,20060411_61402_0200_PP.png,2,0,0.8733729,0.09396485,0.017662773,0.012111355,0.0028880362,0.8733729,external_test,Bright,137.0,fixed_feather,42,C:\Users\USER\Desktop\Articulo\Datasets\MESSIDOR2\fixed_feather\r224\20060411_61402_0200_PP.png,direct_exact
APTOS,MESSIDOR2,20060411_61419_0200_PP.png,2,0,0.90566283,0.05995018,0.020905742,0.010655447,0.0028258394,0.90566283,external_test,Bright,132.0,fixed_feather,42,C:\Users\USER\Desktop\Articulo\Datasets\MESSIDOR2\fixed_feather\r224\20060411_61419_0200_PP.png,direct_exact
APTOS,MESSIDOR2,20060411_61478_0200_PP.png,3,0,0.9443977,0.02038991,0.0023028664,0.0321578,0.0007517212,0.9443977,external_test,Normal,128.0,fixed_feather,42,C:\Users\USER\Desktop\Articulo\Datasets\MESSIDOR2\fixed_feather\r224\20060411_61478_0200_PP.png,direct_exact
APTOS,MESSIDOR2,20060411_61494_0200_PP.png,2,0,0.93064,0.019132376,0.012261255,0.02022683,0.01773941,0.93064,external_test,Bright,131.0,fixed_feather,42,C:\Users\USER\Desktop\Articulo\Datasets\MESSIDOR2\fixed_feather\r224\20060411_61494_0200_PP.png,direct_exact
APTOS,MESSIDOR2,20060411_61548_0200_PP.png,1,0,0.90709805,0.057635967,0.011951116,0.022419978,0.0008948932,0.90709805,external_test,Bright,155.0,fixed_feather,42,C:\Users\USER\Desktop\Articulo\Datasets\MESSIDOR2\fixed_feather\r224\20060411_61548_0200_PP.png,direct_exact
APTOS,MESSIDOR2,20060411_61564_0200_PP.png,1,0,0.904616,0.053215127,0.006194657,0.03366916,0.002305086,0.904616,external_test,Bright,156.0,fixed_feather,42,C:\Users\USER\Desktop\Articulo\Datasets\MESSIDOR2\fixed_feather\r224\20060411_61564_0200_PP.png,direct_exact
APTOS,MESSIDOR2,20060411_61624_0200_PP.png,3,0,0.59433407,0.25367844,0.0799237,0.02248344,0.049580377,0.59433407,external_test,Normal,127.0,fixed_feather,42,C:\Users\USER\Desktop\Articulo\Datasets\MESSIDOR2\fixed_feather\r224\20060411_61624_0200_PP.png,direct_exact
APTOS,MESSIDOR2,20060411_61641_0200_PP.png,2,0,0.9465726,0.036966853,0.0069284174,0.004849734,0.004682376,0.9465726,external_test,Bright,130.0,fixed_feather,42,C:\Users\USER\Desktop\Articulo\Datasets\MESSIDOR2\fixed_feather\r224\20060411_61641_0200_PP.png,direct_exact
APTOS,MESSIDOR2,20060411_61687_0200_PP.png,0,0,0.9806456,0.0089164255,0.0048964988,0.0019387399,0.0036028454,0.9806456,external_test,Bright,132.0,fixed_feather,42,C:\Users\USER\Desktop\Articulo\Datasets\MESSIDOR2\fixed_feather\r224\20060411_61687_0200_PP.png,direct_exact
APTOS,MESSIDOR2,20060411_61702_0200_PP.png,0,0,0.98461527,0.0065506524,0.00069171883,0.0074119223,0.00073050987,0.98461527,external_test,Normal,110.0,fixed_feather,42,C:\Users\USER\Desktop\Articulo\Datasets\MESSIDOR2\fixed_feather\r224\20060411_61702_0200_PP.png,direct_exact
APTOS,MESSIDOR2,20060411_61781_0200_PP.png,2,0,0.9312071,0.02569838,0.0052158027,0.035934422,0.0019442495,0.9312071,external_test,Normal,126.0,fixed_feather,42,C:\Users\USER\Desktop\Articulo\Datasets\MESSIDOR2\fixed_feather\r224\20060411_61781_0200_PP.png,direct_exact
APTOS,MESSIDOR2,20060411_61808_0200_PP.png,2,0,0.82296085,0.06427213,0.02947172,0.065922,0.017373305,0.82296085,external_test,Normal,125.0,fixed_feather,42,C:\Users\USER\Desktop\Articulo\Datasets\MESSIDOR2\fixed_feather\r224\20060411_61808_0200_PP.png,direct_exact
APTOS,MESSIDOR2,20060411_61869_0200_PP.png,0,0,0.9705048,0.010162551,0.004065398,0.011830506,0.0034367144,0.9705048,external_test,Bright,147.0,fixed_feather,42,C:\Users\USER\Desktop\Articulo\Datasets\MESSIDOR2\fixed_feather\r224\20060411_61869_0200_PP.png,direct_exact
APTOS,MESSIDOR2,20060411_61901_0200_PP.png,0,0,0.96204454,0.022650437,0.0032916463,0.010706528,0.0013068495,0.96204454,external_test,Normal,122.0,fixed_feather,42,C:\Users\USER\Desktop\Articulo\Datasets\MESSIDOR2\fixed_feather\r224\20060411_61901_0200_PP.png,direct_exact
APTOS,MESSIDOR2,20060411_61952_0200_PP.png,1,0,0.9147493,0.05177505,0.01060993,0.02222608,0.0006396267,0.9147493,external_test,Bright,163.0,fixed_feather,42,C:\Users\USER\Desktop\Articulo\Datasets\MESSIDOR2\fixed_feather\r224\20060411_61952_0200_PP.png,direct_exact
APTOS,MESSIDOR2,20060411_61979_0200_PP.png,1,0,0.9712739,0.012653152,0.0036883524,0.012231328,0.00015334191,0.9712739,external_test,Bright,162.0,fixed_feather,42,C:\Users\USER\Desktop\Articulo\Datasets\MESSIDOR2\fixed_feather\r224\20060411_61979_0200_PP.png,direct_exact
APTOS,MESSIDOR2,20060411_62036_0200_PP.png,0,0,0.935005,0.021045713,0.002496417,0.03684762,0.0046052784,0.935005,external_test,Normal,123.0,fixed_feather,42,C:\Users\USER\Desktop\Articulo\Datasets\MESSIDOR2\fixed_feather\r224\20060411_62036_0200_PP.png,direct_exact
APTOS,MESSIDOR2,20060411_62058_0200_PP.png,0,0,0.942023,0.02920373,0.004132763,0.016285796,0.008354731,0.942023,external_test,Normal,124.0,fixed_feather,42,C:\Users\USER\Desktop\Articulo\Datasets\MESSIDOR2\fixed_feather\r224\20060411_62058_0200_PP.png,direct_exact
APTOS,MESSIDOR2,20060411_62142_0200_PP.png,1,0,0.9703389,0.011280559,0.0066593904,0.007791365,0.0039297077,0.9703389,external_test,Bright,160.0,fixed_feather,42,C:\Users\USER\Desktop\Articulo\Datasets\MESSIDOR2\fixed_feather\r224\20060411_62142_0200_PP.png,direct_exact
APTOS,MESSIDOR2,20060411_62162_0200_PP.png,0,0,0.9707899,0.01263595,0.006634122,0.008547103,0.0013928689,0.9707899,external_test,Bright,155.0,fixed_feather,42,C:\Users\USER\Desktop\Articulo\Datasets\MESSIDOR2\fixed_feather\r224\20060411_62162_0200_PP.png,direct_exact
APTOS,MESSIDOR2,20060411_62228_0200_PP.png,1,0,0.92582685,0.048206873,0.0036823826,0.021215951,0.0010679137,0.92582685,external_test,Normal,127.0,fixed_feather,42,C:\Users\USER\Desktop\Articulo\Datasets\MESSIDOR2\fixed_feather\r224\20060411_62228_0200_PP.png,direct_exact
APTOS,MESSIDOR2,20060411_62250_0200_PP.png,1,0,0.95299643,0.021187153,0.0018570942,0.023506608,0.00045277012,0.95299643,external_test,Normal,126.0,fixed_feather,42,C:\Users\USER\Desktop\Articulo\Datasets\MESSIDOR2\fixed_feather\r224\20060411_62250_0200_PP.png,direct_exact
APTOS,MESSIDOR2,20060411_62298_0200_PP.png,2,0,0.84640354,0.078877136,0.023811657,0.046670552,0.0042371866,0.84640354,external_test,Bright,138.0,fixed_feather,42,C:\Users\USER\Desktop\Articulo\Datasets\MESSIDOR2\fixed_feather\r224\20060411_62298_0200_PP.png,direct_exact
APTOS,MESSIDOR2,20060411_62319_0200_PP.png,2,0,0.9875008,0.0066055004,0.00053501106,0.0051111737,0.00024760718,0.9875008,external_test,Normal,112.0,fixed_feather,42,C:\Users\USER\Desktop\Articulo\Datasets\MESSIDOR2\fixed_feather\r224\20060411_62319_0200_PP.png,direct_exact
APTOS,MESSIDOR2,20060411_62373_0200_PP.png,3,0,0.74861807,0.16702613,0.034608804,0.032085113,0.017661942,0.74861807,external_test,Bright,144.0,fixed_feather,42,C:\Users\USER\Desktop\Articulo\Datasets\MESSIDOR2\fixed_feather\r224\20060411_62373_0200_PP.png,direct_exact
APTOS,MESSIDOR2,20060411_62390_0200_PP.png,3,0,0.7977771,0.11626682,0.026086772,0.050549325,0.009319979,0.7977771,external_test,Bright,146.0,fixed_feather,42,C:\Users\USER\Desktop\Articulo\Datasets\MESSIDOR2\fixed_feather\r224\20060411_62390_0200_PP.png,direct_exact
APTOS,MESSIDOR2,20060412_51656_0200_PP.png,1,0,0.9500106,0.009801854,0.0014279126,0.03678498,0.0019746232,0.9500106,external_test,Normal,116.0,fixed_feather,42,C:\Users\USER\Desktop\Articulo\Datasets\MESSIDOR2\fixed_feather\r224\20060412_51656_0200_PP.png,direct_exact
APTOS,MESSIDOR2,20060412_51677_0200_PP.png,2,0,0.946237,0.025048627,0.0012543435,0.02595605,0.0015039481,0.946237,external_test,Normal,120.0,fixed_feather,42,C:\Users\USER\Desktop\Articulo\Datasets\MESSIDOR2\fixed_feather\r224\20060412_51677_0200_PP.png,direct_exact
APTOS,MESSIDOR2,20060412_51746_0200_PP.png,2,0,0.70043314,0.19153784,0.06805741,0.013002758,0.026968785,0.70043314,external_test,Bright,140.0,fixed_feather,42,C:\Users\USER\Desktop\Articulo\Datasets\MESSIDOR2\fixed_feather\r224\20060412_51746_0200_PP.png,direct_exact
APTOS,MESSIDOR2,20060412_51775_0200_PP.png,1,0,0.9345848,0.035939243,0.011377546,0.016315838,0.0017826302,0.9345848,external_test,Bright,143.0,fixed_feather,42,C:\Users\USER\Desktop\Articulo\Datasets\MESSIDOR2\fixed_feather\r224\20060412_51775_0200_PP.png,direct_exact
APTOS,MESSIDOR2,20060412_51835_0200_PP.png,0,0,0.8095239,0.030961387,0.052411456,0.10501247,0.0020908557,0.8095239,external_test,Bright,143.0,fixed_feather,42,C:\Users\USER\Desktop\Articulo\Datasets\MESSIDOR2\fixed_feather\r224\20060412_51835_0200_PP.png,direct_exact
APTOS,MESSIDOR2,20060412_51860_0200_PP.png,0,0,0.7868008,0.06379946,0.08172467,0.049546648,0.01812845,0.7868008,external_test,Bright,141.0,fixed_feather,42,C:\Users\USER\Desktop\Articulo\Datasets\MESSIDOR2\fixed_feather\r224\20060412_51860_0200_PP.png,direct_exact
APTOS,MESSIDOR2,20060412_51932_0200_PP.png,2,0,0.9788046,0.012938216,0.0015566933,0.0033124704,0.0033879543,0.9788046,external_test,Bright,135.0,fixed_feather,42,C:\Users\USER\Desktop\Articulo\Datasets\MESSIDOR2\fixed_feather\r224\20060412_51932_0200_PP.png,direct_exact
APTOS,MESSIDOR2,20060412_51952_0200_PP.png,3,0,0.6087977,0.16356352,0.1331851,0.06891358,0.025540082,0.6087977,external_test,Bright,138.0,fixed_feather,42,C:\Users\USER\Desktop\Articulo\Datasets\MESSIDOR2\fixed_feather\r224\20060412_51952_0200_PP.png,direct_exact
APTOS,MESSIDOR2,20060412_52020_0200_PP.png,1,0,0.97336143,0.015708027,0.0026782134,0.0063281623,0.0019241959,0.97336143,external_test,Bright,134.0,fixed_feather,42,C:\Users\USER\Desktop\Articulo\Datasets\MESSIDOR2\fixed_feather\r224\20060412_52020_0200_PP.png,direct_exact
APTOS,MESSIDOR2,20060412_52038_0200_PP.png,2,0,0.91740406,0.03544333,0.0071516926,0.035183154,0.0048177117,0.91740406,external_test,Bright,133.0,fixed_feather,42,C:\Users\USER\Desktop\Articulo\Datasets\MESSIDOR2\fixed_feather\r224\20060412_52038_0200_PP.png,direct_exact
APTOS,MESSIDOR2,20060412_52098_0200_PP.png,0,0,0.94288474,0.027230218,0.012561704,0.015572997,0.0017504166,0.94288474,external_test,Normal,128.0,fixed_feather,42,C:\Users\USER\Desktop\Articulo\Datasets\MESSIDOR2\fixed_feather\r224\20060412_52098_0200_PP.png,direct_exact
APTOS,MESSIDOR2,20060412_52122_0200_PP.png,2,0,0.97089946,0.020189265,0.0022391803,0.005945597,0.00072650734,0.97089946,external_test,Bright,131.0,fixed_feather,42,C:\Users\USER\Desktop\Articulo\Datasets\MESSIDOR2\fixed_feather\r224\20060412_52122_0200_PP.png,direct_exact
APTOS,MESSIDOR2,20060412_52174_0200_PP.png,2,0,0.9787516,0.014560862,0.0020117697,0.0039968034,0.0006790905,0.9787516,external_test,Normal,125.0,fixed_feather,42,C:\Users\USER\Desktop\Articulo\Datasets\MESSIDOR2\fixed_feather\r224\20060412_52174_0200_PP.png,direct_exact
APTOS,MESSIDOR2,20060412_52194_0200_PP.png,2,0,0.978216,0.009993358,0.0021318623,0.009242446,0.0004163232,0.978216,external_test,Bright,135.0,fixed_feather,42,C:\Users\USER\Desktop\Articulo\Datasets\MESSIDOR2\fixed_feather\r224\20060412_52194_0200_PP.png,direct_exact
APTOS,MESSIDOR2,20060412_52245_0200_PP.png,2,0,0.942782,0.018203814,0.022509027,0.016104635,0.00040052927,0.942782,external_test,Bright,163.0,fixed_feather,42,C:\Users\USER\Desktop\Articulo\Datasets\MESSIDOR2\fixed_feather\r224\20060412_52245_0200_PP.png,direct_exact
APTOS,MESSIDOR2,20060412_52271_0200_PP.png,2,0,0.9714031,0.011838599,0.008352969,0.008123485,0.00028175733,0.9714031,external_test,Bright,159.0,fixed_feather,42,C:\Users\USER\Desktop\Articulo\Datasets\MESSIDOR2\fixed_feather\r224\20060412_52271_0200_PP.png,direct_exact
APTOS,MESSIDOR2,20060412_52351_0200_PP.png,0,0,0.98660696,0.003514705,0.0006808529,0.009087082,0.00011036719,0.98660696,external_test,Bright,152.0,fixed_feather,42,C:\Users\USER\Desktop\Articulo\Datasets\MESSIDOR2\fixed_feather\r224\20060412_52351_0200_PP.png,direct_exact
APTOS,MESSIDOR2,20060412_52371_0200_PP.png,0,0,0.994013,0.0035428195,0.00048815663,0.001913125,4.2876498e-05,0.994013,external_test,Bright,160.0,fixed_feather,42,C:\Users\USER\Desktop\Articulo\Datasets\MESSIDOR2\fixed_feather\r224\20060412_52371_0200_PP.png,direct_exact
APTOS,MESSIDOR2,20060412_52425_0200_PP.png,0,0,0.88876694,0.08524648,0.006438175,0.014020468,0.005527884,0.88876694,external_test,Normal,113.0,fixed_feather,42,C:\Users\USER\Desktop\Articulo\Datasets\MESSIDOR2\fixed_feather\r224\20060412_52425_0200_PP.png,direct_exact
APTOS,MESSIDOR2,20060412_52446_0200_PP.png,0,0,0.865547,0.07009717,0.009602135,0.047745336,0.007008306,0.865547,external_test,Normal,114.0,fixed_feather,42,C:\Users\USER\Desktop\Articulo\Datasets\MESSIDOR2\fixed_feather\r224\20060412_52446_0200_PP.png,direct_exact
APTOS,MESSIDOR2,20060412_52497_0200_PP.png,3,0,0.8935109,0.03842008,0.043717008,0.0097130155,0.014639078,0.8935109,external_test,Bright,148.0,fixed_feather,42,C:\Users\USER\Desktop\Articulo\Datasets\MESSIDOR2\fixed_feather\r224\20060412_52497_0200_PP.png,direct_exact
APTOS,MESSIDOR2,20060412_52520_0200_PP.png,3,2,0.2590553,0.04009658,0.28327242,0.2215816,0.19599418,0.28327242,external_test,Bright,149.0,fixed_feather,42,C:\Users\USER\Desktop\Articulo\Datasets\MESSIDOR2\fixed_feather\r224\20060412_52520_0200_PP.png,direct_exact
APTOS,MESSIDOR2,20060412_52587_0200_PP.png,1,0,0.97905934,0.0066752927,0.0007159413,0.013176461,0.00037299888,0.97905934,external_test,Bright,130.0,fixed_feather,42,C:\Users\USER\Desktop\Articulo\Datasets\MESSIDOR2\fixed_feather\r224\20060412_52587_0200_PP.png,direct_exact
APTOS,MESSIDOR2,20060412_52606_0200_PP.png,0,0,0.9540587,0.021485291,0.0070970925,0.016590545,0.0007683544,0.9540587,external_test,Normal,129.0,fixed_feather,42,C:\Users\USER\Desktop\Articulo\Datasets\MESSIDOR2\fixed_feather\r224\20060412_52606_0200_PP.png,direct_exact
APTOS,MESSIDOR2,20060412_52668_0200_PP.png,3,0,0.98287797,0.0065462263,0.0011245733,0.008398814,0.001052401,0.98287797,external_test,Normal,109.0,fixed_feather,42,C:\Users\USER\Desktop\Articulo\Datasets\MESSIDOR2\fixed_feather\r224\20060412_52668_0200_PP.png,direct_exact
APTOS,MESSIDOR2,20060412_52685_0200_PP.png,2,0,0.88723123,0.06576514,0.012100759,0.028759493,0.0061433967,0.88723123,external_test,Normal,112.0,fixed_feather,42,C:\Users\USER\Desktop\Articulo\Datasets\MESSIDOR2\fixed_feather\r224\20060412_52685_0200_PP.png,direct_exact
APTOS,MESSIDOR2,20060412_52758_0200_PP.png,1,0,0.9667049,0.013239089,0.0028886509,0.01186647,0.0053008045,0.9667049,external_test,Normal,124.0,fixed_feather,42,C:\Users\USER\Desktop\Articulo\Datasets\MESSIDOR2\fixed_feather\r224\20060412_52758_0200_PP.png,direct_exact
APTOS,MESSIDOR2,20060412_52777_0200_PP.png,2,0,0.90424806,0.041514102,0.009940716,0.037705418,0.006591619,0.90424806,external_test,Normal,124.0,fixed_feather,42,C:\Users\USER\Desktop\Articulo\Datasets\MESSIDOR2\fixed_feather\r224\20060412_52777_0200_PP.png,direct_exact
APTOS,MESSIDOR2,20060412_52840_0200_PP.png,0,0,0.9355406,0.029670458,0.0065921308,0.02545394,0.0027427971,0.9355406,external_test,Normal,118.0,fixed_feather,42,C:\Users\USER\Desktop\Articulo\Datasets\MESSIDOR2\fixed_feather\r224\20060412_52840_0200_PP.png,direct_exact
APTOS,MESSIDOR2,20060412_52860_0200_PP.png,2,0,0.9067676,0.03403269,0.018675042,0.03437857,0.0061461106,0.9067676,external_test,Normal,120.0,fixed_feather,42,C:\Users\USER\Desktop\Articulo\Datasets\MESSIDOR2\fixed_feather\r224\20060412_52860_0200_PP.png,direct_exact
APTOS,MESSIDOR2,20060412_52910_0200_PP.png,3,0,0.63951474,0.047489483,0.2138078,0.01987597,0.079312034,0.63951474,external_test,Bright,135.0,fixed_feather,42,C:\Users\USER\Desktop\Articulo\Datasets\MESSIDOR2\fixed_feather\r224\20060412_52910_0200_PP.png,direct_exact
APTOS,MESSIDOR2,20060412_52931_0200_PP.png,3,0,0.66524535,0.04752354,0.19957384,0.024098214,0.06355899,0.66524535,external_test,Bright,134.0,fixed_feather,42,C:\Users\USER\Desktop\Articulo\Datasets\MESSIDOR2\fixed_feather\r224\20060412_52931_0200_PP.png,direct_exact
APTOS,MESSIDOR2,20060412_52978_0200_PP.png,1,0,0.9492566,0.033068653,0.006433244,0.009859849,0.0013815804,0.9492566,external_test,Bright,142.0,fixed_feather,42,C:\Users\USER\Desktop\Articulo\Datasets\MESSIDOR2\fixed_feather\r224\20060412_52978_0200_PP.png,direct_exact
APTOS,MESSIDOR2,20060412_52997_0200_PP.png,1,0,0.95437676,0.02403969,0.0051624784,0.016154507,0.00026652575,0.95437676,external_test,Bright,142.0,fixed_feather,42,C:\Users\USER\Desktop\Articulo\Datasets\MESSIDOR2\fixed_feather\r224\20060412_52997_0200_PP.png,direct_exact
APTOS,MESSIDOR2,20060412_57650_0200_PP.png,2,0,0.9767209,0.0029554826,0.007137588,0.010614194,0.0025719146,0.9767209,external_test,Bright,162.0,fixed_feather,42,C:\Users\USER\Desktop\Articulo\Datasets\MESSIDOR2\fixed_feather\r224\20060412_57650_0200_PP.png,direct_exact
APTOS,MESSIDOR2,20060412_57680_0200_PP.png,2,0,0.9178293,0.044642612,0.01764952,0.011294473,0.008584166,0.9178293,external_test,Bright,161.0,fixed_feather,42,C:\Users\USER\Desktop\Articulo\Datasets\MESSIDOR2\fixed_feather\r224\20060412_57680_0200_PP.png,direct_exact
APTOS,MESSIDOR2,20060412_57846_0200_PP.png,1,0,0.98599446,0.008093955,0.0029375218,0.0027230657,0.000251066,0.98599446,external_test,Bright,160.0,fixed_feather,42,C:\Users\USER\Desktop\Articulo\Datasets\MESSIDOR2\fixed_feather\r224\20060412_57846_0200_PP.png,direct_exact
APTOS,MESSIDOR2,20060412_57874_0200_PP.png,0,0,0.9620072,0.01192166,0.005397581,0.018359322,0.0023142202,0.9620072,external_test,Bright,161.0,fixed_feather,42,C:\Users\USER\Desktop\Articulo\Datasets\MESSIDOR2\fixed_feather\r224\20060412_57874_0200_PP.png,direct_exact
APTOS,MESSIDOR2,20060412_57952_0200_PP.png,0,0,0.9383827,0.040188696,0.0036053723,0.016859729,0.000963609,0.9383827,external_test,Bright,139.0,fixed_feather,42,C:\Users\USER\Desktop\Articulo\Datasets\MESSIDOR2\fixed_feather\r224\20060412_57952_0200_PP.png,direct_exact
APTOS,MESSIDOR2,20060412_57974_0200_PP.png,0,0,0.8732648,0.07177996,0.008429113,0.041858196,0.0046680197,0.8732648,external_test,Bright,141.0,fixed_feather,42,C:\Users\USER\Desktop\Articulo\Datasets\MESSIDOR2\fixed_feather\r224\20060412_57974_0200_PP.png,direct_exact
APTOS,MESSIDOR2,20060412_58032_0200_PP.png,0,0,0.8452192,0.07221761,0.042352475,0.03892238,0.0012883407,0.8452192,external_test,Bright,146.0,fixed_feather,42,C:\Users\USER\Desktop\Articulo\Datasets\MESSIDOR2\fixed_feather\r224\20060412_58032_0200_PP.png,direct_exact
APTOS,MESSIDOR2,20060412_58054_0200_PP.png,0,0,0.9724072,0.017218018,0.0048377654,0.00474316,0.0007936961,0.9724072,external_test,Bright,145.0,fixed_feather,42,C:\Users\USER\Desktop\Articulo\Datasets\MESSIDOR2\fixed_feather\r224\20060412_58054_0200_PP.png,direct_exact
APTOS,MESSIDOR2,20060412_58137_0200_PP.png,0,0,0.96072954,0.022102572,0.0041125505,0.009954048,0.003101227,0.96072954,external_test,Bright,132.0,fixed_feather,42,C:\Users\USER\Desktop\Articulo\Datasets\MESSIDOR2\fixed_feather\r224\20060412_58137_0200_PP.png,direct_exact
APTOS,MESSIDOR2,20060412_58171_0200_PP.png,1,0,0.97007734,0.019049454,0.0053358423,0.0027334157,0.0028039708,0.97007734,external_test,Bright,139.0,fixed_feather,42,C:\Users\USER\Desktop\Articulo\Datasets\MESSIDOR2\fixed_feather\r224\20060412_58171_0200_PP.png,direct_exact
APTOS,MESSIDOR2,20060412_58287_0200_PP.png,2,0,0.7857709,0.112755865,0.023076985,0.06405358,0.014342687,0.7857709,external_test,Normal,114.0,fixed_feather,42,C:\Users\USER\Desktop\Articulo\Datasets\MESSIDOR2\fixed_feather\r224\20060412_58287_0200_PP.png,direct_exact
APTOS,MESSIDOR2,20060412_58314_0200_PP.png,2,0,0.883579,0.0520255,0.0042909025,0.054795563,0.005309119,0.883579,external_test,Normal,115.0,fixed_feather,42,C:\Users\USER\Desktop\Articulo\Datasets\MESSIDOR2\fixed_feather\r224\20060412_58314_0200_PP.png,direct_exact
APTOS,MESSIDOR2,20060412_58368_0200_PP.png,1,0,0.5814662,0.23276708,0.07651627,0.10458415,0.0046663294,0.5814662,external_test,Bright,142.0,fixed_feather,42,C:\Users\USER\Desktop\Articulo\Datasets\MESSIDOR2\fixed_feather\r224\20060412_58368_0200_PP.png,direct_exact
APTOS,MESSIDOR2,20060412_58387_0200_PP.png,1,0,0.5260899,0.21389233,0.08299293,0.16183314,0.0151917,0.5260899,external_test,Bright,142.0,fixed_feather,42,C:\Users\USER\Desktop\Articulo\Datasets\MESSIDOR2\fixed_feather\r224\20060412_58387_0200_PP.png,direct_exact
APTOS,MESSIDOR2,20060412_58471_0200_PP.png,2,0,0.7512384,0.02308061,0.069783136,0.055743642,0.1001542,0.7512384,external_test,Normal,116.0,fixed_feather,42,C:\Users\USER\Desktop\Articulo\Datasets\MESSIDOR2\fixed_feather\r224\20060412_58471_0200_PP.png,direct_exact
APTOS,MESSIDOR2,20060412_58497_0200_PP.png,2,0,0.82192254,0.04799274,0.06601323,0.024734905,0.039336685,0.82192254,external_test,Normal,120.0,fixed_feather,42,C:\Users\USER\Desktop\Articulo\Datasets\MESSIDOR2\fixed_feather\r224\20060412_58497_0200_PP.png,direct_exact
APTOS,MESSIDOR2,20060412_58548_0200_PP.png,2,0,0.9836743,0.007069373,0.0034161739,0.004128046,0.0017121086,0.9836743,external_test,Bright,136.0,fixed_feather,42,C:\Users\USER\Desktop\Articulo\Datasets\MESSIDOR2\fixed_feather\r224\20060412_58548_0200_PP.png,direct_exact
APTOS,MESSIDOR2,20060412_58563_0200_PP.png,2,0,0.94935316,0.029935692,0.0062831077,0.013287151,0.0011408747,0.94935316,external_test,Normal,111.0,fixed_feather,42,C:\Users\USER\Desktop\Articulo\Datasets\MESSIDOR2\fixed_feather\r224\20060412_58563_0200_PP.png,direct_exact
APTOS,MESSIDOR2,20060412_58638_0200_PP.png,2,0,0.89742965,0.045532253,0.03012904,0.014426473,0.0124825835,0.89742965,external_test,Normal,118.0,fixed_feather,42,C:\Users\USER\Desktop\Articulo\Datasets\MESSIDOR2\fixed_feather\r224\20060412_58638_0200_PP.png,direct_exact
APTOS,MESSIDOR2,20060412_58668_0200_PP.png,1,0,0.9242242,0.04433704,0.011111407,0.017149266,0.0031781266,0.9242242,external_test,Normal,113.0,fixed_feather,42,C:\Users\USER\Desktop\Articulo\Datasets\MESSIDOR2\fixed_feather\r224\20060412_58668_0200_PP.png,direct_exact
APTOS,MESSIDOR2,20060412_58723_0200_PP.png,0,0,0.95787287,0.02070694,0.00588606,0.013145535,0.002388616,0.95787287,external_test,Normal,124.0,fixed_feather,42,C:\Users\USER\Desktop\Articulo\Datasets\MESSIDOR2\fixed_feather\r224\20060412_58723_0200_PP.png,direct_exact
APTOS,MESSIDOR2,20060412_58747_0200_PP.png,2,0,0.9676019,0.015052019,0.0020648236,0.013642367,0.0016389601,0.9676019,external_test,Normal,124.0,fixed_feather,42,C:\Users\USER\Desktop\Articulo\Datasets\MESSIDOR2\fixed_feather\r224\20060412_58747_0200_PP.png,direct_exact
APTOS,MESSIDOR2,20060412_58802_0200_PP.png,0,0,0.976611,0.012754857,0.0011446564,0.009031081,0.00045837727,0.976611,external_test,Normal,128.0,fixed_feather,42,C:\Users\USER\Desktop\Articulo\Datasets\MESSIDOR2\fixed_feather\r224\20060412_58802_0200_PP.png,direct_exact
APTOS,MESSIDOR2,20060412_58819_0200_PP.png,0,0,0.97809565,0.012085006,0.001303916,0.0073365495,0.0011788547,0.97809565,external_test,Normal,126.0,fixed_feather,42,C:\Users\USER\Desktop\Articulo\Datasets\MESSIDOR2\fixed_feather\r224\20060412_58819_0200_PP.png,direct_exact
APTOS,MESSIDOR2,20060412_58869_0200_PP.png,2,0,0.9617516,0.020650104,0.0049536577,0.011158679,0.0014859845,0.9617516,external_test,Bright,145.0,fixed_feather,42,C:\Users\USER\Desktop\Articulo\Datasets\MESSIDOR2\fixed_feather\r224\20060412_58869_0200_PP.png,direct_exact
APTOS,MESSIDOR2,20060412_58889_0200_PP.png,2,0,0.9564025,0.011943264,0.0057446207,0.021537764,0.0043718773,0.9564025,external_test,Bright,138.0,fixed_feather,42,C:\Users\USER\Desktop\Articulo\Datasets\MESSIDOR2\fixed_feather\r224\20060412_58889_0200_PP.png,direct_exact
APTOS,MESSIDOR2,20060412_58945_0200_PP.png,1,0,0.96954376,0.012833567,0.0052174404,0.010405832,0.0019993475,0.96954376,external_test,Bright,142.0,fixed_feather,42,C:\Users\USER\Desktop\Articulo\Datasets\MESSIDOR2\fixed_feather\r224\20060412_58945_0200_PP.png,direct_exact
APTOS,MESSIDOR2,20060412_58965_0200_PP.png,1,0,0.9781462,0.011756973,0.0025449414,0.0048788446,0.002673098,0.9781462,external_test,Bright,141.0,fixed_feather,42,C:\Users\USER\Desktop\Articulo\Datasets\MESSIDOR2\fixed_feather\r224\20060412_58965_0200_PP.png,direct_exact
APTOS,MESSIDOR2,20060412_59012_0200_PP.png,1,0,0.9091877,0.029034296,0.0075151506,0.045041446,0.0092215035,0.9091877,external_test,Normal,125.0,fixed_feather,42,C:\Users\USER\Desktop\Articulo\Datasets\MESSIDOR2\fixed_feather\r224\20060412_59012_0200_PP.png,direct_exact
APTOS,MESSIDOR2,20060412_59037_0200_PP.png,1,0,0.9358222,0.030279191,0.008686552,0.017634653,0.007577554,0.9358222,external_test,Normal,124.0,fixed_feather,42,C:\Users\USER\Desktop\Articulo\Datasets\MESSIDOR2\fixed_feather\r224\20060412_59037_0200_PP.png,direct_exact
APTOS,MESSIDOR2,20060412_59100_0200_PP.png,1,0,0.71456456,0.074912086,0.049900547,0.12804765,0.032575153,0.71456456,external_test,Normal,117.0,fixed_feather,42,C:\Users\USER\Desktop\Articulo\Datasets\MESSIDOR2\fixed_feather\r224\20060412_59100_0200_PP.png,direct_exact
APTOS,MESSIDOR2,20060412_59124_0200_PP.png,1,0,0.8762005,0.07644487,0.009492662,0.028451288,0.009410767,0.8762005,external_test,Normal,118.0,fixed_feather,42,C:\Users\USER\Desktop\Articulo\Datasets\MESSIDOR2\fixed_feather\r224\20060412_59124_0200_PP.png,direct_exact
APTOS,MESSIDOR2,20060412_59175_0200_PP.png,0,0,0.90821856,0.04852307,0.01781755,0.022416059,0.0030248263,0.90821856,external_test,Bright,151.0,fixed_feather,42,C:\Users\USER\Desktop\Articulo\Datasets\MESSIDOR2\fixed_feather\r224\20060412_59175_0200_PP.png,direct_exact
APTOS,MESSIDOR2,20060412_59196_0200_PP.png,0,0,0.92500603,0.03713029,0.021656437,0.015528749,0.0006784082,0.92500603,external_test,Bright,142.0,fixed_feather,42,C:\Users\USER\Desktop\Articulo\Datasets\MESSIDOR2\fixed_feather\r224\20060412_59196_0200_PP.png,direct_exact
APTOS,MESSIDOR2,20060412_59242_0200_PP.png,2,0,0.9895169,0.0026240326,0.00039442044,0.007367353,9.7179385e-05,0.9895169,external_test,Bright,136.0,fixed_feather,42,C:\Users\USER\Desktop\Articulo\Datasets\MESSIDOR2\fixed_feather\r224\20060412_59242_0200_PP.png,direct_exact
APTOS,MESSIDOR2,20060412_59259_0200_PP.png,0,0,0.9601865,0.025639597,0.0029688478,0.00966573,0.0015393283,0.9601865,external_test,Bright,135.0,fixed_feather,42,C:\Users\USER\Desktop\Articulo\Datasets\MESSIDOR2\fixed_feather\r224\20060412_59259_0200_PP.png,direct_exact
APTOS,MESSIDOR2,20060412_59338_0200_PP.png,0,0,0.9756864,0.0069587356,0.0010283937,0.01601283,0.00031355518,0.9756864,external_test,Bright,136.0,fixed_feather,42,C:\Users\USER\Desktop\Articulo\Datasets\MESSIDOR2\fixed_feather\r224\20060412_59338_0200_PP.png,direct_exact
APTOS,MESSIDOR2,20060412_59355_0200_PP.png,0,0,0.96161205,0.01304872,0.0014342426,0.023684585,0.00022042962,0.96161205,external_test,Bright,140.0,fixed_feather,42,C:\Users\USER\Desktop\Articulo\Datasets\MESSIDOR2\fixed_feather\r224\20060412_59355_0200_PP.png,direct_exact
APTOS,MESSIDOR2,20060412_59400_0200_PP.png,1,0,0.76007175,0.12891375,0.03547383,0.073031664,0.0025090263,0.76007175,external_test,Normal,125.0,fixed_feather,42,C:\Users\USER\Desktop\Articulo\Datasets\MESSIDOR2\fixed_feather\r224\20060412_59400_0200_PP.png,direct_exact
APTOS,MESSIDOR2,20060412_59423_0200_PP.png,1,0,0.8312124,0.078109734,0.007659784,0.0819813,0.0010367775,0.8312124,external_test,Normal,126.0,fixed_feather,42,C:\Users\USER\Desktop\Articulo\Datasets\MESSIDOR2\fixed_feather\r224\20060412_59423_0200_PP.png,direct_exact
APTOS,MESSIDOR2,20060412_59636_0200_PP.png,1,0,0.9787319,0.009250006,0.0029409833,0.004848982,0.0042281034,0.9787319,external_test,Bright,133.0,fixed_feather,42,C:\Users\USER\Desktop\Articulo\Datasets\MESSIDOR2\fixed_feather\r224\20060412_59636_0200_PP.png,direct_exact
APTOS,MESSIDOR2,20060412_59658_0200_PP.png,1,0,0.9698971,0.016548647,0.0045441324,0.008164696,0.00084546,0.9698971,external_test,Bright,135.0,fixed_feather,42,C:\Users\USER\Desktop\Articulo\Datasets\MESSIDOR2\fixed_feather\r224\20060412_59658_0200_PP.png,direct_exact
APTOS,MESSIDOR2,20060412_59717_0200_PP.png,2,0,0.9447774,0.015773011,0.011697314,0.019835114,0.007917105,0.9447774,external_test,Bright,139.0,fixed_feather,42,C:\Users\USER\Desktop\Articulo\Datasets\MESSIDOR2\fixed_feather\r224\20060412_59717_0200_PP.png,direct_exact
APTOS,MESSIDOR2,20060412_59735_0200_PP.png,2,0,0.93987286,0.044229366,0.0054906616,0.009005363,0.0014017818,0.93987286,external_test,Bright,143.0,fixed_feather,42,C:\Users\USER\Desktop\Articulo\Datasets\MESSIDOR2\fixed_feather\r224\20060412_59735_0200_PP.png,direct_exact
APTOS,MESSIDOR2,20060412_60337_0200_PP.png,1,0,0.5237423,0.29942167,0.101102576,0.06710421,0.008629202,0.5237423,external_test,Normal,123.0,fixed_feather,42,C:\Users\USER\Desktop\Articulo\Datasets\MESSIDOR2\fixed_feather\r224\20060412_60337_0200_PP.png,direct_exact
APTOS,MESSIDOR2,20060412_60396_0200_PP.png,1,0,0.8581665,0.07865347,0.01799227,0.035219185,0.009968605,0.8581665,external_test,Normal,124.0,fixed_feather,42,C:\Users\USER\Desktop\Articulo\Datasets\MESSIDOR2\fixed_feather\r224\20060412_60396_0200_PP.png,direct_exact
APTOS,MESSIDOR2,20060412_60454_0200_PP.png,2,0,0.8624173,0.087040775,0.008334063,0.041548703,0.00065921893,0.8624173,external_test,Bright,139.0,fixed_feather,42,C:\Users\USER\Desktop\Articulo\Datasets\MESSIDOR2\fixed_feather\r224\20060412_60454_0200_PP.png,direct_exact
APTOS,MESSIDOR2,20060412_60475_0200_PP.png,1,0,0.84575534,0.07518104,0.008755091,0.06932394,0.0009846153,0.84575534,external_test,Bright,146.0,fixed_feather,42,C:\Users\USER\Desktop\Articulo\Datasets\MESSIDOR2\fixed_feather\r224\20060412_60475_0200_PP.png,direct_exact
APTOS,MESSIDOR2,20060412_60545_0200_PP.png,2,0,0.958545,0.018222315,0.007156086,0.014853352,0.0012230892,0.958545,external_test,Bright,132.0,fixed_feather,42,C:\Users\USER\Desktop\Articulo\Datasets\MESSIDOR2\fixed_feather\r224\20060412_60545_0200_PP.png,direct_exact
APTOS,MESSIDOR2,20060412_60573_0200_PP.png,1,0,0.90968466,0.043501616,0.004489372,0.039608076,0.0027163064,0.90968466,external_test,Normal,129.0,fixed_feather,42,C:\Users\USER\Desktop\Articulo\Datasets\MESSIDOR2\fixed_feather\r224\20060412_60573_0200_PP.png,direct_exact
APTOS,MESSIDOR2,20060412_60751_0200_PP.png,0,0,0.8653313,0.0729292,0.012596344,0.048752435,0.0003907915,0.8653313,external_test,Bright,141.0,fixed_feather,42,C:\Users\USER\Desktop\Articulo\Datasets\MESSIDOR2\fixed_feather\r224\20060412_60751_0200_PP.png,direct_exact
APTOS,MESSIDOR2,20060412_60773_0200_PP.png,0,0,0.9286924,0.030106338,0.002300439,0.03835064,0.0005501792,0.9286924,external_test,Bright,151.0,fixed_feather,42,C:\Users\USER\Desktop\Articulo\Datasets\MESSIDOR2\fixed_feather\r224\20060412_60773_0200_PP.png,direct_exact
APTOS,MESSIDOR2,20060412_60825_0200_PP.png,1,0,0.9629354,0.017915258,0.005308108,0.013402676,0.00043852848,0.9629354,external_test,Bright,151.0,fixed_feather,42,C:\Users\USER\Desktop\Articulo\Datasets\MESSIDOR2\fixed_feather\r224\20060412_60825_0200_PP.png,direct_exact
APTOS,MESSIDOR2,20060412_60845_0200_PP.png,1,0,0.9353255,0.04237652,0.0011300193,0.020955477,0.00021257,0.9353255,external_test,Bright,151.0,fixed_feather,42,C:\Users\USER\Desktop\Articulo\Datasets\MESSIDOR2\fixed_feather\r224\20060412_60845_0200_PP.png,direct_exact
APTOS,MESSIDOR2,20060412_60895_0200_PP.png,2,0,0.9036718,0.02263637,0.04795279,0.011090585,0.01464851,0.9036718,external_test,Bright,148.0,fixed_feather,42,C:\Users\USER\Desktop\Articulo\Datasets\MESSIDOR2\fixed_feather\r224\20060412_60895_0200_PP.png,direct_exact
APTOS,MESSIDOR2,20060412_60913_0200_PP.png,2,0,0.9795791,0.004761769,0.0037953164,0.0065386845,0.0053251325,0.9795791,external_test,Bright,152.0,fixed_feather,42,C:\Users\USER\Desktop\Articulo\Datasets\MESSIDOR2\fixed_feather\r224\20060412_60913_0200_PP.png,direct_exact
APTOS,MESSIDOR2,20060412_60978_0200_PP.png,2,0,0.9412427,0.025594102,0.010329235,0.021047095,0.0017868845,0.9412427,external_test,Normal,128.0,fixed_feather,42,C:\Users\USER\Desktop\Articulo\Datasets\MESSIDOR2\fixed_feather\r224\20060412_60978_0200_PP.png,direct_exact
APTOS,MESSIDOR2,20060412_61000_0200_PP.png,2,0,0.90030974,0.06563787,0.0090882275,0.022551166,0.0024129774,0.90030974,external_test,Bright,137.0,fixed_feather,42,C:\Users\USER\Desktop\Articulo\Datasets\MESSIDOR2\fixed_feather\r224\20060412_61000_0200_PP.png,direct_exact
APTOS,MESSIDOR2,20060412_61064_0200_PP.png,0,0,0.9858642,0.0064194975,0.0020702924,0.004235741,0.0014103111,0.9858642,external_test,Bright,161.0,fixed_feather,42,C:\Users\USER\Desktop\Articulo\Datasets\MESSIDOR2\fixed_feather\r224\20060412_61064_0200_PP.png,direct_exact
APTOS,MESSIDOR2,20060412_61081_0200_PP.png,2,0,0.94916046,0.038646497,0.0046877638,0.0059750346,0.0015302523,0.94916046,external_test,Bright,159.0,fixed_feather,42,C:\Users\USER\Desktop\Articulo\Datasets\MESSIDOR2\fixed_feather\r224\20060412_61081_0200_PP.png,direct_exact
APTOS,MESSIDOR2,20060412_61151_0200_PP.png,2,0,0.89277464,0.028816912,0.005976402,0.0669901,0.005441936,0.89277464,external_test,Normal,114.0,fixed_feather,42,C:\Users\USER\Desktop\Articulo\Datasets\MESSIDOR2\fixed_feather\r224\20060412_61151_0200_PP.png,direct_exact
APTOS,MESSIDOR2,20060412_61169_0200_PP.png,2,0,0.96024036,0.018252902,0.004709162,0.015368139,0.0014295419,0.96024036,external_test,Normal,115.0,fixed_feather,42,C:\Users\USER\Desktop\Articulo\Datasets\MESSIDOR2\fixed_feather\r224\20060412_61169_0200_PP.png,direct_exact
APTOS,MESSIDOR2,20060412_61222_0200_PP.png,2,0,0.97570646,0.0111642275,0.0048591504,0.008076519,0.00019369628,0.97570646,external_test,Bright,152.0,fixed_feather,42,C:\Users\USER\Desktop\Articulo\Datasets\MESSIDOR2\fixed_feather\r224\20060412_61222_0200_PP.png,direct_exact
APTOS,MESSIDOR2,20060412_61251_0200_PP.png,2,0,0.95622694,0.02800876,0.006622835,0.008134799,0.0010067024,0.95622694,external_test,Bright,154.0,fixed_feather,42,C:\Users\USER\Desktop\Articulo\Datasets\MESSIDOR2\fixed_feather\r224\20060412_61251_0200_PP.png,direct_exact
APTOS,MESSIDOR2,20060412_61299_0200_PP.png,1,0,0.9165019,0.033910926,0.002079407,0.04469857,0.0028091327,0.9165019,external_test,Normal,119.0,fixed_feather,42,C:\Users\USER\Desktop\Articulo\Datasets\MESSIDOR2\fixed_feather\r224\20060412_61299_0200_PP.png,direct_exact
APTOS,MESSIDOR2,20060412_61316_0200_PP.png,1,0,0.93400437,0.031208849,0.007947304,0.024630552,0.0022090748,0.93400437,external_test,Normal,121.0,fixed_feather,42,C:\Users\USER\Desktop\Articulo\Datasets\MESSIDOR2\fixed_feather\r224\20060412_61316_0200_PP.png,direct_exact
APTOS,MESSIDOR2,20060412_61365_0200_PP.png,0,0,0.9667591,0.021979365,0.0019032893,0.0077080866,0.001650254,0.9667591,external_test,Bright,137.0,fixed_feather,42,C:\Users\USER\Desktop\Articulo\Datasets\MESSIDOR2\fixed_feather\r224\20060412_61365_0200_PP.png,direct_exact
APTOS,MESSIDOR2,20060412_61383_0200_PP.png,0,0,0.921545,0.053166404,0.005183184,0.017691161,0.0024143741,0.921545,external_test,Bright,137.0,fixed_feather,42,C:\Users\USER\Desktop\Articulo\Datasets\MESSIDOR2\fixed_feather\r224\20060412_61383_0200_PP.png,direct_exact
APTOS,MESSIDOR2,20060412_61433_0200_PP.png,0,0,0.86583924,0.068238385,0.035139218,0.020173073,0.010610071,0.86583924,external_test,Normal,126.0,fixed_feather,42,C:\Users\USER\Desktop\Articulo\Datasets\MESSIDOR2\fixed_feather\r224\20060412_61433_0200_PP.png,direct_exact
APTOS,MESSIDOR2,20060412_61450_0200_PP.png,0,0,0.9326015,0.022563996,0.013253808,0.028635647,0.0029450573,0.9326015,external_test,Normal,125.0,fixed_feather,42,C:\Users\USER\Desktop\Articulo\Datasets\MESSIDOR2\fixed_feather\r224\20060412_61450_0200_PP.png,direct_exact
APTOS,MESSIDOR2,20060412_61501_0200_PP.png,2,0,0.8757616,0.05864349,0.006462254,0.05848733,0.00064531056,0.8757616,external_test,Normal,128.0,fixed_feather,42,C:\Users\USER\Desktop\Articulo\Datasets\MESSIDOR2\fixed_feather\r224\20060412_61501_0200_PP.png,direct_exact
APTOS,MESSIDOR2,20060412_61525_0200_PP.png,0,0,0.8559728,0.057437927,0.057112765,0.023744104,0.0057323584,0.8559728,external_test,Bright,154.0,fixed_feather,42,C:\Users\USER\Desktop\Articulo\Datasets\MESSIDOR2\fixed_feather\r224\20060412_61525_0200_PP.png,direct_exact
APTOS,MESSIDOR2,20060412_61593_0200_PP.png,1,0,0.9845269,0.0042770808,0.0010263755,0.009806333,0.00036340248,0.9845269,external_test,Normal,125.0,fixed_feather,42,C:\Users\USER\Desktop\Articulo\Datasets\MESSIDOR2\fixed_feather\r224\20060412_61593_0200_PP.png,direct_exact
APTOS,MESSIDOR2,20060412_61615_0200_PP.png,1,0,0.9732791,0.003947455,0.0013354087,0.020968527,0.00046939278,0.9732791,external_test,Normal,126.0,fixed_feather,42,C:\Users\USER\Desktop\Articulo\Datasets\MESSIDOR2\fixed_feather\r224\20060412_61615_0200_PP.png,direct_exact
APTOS,MESSIDOR2,20060412_61665_0200_PP.png,0,0,0.92781156,0.055494074,0.0069913934,0.006776808,0.00292618,0.92781156,external_test,Normal,129.0,fixed_feather,42,C:\Users\USER\Desktop\Articulo\Datasets\MESSIDOR2\fixed_feather\r224\20060412_61665_0200_PP.png,direct_exact
APTOS,MESSIDOR2,20060412_61681_0200_PP.png,1,0,0.94379556,0.024479678,0.0034812554,0.02707308,0.0011704453,0.94379556,external_test,Bright,131.0,fixed_feather,42,C:\Users\USER\Desktop\Articulo\Datasets\MESSIDOR2\fixed_feather\r224\20060412_61681_0200_PP.png,direct_exact
APTOS,MESSIDOR2,20060412_61790_0200_PP.png,0,0,0.9711058,0.018868405,0.0052494225,0.0040174243,0.0007589695,0.9711058,external_test,Bright,148.0,fixed_feather,42,C:\Users\USER\Desktop\Articulo\Datasets\MESSIDOR2\fixed_feather\r224\20060412_61790_0200_PP.png,direct_exact
APTOS,MESSIDOR2,20060412_61808_0200_PP.png,2,0,0.78013086,0.14124426,0.06699413,0.009871036,0.0017598418,0.78013086,external_test,Bright,149.0,fixed_feather,42,C:\Users\USER\Desktop\Articulo\Datasets\MESSIDOR2\fixed_feather\r224\20060412_61808_0200_PP.png,direct_exact
APTOS,MESSIDOR2,20060412_62936_0200_PP.png,3,0,0.87488353,0.081219316,0.03032211,0.008856633,0.004718396,0.87488353,external_test,Bright,146.0,fixed_feather,42,C:\Users\USER\Desktop\Articulo\Datasets\MESSIDOR2\fixed_feather\r224\20060412_62936_0200_PP.png,direct_exact
APTOS,MESSIDOR2,20060412_62960_0200_PP.png,3,0,0.9598233,0.02541547,0.006920515,0.0070213634,0.00081929436,0.9598233,external_test,Bright,141.0,fixed_feather,42,C:\Users\USER\Desktop\Articulo\Datasets\MESSIDOR2\fixed_feather\r224\20060412_62960_0200_PP.png,direct_exact
APTOS,MESSIDOR2,20060412_63009_0200_PP.png,1,0,0.9693997,0.011034078,0.002010726,0.017146973,0.00040856667,0.9693997,external_test,Normal,114.0,fixed_feather,42,C:\Users\USER\Desktop\Articulo\Datasets\MESSIDOR2\fixed_feather\r224\20060412_63009_0200_PP.png,direct_exact
APTOS,MESSIDOR2,20060412_63032_0200_PP.png,1,0,0.9393244,0.03633934,0.0022966778,0.01755416,0.004485515,0.9393244,external_test,Normal,116.0,fixed_feather,42,C:\Users\USER\Desktop\Articulo\Datasets\MESSIDOR2\fixed_feather\r224\20060412_63032_0200_PP.png,direct_exact
APTOS,MESSIDOR2,20060412_63088_0200_PP.png,1,0,0.99067724,0.0040229904,0.0004489671,0.004307103,0.0005436423,0.99067724,external_test,Normal,128.0,fixed_feather,42,C:\Users\USER\Desktop\Articulo\Datasets\MESSIDOR2\fixed_feather\r224\20060412_63088_0200_PP.png,direct_exact
APTOS,MESSIDOR2,20060412_63104_0200_PP.png,1,0,0.94085157,0.03223542,0.007244856,0.013807323,0.0058608726,0.94085157,external_test,Normal,126.0,fixed_feather,42,C:\Users\USER\Desktop\Articulo\Datasets\MESSIDOR2\fixed_feather\r224\20060412_63104_0200_PP.png,direct_exact
APTOS,MESSIDOR2,20060522_43758_0100_PP.png,0,0,0.91753274,0.031480394,0.0021721404,0.046943597,0.0018711401,0.91753274,external_test,Normal,110.0,fixed_feather,42,C:\Users\USER\Desktop\Articulo\Datasets\MESSIDOR2\fixed_feather\r224\20060522_43758_0100_PP.png,direct_exact
APTOS,MESSIDOR2,20060522_45069_0100_PP.png,1,0,0.9177645,0.036492422,0.0032800871,0.039365936,0.0030970667,0.9177645,external_test,Normal,110.0,fixed_feather,42,C:\Users\USER\Desktop\Articulo\Datasets\MESSIDOR2\fixed_feather\r224\20060522_45069_0100_PP.png,direct_exact
APTOS,MESSIDOR2,20060522_45212_0100_PP.png,2,0,0.96386206,0.02110599,0.0015620193,0.012537224,0.0009327363,0.96386206,external_test,Normal,110.0,fixed_feather,42,C:\Users\USER\Desktop\Articulo\Datasets\MESSIDOR2\fixed_feather\r224\20060522_45212_0100_PP.png,direct_exact
APTOS,MESSIDOR2,20060522_45248_0100_PP.png,2,0,0.7311077,0.16473965,0.012981302,0.08400908,0.0071622944,0.7311077,external_test,Normal,109.0,fixed_feather,42,C:\Users\USER\Desktop\Articulo\Datasets\MESSIDOR2\fixed_feather\r224\20060522_45248_0100_PP.png,direct_exact
APTOS,MESSIDOR2,20060522_45402_0100_PP.png,1,0,0.9699237,0.012999842,0.0009953014,0.01575561,0.00032560813,0.9699237,external_test,Normal,123.0,fixed_feather,42,C:\Users\USER\Desktop\Articulo\Datasets\MESSIDOR2\fixed_feather\r224\20060522_45402_0100_PP.png,direct_exact
APTOS,MESSIDOR2,20060522_45455_0100_PP.png,2,0,0.89354056,0.037418213,0.008696797,0.05721553,0.0031288248,0.89354056,external_test,Normal,124.0,fixed_feather,42,C:\Users\USER\Desktop\Articulo\Datasets\MESSIDOR2\fixed_feather\r224\20060522_45455_0100_PP.png,direct_exact
APTOS,MESSIDOR2,20060522_45541_0100_PP.png,4,0,0.61302686,0.06831725,0.044131808,0.070117205,0.2044068,0.61302686,external_test,Bright,130.0,fixed_feather,42,C:\Users\USER\Desktop\Articulo\Datasets\MESSIDOR2\fixed_feather\r224\20060522_45541_0100_PP.png,direct_exact
APTOS,MESSIDOR2,20060522_45583_0100_PP.png,4,4,0.3868356,0.06552383,0.08855255,0.039441705,0.41964635,0.41964635,external_test,Bright,131.0,fixed_feather,42,C:\Users\USER\Desktop\Articulo\Datasets\MESSIDOR2\fixed_feather\r224\20060522_45583_0100_PP.png,direct_exact
APTOS,MESSIDOR2,20060522_45691_0100_PP.png,2,0,0.9516474,0.026415315,0.0062009525,0.014107821,0.0016286745,0.9516474,external_test,Normal,114.0,fixed_feather,42,C:\Users\USER\Desktop\Articulo\Datasets\MESSIDOR2\fixed_feather\r224\20060522_45691_0100_PP.png,direct_exact
APTOS,MESSIDOR2,20060522_45718_0100_PP.png,2,0,0.8829827,0.041867975,0.040631246,0.032906123,0.0016120492,0.8829827,external_test,Bright,147.0,fixed_feather,42,C:\Users\USER\Desktop\Articulo\Datasets\MESSIDOR2\fixed_feather\r224\20060522_45718_0100_PP.png,direct_exact
APTOS,MESSIDOR2,20060522_45777_0100_PP.png,0,0,0.9488193,0.030977197,0.0060662637,0.013214303,0.00092299265,0.9488193,external_test,Normal,111.0,fixed_feather,42,C:\Users\USER\Desktop\Articulo\Datasets\MESSIDOR2\fixed_feather\r224\20060522_45777_0100_PP.png,direct_exact
APTOS,MESSIDOR2,20060522_45796_0100_PP.png,0,0,0.9733114,0.014748288,0.0006163582,0.0110009555,0.0003230388,0.9733114,external_test,Dark,108.0,fixed_feather,42,C:\Users\USER\Desktop\Articulo\Datasets\MESSIDOR2\fixed_feather\r224\20060522_45796_0100_PP.png,direct_exact
APTOS,MESSIDOR2,20060522_45853_0100_PP.png,0,0,0.93945587,0.00852025,0.0014407996,0.04902078,0.0015623865,0.93945587,external_test,Dark,88.0,fixed_feather,42,C:\Users\USER\Desktop\Articulo\Datasets\MESSIDOR2\fixed_feather\r224\20060522_45853_0100_PP.png,direct_exact
APTOS,MESSIDOR2,20060522_45873_0100_PP.png,0,0,0.942102,0.032212764,0.0019182137,0.021682957,0.0020841104,0.942102,external_test,Dark,88.0,fixed_feather,42,C:\Users\USER\Desktop\Articulo\Datasets\MESSIDOR2\fixed_feather\r224\20060522_45873_0100_PP.png,direct_exact
APTOS,MESSIDOR2,20060522_45935_0100_PP.png,1,0,0.8138913,0.06761311,0.0063555217,0.11139676,0.0007433504,0.8138913,external_test,Bright,134.0,fixed_feather,42,C:\Users\USER\Desktop\Articulo\Datasets\MESSIDOR2\fixed_feather\r224\20060522_45935_0100_PP.png,direct_exact
APTOS,MESSIDOR2,20060522_45967_0100_PP.png,1,0,0.9050276,0.029690113,0.0030367826,0.062012456,0.00023294012,0.9050276,external_test,Bright,133.0,fixed_feather,42,C:\Users\USER\Desktop\Articulo\Datasets\MESSIDOR2\fixed_feather\r224\20060522_45967_0100_PP.png,direct_exact
APTOS,MESSIDOR2,20060522_46104_0100_PP.png,0,0,0.92999285,0.014983579,0.0011925616,0.053759012,7.210667e-05,0.92999285,external_test,Dark,105.0,fixed_feather,42,C:\Users\USER\Desktop\Articulo\Datasets\MESSIDOR2\fixed_feather\r224\20060522_46104_0100_PP.png,direct_exact
APTOS,MESSIDOR2,20060522_46149_0100_PP.png,0,0,0.87991786,0.041393157,0.0043506757,0.073715486,0.0006228083,0.87991786,external_test,Dark,107.0,fixed_feather,42,C:\Users\USER\Desktop\Articulo\Datasets\MESSIDOR2\fixed_feather\r224\20060522_46149_0100_PP.png,direct_exact
APTOS,MESSIDOR2,20060522_46379_0100_PP.png,0,0,0.9627659,0.013549067,0.0012072178,0.02141454,0.0010631895,0.9627659,external_test,Normal,122.0,fixed_feather,42,C:\Users\USER\Desktop\Articulo\Datasets\MESSIDOR2\fixed_feather\r224\20060522_46379_0100_PP.png,direct_exact
APTOS,MESSIDOR2,20060522_46400_0100_PP.png,0,0,0.9639583,0.01685907,0.0007306291,0.018225567,0.00022645124,0.9639583,external_test,Normal,128.0,fixed_feather,42,C:\Users\USER\Desktop\Articulo\Datasets\MESSIDOR2\fixed_feather\r224\20060522_46400_0100_PP.png,direct_exact
APTOS,MESSIDOR2,20060522_46454_0100_PP.png,1,0,0.90651697,0.026830416,0.0011006357,0.06374093,0.0018111026,0.90651697,external_test,Normal,128.0,fixed_feather,42,C:\Users\USER\Desktop\Articulo\Datasets\MESSIDOR2\fixed_feather\r224\20060522_46454_0100_PP.png,direct_exact
APTOS,MESSIDOR2,20060523_42953_0100_PP.png,0,0,0.92927325,0.014695183,0.0050162952,0.05021928,0.0007960633,0.92927325,external_test,Normal,126.0,fixed_feather,42,C:\Users\USER\Desktop\Articulo\Datasets\MESSIDOR2\fixed_feather\r224\20060523_42953_0100_PP.png,direct_exact
APTOS,MESSIDOR2,20060523_43016_0100_PP.png,2,0,0.9617001,0.012324237,0.00082138856,0.024859538,0.00029478606,0.9617001,external_test,Normal,119.0,fixed_feather,42,C:\Users\USER\Desktop\Articulo\Datasets\MESSIDOR2\fixed_feather\r224\20060523_43016_0100_PP.png,direct_exact
APTOS,MESSIDOR2,20060523_43038_0100_PP.png,2,0,0.9566631,0.013241422,0.0006899899,0.029027576,0.00037794615,0.9566631,external_test,Normal,124.0,fixed_feather,42,C:\Users\USER\Desktop\Articulo\Datasets\MESSIDOR2\fixed_feather\r224\20060523_43038_0100_PP.png,direct_exact
APTOS,MESSIDOR2,20060523_43105_0100_PP.png,0,0,0.9377392,0.024840638,0.0017326028,0.03495946,0.00072809705,0.9377392,external_test,Dark,98.0,fixed_feather,42,C:\Users\USER\Desktop\Articulo\Datasets\MESSIDOR2\fixed_feather\r224\20060523_43105_0100_PP.png,direct_exact
APTOS,MESSIDOR2,20060523_43123_0100_PP.png,0,0,0.9563786,0.026999865,0.0012350518,0.011921822,0.003464573,0.9563786,external_test,Dark,105.0,fixed_feather,42,C:\Users\USER\Desktop\Articulo\Datasets\MESSIDOR2\fixed_feather\r224\20060523_43123_0100_PP.png,direct_exact
APTOS,MESSIDOR2,20060523_43174_0100_PP.png,2,0,0.89517015,0.061132293,0.016273942,0.018657574,0.00876596,0.89517015,external_test,Bright,130.0,fixed_feather,42,C:\Users\USER\Desktop\Articulo\Datasets\MESSIDOR2\fixed_feather\r224\20060523_43174_0100_PP.png,direct_exact
APTOS,MESSIDOR2,20060523_43196_0100_PP.png,3,0,0.88375884,0.058498304,0.021345213,0.022796607,0.013600995,0.88375884,external_test,Normal,129.0,fixed_feather,42,C:\Users\USER\Desktop\Articulo\Datasets\MESSIDOR2\fixed_feather\r224\20060523_43196_0100_PP.png,direct_exact
APTOS,MESSIDOR2,20060523_43248_0100_PP.png,0,0,0.9726513,0.009243799,0.0004910625,0.01702615,0.0005876027,0.9726513,external_test,Normal,126.0,fixed_feather,42,C:\Users\USER\Desktop\Articulo\Datasets\MESSIDOR2\fixed_feather\r224\20060523_43248_0100_PP.png,direct_exact
APTOS,MESSIDOR2,20060523_43267_0100_PP.png,1,0,0.77623516,0.07054508,0.0027186056,0.14978275,0.0007183963,0.77623516,external_test,Bright,130.0,fixed_feather,42,C:\Users\USER\Desktop\Articulo\Datasets\MESSIDOR2\fixed_feather\r224\20060523_43267_0100_PP.png,direct_exact
APTOS,MESSIDOR2,20060523_43333_0100_PP.png,0,0,0.97932833,0.010238232,0.00077939284,0.009271227,0.00038295,0.97932833,external_test,Normal,120.0,fixed_feather,42,C:\Users\USER\Desktop\Articulo\Datasets\MESSIDOR2\fixed_feather\r224\20060523_43333_0100_PP.png,direct_exact
APTOS,MESSIDOR2,20060523_43354_0100_PP.png,0,0,0.95510054,0.02785666,0.0019824759,0.014259301,0.00080096273,0.95510054,external_test,Normal,118.0,fixed_feather,42,C:\Users\USER\Desktop\Articulo\Datasets\MESSIDOR2\fixed_feather\r224\20060523_43354_0100_PP.png,direct_exact
APTOS,MESSIDOR2,20060523_45216_0100_PP.png,2,0,0.92422223,0.049822308,0.0035881605,0.020328237,0.0020390155,0.92422223,external_test,VeryDark,74.0,fixed_feather,42,C:\Users\USER\Desktop\Articulo\Datasets\MESSIDOR2\fixed_feather\r224\20060523_45216_0100_PP.png,direct_exact
APTOS,MESSIDOR2,20060523_45235_0100_PP.png,2,0,0.9382664,0.029230686,0.008904306,0.021950169,0.0016485581,0.9382664,external_test,VeryDark,80.0,fixed_feather,42,C:\Users\USER\Desktop\Articulo\Datasets\MESSIDOR2\fixed_feather\r224\20060523_45235_0100_PP.png,direct_exact
APTOS,MESSIDOR2,20060523_45300_0100_PP.png,0,0,0.8876106,0.05532734,0.0048786816,0.051621616,0.00056187564,0.8876106,external_test,Normal,116.0,fixed_feather,42,C:\Users\USER\Desktop\Articulo\Datasets\MESSIDOR2\fixed_feather\r224\20060523_45300_0100_PP.png,direct_exact
APTOS,MESSIDOR2,20060523_45316_0100_PP.png,0,0,0.8658024,0.084812455,0.01624233,0.025901448,0.00724138,0.8658024,external_test,Normal,119.0,fixed_feather,42,C:\Users\USER\Desktop\Articulo\Datasets\MESSIDOR2\fixed_feather\r224\20060523_45316_0100_PP.png,direct_exact
APTOS,MESSIDOR2,20060523_45369_0100_PP.png,2,0,0.9233562,0.024464265,0.0018053342,0.047117777,0.0032564204,0.9233562,external_test,Normal,115.0,fixed_feather,42,C:\Users\USER\Desktop\Articulo\Datasets\MESSIDOR2\fixed_feather\r224\20060523_45369_0100_PP.png,direct_exact
APTOS,MESSIDOR2,20060523_45389_0100_PP.png,2,0,0.6583504,0.20952402,0.062387034,0.053803645,0.01593485,0.6583504,external_test,Normal,122.0,fixed_feather,42,C:\Users\USER\Desktop\Articulo\Datasets\MESSIDOR2\fixed_feather\r224\20060523_45389_0100_PP.png,direct_exact
APTOS,MESSIDOR2,20060523_45449_0100_PP.png,0,0,0.8926214,0.025548661,0.049937543,0.022237184,0.009655248,0.8926214,external_test,Bright,150.0,fixed_feather,42,C:\Users\USER\Desktop\Articulo\Datasets\MESSIDOR2\fixed_feather\r224\20060523_45449_0100_PP.png,direct_exact
APTOS,MESSIDOR2,20060523_45467_0100_PP.png,0,0,0.8475274,0.085597314,0.021022676,0.005806177,0.04004648,0.8475274,external_test,Bright,134.0,fixed_feather,42,C:\Users\USER\Desktop\Articulo\Datasets\MESSIDOR2\fixed_feather\r224\20060523_45467_0100_PP.png,direct_exact
APTOS,MESSIDOR2,20060523_45524_0100_PP.png,0,0,0.95167696,0.017848203,0.0074333386,0.022498844,0.00054265786,0.95167696,external_test,Normal,116.0,fixed_feather,42,C:\Users\USER\Desktop\Articulo\Datasets\MESSIDOR2\fixed_feather\r224\20060523_45524_0100_PP.png,direct_exact
APTOS,MESSIDOR2,20060523_45548_0100_PP.png,0,0,0.97339803,0.0076761227,0.00032812287,0.018553568,4.4071578e-05,0.97339803,external_test,Normal,117.0,fixed_feather,42,C:\Users\USER\Desktop\Articulo\Datasets\MESSIDOR2\fixed_feather\r224\20060523_45548_0100_PP.png,direct_exact
APTOS,MESSIDOR2,20060523_45662_0100_PP.png,2,0,0.9018768,0.025435079,0.00092733477,0.07058402,0.0011766719,0.9018768,external_test,Dark,103.0,fixed_feather,42,C:\Users\USER\Desktop\Articulo\Datasets\MESSIDOR2\fixed_feather\r224\20060523_45662_0100_PP.png,direct_exact
APTOS,MESSIDOR2,20060523_45697_0100_PP.png,2,0,0.7646577,0.08181305,0.022531083,0.12563217,0.0053660823,0.7646577,external_test,Dark,102.0,fixed_feather,42,C:\Users\USER\Desktop\Articulo\Datasets\MESSIDOR2\fixed_feather\r224\20060523_45697_0100_PP.png,direct_exact
APTOS,MESSIDOR2,20060523_45787_0100_PP.png,2,0,0.9457451,0.015642557,0.0016398536,0.03652759,0.00044485874,0.9457451,external_test,Dark,102.0,fixed_feather,42,C:\Users\USER\Desktop\Articulo\Datasets\MESSIDOR2\fixed_feather\r224\20060523_45787_0100_PP.png,direct_exact
APTOS,MESSIDOR2,20060523_45812_0100_PP.png,2,0,0.86923796,0.04884123,0.0073177344,0.073538415,0.0010646262,0.86923796,external_test,Normal,111.0,fixed_feather,42,C:\Users\USER\Desktop\Articulo\Datasets\MESSIDOR2\fixed_feather\r224\20060523_45812_0100_PP.png,direct_exact
APTOS,MESSIDOR2,20060523_47987_0100_PP.png,0,0,0.98610604,0.010398627,0.0008332816,0.0023515872,0.00031047774,0.98610604,external_test,Bright,143.0,fixed_feather,42,C:\Users\USER\Desktop\Articulo\Datasets\MESSIDOR2\fixed_feather\r224\20060523_47987_0100_PP.png,direct_exact
APTOS,MESSIDOR2,20060523_48005_0100_PP.png,0,0,0.9775767,0.01672474,0.0016795698,0.003831797,0.00018727942,0.9775767,external_test,Bright,141.0,fixed_feather,42,C:\Users\USER\Desktop\Articulo\Datasets\MESSIDOR2\fixed_feather\r224\20060523_48005_0100_PP.png,direct_exact
APTOS,MESSIDOR2,20060523_48028_0100_PP.png,2,0,0.6952681,0.2042252,0.016290125,0.06992488,0.014291643,0.6952681,external_test,Normal,122.0,fixed_feather,42,C:\Users\USER\Desktop\Articulo\Datasets\MESSIDOR2\fixed_feather\r224\20060523_48028_0100_PP.png,direct_exact
APTOS,MESSIDOR2,20060523_48102_0100_PP.png,2,0,0.5272614,0.30821678,0.07930709,0.0762064,0.009008339,0.5272614,external_test,Normal,124.0,fixed_feather,42,C:\Users\USER\Desktop\Articulo\Datasets\MESSIDOR2\fixed_feather\r224\20060523_48102_0100_PP.png,direct_exact
APTOS,MESSIDOR2,20060523_48136_0100_PP.png,0,0,0.868525,0.0894514,0.016011067,0.018374616,0.007637933,0.868525,external_test,Dark,100.0,fixed_feather,42,C:\Users\USER\Desktop\Articulo\Datasets\MESSIDOR2\fixed_feather\r224\20060523_48136_0100_PP.png,direct_exact
APTOS,MESSIDOR2,20060523_48161_0100_PP.png,0,0,0.9281681,0.04086352,0.019436989,0.009738373,0.0017929021,0.9281681,external_test,Bright,131.0,fixed_feather,42,C:\Users\USER\Desktop\Articulo\Datasets\MESSIDOR2\fixed_feather\r224\20060523_48161_0100_PP.png,direct_exact
APTOS,MESSIDOR2,20060523_48182_0100_PP.png,3,0,0.55233014,0.16249466,0.022862554,0.18778913,0.074523576,0.55233014,external_test,Dark,91.0,fixed_feather,42,C:\Users\USER\Desktop\Articulo\Datasets\MESSIDOR2\fixed_feather\r224\20060523_48182_0100_PP.png,direct_exact
APTOS,MESSIDOR2,20060523_48199_0100_PP.png,3,0,0.72069234,0.09734637,0.017700877,0.1392439,0.025016576,0.72069234,external_test,Dark,100.0,fixed_feather,42,C:\Users\USER\Desktop\Articulo\Datasets\MESSIDOR2\fixed_feather\r224\20060523_48199_0100_PP.png,direct_exact
APTOS,MESSIDOR2,20060523_48406_0100_PP.png,0,0,0.95448273,0.010058855,0.0014193992,0.03261621,0.0014228009,0.95448273,external_test,ExtremelyDark,56.0,fixed_feather,42,C:\Users\USER\Desktop\Articulo\Datasets\MESSIDOR2\fixed_feather\r224\20060523_48406_0100_PP.png,direct_exact
APTOS,MESSIDOR2,20060523_48425_0100_PP.png,1,0,0.976588,0.0137573555,0.001059391,0.00775781,0.00083737494,0.976588,external_test,ExtremelyDark,55.0,fixed_feather,42,C:\Users\USER\Desktop\Articulo\Datasets\MESSIDOR2\fixed_feather\r224\20060523_48425_0100_PP.png,direct_exact
APTOS,MESSIDOR2,20060523_48477_0100_PP.png,2,0,0.87234545,0.029304268,0.010394499,0.08370762,0.0042482493,0.87234545,external_test,Bright,138.0,fixed_feather,42,C:\Users\USER\Desktop\Articulo\Datasets\MESSIDOR2\fixed_feather\r224\20060523_48477_0100_PP.png,direct_exact
APTOS,MESSIDOR2,20060523_48499_0100_PP.png,3,0,0.8094397,0.07514581,0.011069069,0.098351896,0.005993522,0.8094397,external_test,Bright,138.0,fixed_feather,42,C:\Users\USER\Desktop\Articulo\Datasets\MESSIDOR2\fixed_feather\r224\20060523_48499_0100_PP.png,direct_exact
APTOS,MESSIDOR2,20060523_48572_0100_PP.png,2,0,0.8896755,0.07055474,0.0059651937,0.032506034,0.001298585,0.8896755,external_test,Bright,138.0,fixed_feather,42,C:\Users\USER\Desktop\Articulo\Datasets\MESSIDOR2\fixed_feather\r224\20060523_48572_0100_PP.png,direct_exact
APTOS,MESSIDOR2,20060523_48591_0100_PP.png,0,0,0.95992875,0.020502875,0.0017774982,0.017083498,0.0007074466,0.95992875,external_test,Bright,141.0,fixed_feather,42,C:\Users\USER\Desktop\Articulo\Datasets\MESSIDOR2\fixed_feather\r224\20060523_48591_0100_PP.png,direct_exact
APTOS,MESSIDOR2,20060523_48643_0100_PP.png,1,0,0.89901215,0.046036135,0.0025311182,0.05189004,0.00053048116,0.89901215,external_test,Bright,132.0,fixed_feather,42,C:\Users\USER\Desktop\Articulo\Datasets\MESSIDOR2\fixed_feather\r224\20060523_48643_0100_PP.png,direct_exact
APTOS,MESSIDOR2,20060523_48659_0100_PP.png,1,0,0.8788742,0.0658236,0.004389064,0.050532706,0.0003804643,0.8788742,external_test,Bright,130.0,fixed_feather,42,C:\Users\USER\Desktop\Articulo\Datasets\MESSIDOR2\fixed_feather\r224\20060523_48659_0100_PP.png,direct_exact
APTOS,MESSIDOR2,20060523_48709_0100_PP.png,0,0,0.9694862,0.015905682,0.002015962,0.012125471,0.00046680166,0.9694862,external_test,Dark,106.0,fixed_feather,42,C:\Users\USER\Desktop\Articulo\Datasets\MESSIDOR2\fixed_feather\r224\20060523_48709_0100_PP.png,direct_exact
APTOS,MESSIDOR2,20060523_48728_0100_PP.png,0,0,0.97203785,0.00883664,0.0029987234,0.015196647,0.0009301758,0.97203785,external_test,Normal,110.0,fixed_feather,42,C:\Users\USER\Desktop\Articulo\Datasets\MESSIDOR2\fixed_feather\r224\20060523_48728_0100_PP.png,direct_exact
APTOS,MESSIDOR2,20060523_48787_0100_PP.png,2,0,0.93534523,0.026991028,0.0017966857,0.03504246,0.00082450564,0.93534523,external_test,Bright,132.0,fixed_feather,42,C:\Users\USER\Desktop\Articulo\Datasets\MESSIDOR2\fixed_feather\r224\20060523_48787_0100_PP.png,direct_exact
APTOS,MESSIDOR2,20060523_48816_0100_PP.png,1,0,0.90264505,0.066789456,0.0037565418,0.024440235,0.0023686893,0.90264505,external_test,VeryDark,82.0,fixed_feather,42,C:\Users\USER\Desktop\Articulo\Datasets\MESSIDOR2\fixed_feather\r224\20060523_48816_0100_PP.png,direct_exact
APTOS,MESSIDOR2,20060523_48890_0100_PP.png,0,0,0.978026,0.010354339,0.0014720209,0.009994261,0.00015330673,0.978026,external_test,Dark,102.0,fixed_feather,42,C:\Users\USER\Desktop\Articulo\Datasets\MESSIDOR2\fixed_feather\r224\20060523_48890_0100_PP.png,direct_exact
APTOS,MESSIDOR2,20060523_48931_0100_PP.png,0,0,0.969715,0.011114841,0.0011184136,0.017577935,0.00047366758,0.969715,external_test,Normal,109.0,fixed_feather,42,C:\Users\USER\Desktop\Articulo\Datasets\MESSIDOR2\fixed_feather\r224\20060523_48931_0100_PP.png,direct_exact
APTOS,MESSIDOR2,20060523_48990_0100_PP.png,2,0,0.906415,0.049730893,0.0026939067,0.039166726,0.0019934322,0.906415,external_test,Normal,124.0,fixed_feather,42,C:\Users\USER\Desktop\Articulo\Datasets\MESSIDOR2\fixed_feather\r224\20060523_48990_0100_PP.png,direct_exact
APTOS,MESSIDOR2,20060523_49010_0100_PP.png,2,0,0.7856027,0.0771751,0.01037687,0.12310537,0.003740031,0.7856027,external_test,Normal,121.0,fixed_feather,42,C:\Users\USER\Desktop\Articulo\Datasets\MESSIDOR2\fixed_feather\r224\20060523_49010_0100_PP.png,direct_exact
APTOS,MESSIDOR2,20060523_49100_0100_PP.png,0,0,0.94452894,0.01724383,0.0014136351,0.035253625,0.0015599506,0.94452894,external_test,Dark,101.0,fixed_feather,42,C:\Users\USER\Desktop\Articulo\Datasets\MESSIDOR2\fixed_feather\r224\20060523_49100_0100_PP.png,direct_exact
APTOS,MESSIDOR2,20060523_49120_0100_PP.png,0,0,0.98290366,0.007086668,0.0011045083,0.008274238,0.00063093036,0.98290366,external_test,Dark,106.0,fixed_feather,42,C:\Users\USER\Desktop\Articulo\Datasets\MESSIDOR2\fixed_feather\r224\20060523_49120_0100_PP.png,direct_exact
APTOS,MESSIDOR2,20060523_49176_0100_PP.png,0,0,0.9337586,0.03872631,0.019229371,0.0076175733,0.00066813646,0.9337586,external_test,Normal,120.0,fixed_feather,42,C:\Users\USER\Desktop\Articulo\Datasets\MESSIDOR2\fixed_feather\r224\20060523_49176_0100_PP.png,direct_exact
APTOS,MESSIDOR2,20060523_49191_0100_PP.png,0,0,0.68786156,0.10828659,0.05724971,0.1432649,0.003337232,0.68786156,external_test,Normal,113.0,fixed_feather,42,C:\Users\USER\Desktop\Articulo\Datasets\MESSIDOR2\fixed_feather\r224\20060523_49191_0100_PP.png,direct_exact
APTOS,MESSIDOR2,20060523_49269_0100_PP.png,1,0,0.9625795,0.014544048,0.001543141,0.020928646,0.0004046972,0.9625795,external_test,Dark,103.0,fixed_feather,42,C:\Users\USER\Desktop\Articulo\Datasets\MESSIDOR2\fixed_feather\r224\20060523_49269_0100_PP.png,direct_exact
APTOS,MESSIDOR2,20060523_49288_0100_PP.png,1,0,0.7742159,0.07901107,0.08711758,0.043739066,0.015916323,0.7742159,external_test,Dark,107.0,fixed_feather,42,C:\Users\USER\Desktop\Articulo\Datasets\MESSIDOR2\fixed_feather\r224\20060523_49288_0100_PP.png,direct_exact
APTOS,MESSIDOR2,20060523_49449_0100_PP.png,1,0,0.9255645,0.021083677,0.00094475073,0.051732145,0.00067489507,0.9255645,external_test,Normal,123.0,fixed_feather,42,C:\Users\USER\Desktop\Articulo\Datasets\MESSIDOR2\fixed_feather\r224\20060523_49449_0100_PP.png,direct_exact
APTOS,MESSIDOR2,20060523_49515_0100_PP.png,0,0,0.94620365,0.014681225,0.0010854735,0.036567435,0.0014623437,0.94620365,external_test,Normal,123.0,fixed_feather,42,C:\Users\USER\Desktop\Articulo\Datasets\MESSIDOR2\fixed_feather\r224\20060523_49515_0100_PP.png,direct_exact
APTOS,MESSIDOR2,20060523_49573_0100_PP.png,0,0,0.9515014,0.010499502,0.0019147563,0.035499927,0.0005842184,0.9515014,external_test,Normal,111.0,fixed_feather,42,C:\Users\USER\Desktop\Articulo\Datasets\MESSIDOR2\fixed_feather\r224\20060523_49573_0100_PP.png,direct_exact
APTOS,MESSIDOR2,20060523_49591_0100_PP.png,1,0,0.9225007,0.033018507,0.005990993,0.03817477,0.00031510278,0.9225007,external_test,Normal,117.0,fixed_feather,42,C:\Users\USER\Desktop\Articulo\Datasets\MESSIDOR2\fixed_feather\r224\20060523_49591_0100_PP.png,direct_exact
APTOS,MESSIDOR2,20060523_49663_0100_PP.png,0,0,0.97057724,0.016825715,0.0026264517,0.008701679,0.0012689384,0.97057724,external_test,Bright,130.0,fixed_feather,42,C:\Users\USER\Desktop\Articulo\Datasets\MESSIDOR2\fixed_feather\r224\20060523_49663_0100_PP.png,direct_exact
APTOS,MESSIDOR2,20060523_49681_0100_PP.png,0,0,0.93262535,0.039808325,0.010504399,0.008839401,0.008222465,0.93262535,external_test,Bright,133.0,fixed_feather,42,C:\Users\USER\Desktop\Articulo\Datasets\MESSIDOR2\fixed_feather\r224\20060523_49681_0100_PP.png,direct_exact
APTOS,MESSIDOR2,20060523_49726_0100_PP.png,0,0,0.95014113,0.026693303,0.001661434,0.021385971,0.00011829929,0.95014113,external_test,Dark,94.0,fixed_feather,42,C:\Users\USER\Desktop\Articulo\Datasets\MESSIDOR2\fixed_feather\r224\20060523_49726_0100_PP.png,direct_exact
APTOS,MESSIDOR2,20060523_49745_0100_PP.png,0,0,0.95583034,0.029409604,0.005927085,0.007887835,0.00094503246,0.95583034,external_test,Dark,97.0,fixed_feather,42,C:\Users\USER\Desktop\Articulo\Datasets\MESSIDOR2\fixed_feather\r224\20060523_49745_0100_PP.png,direct_exact
APTOS,MESSIDOR2,20060523_49791_0100_PP.png,2,0,0.540105,0.21908621,0.13967584,0.08848859,0.012644395,0.540105,external_test,Normal,114.0,fixed_feather,42,C:\Users\USER\Desktop\Articulo\Datasets\MESSIDOR2\fixed_feather\r224\20060523_49791_0100_PP.png,direct_exact
APTOS,MESSIDOR2,20060523_49809_0100_PP.png,3,0,0.48509517,0.040526293,0.06064087,0.18659882,0.22713886,0.48509517,external_test,Normal,128.0,fixed_feather,42,C:\Users\USER\Desktop\Articulo\Datasets\MESSIDOR2\fixed_feather\r224\20060523_49809_0100_PP.png,direct_exact
APTOS,MESSIDOR2,20060523_49859_0100_PP.png,2,0,0.88525003,0.027215568,0.012252578,0.0094709,0.06581098,0.88525003,external_test,Normal,125.0,fixed_feather,42,C:\Users\USER\Desktop\Articulo\Datasets\MESSIDOR2\fixed_feather\r224\20060523_49859_0100_PP.png,direct_exact
APTOS,MESSIDOR2,20060523_49875_0100_PP.png,3,0,0.91877705,0.032163426,0.008536956,0.0245502,0.015972348,0.91877705,external_test,Dark,102.0,fixed_feather,42,C:\Users\USER\Desktop\Articulo\Datasets\MESSIDOR2\fixed_feather\r224\20060523_49875_0100_PP.png,direct_exact
APTOS,MESSIDOR2,20060523_49928_0100_PP.png,2,0,0.93183243,0.02927069,0.0033950508,0.03266291,0.0028389727,0.93183243,external_test,Normal,127.0,fixed_feather,42,C:\Users\USER\Desktop\Articulo\Datasets\MESSIDOR2\fixed_feather\r224\20060523_49928_0100_PP.png,direct_exact
APTOS,MESSIDOR2,20060523_49942_0100_PP.png,2,0,0.7927417,0.13342401,0.016210401,0.049560722,0.0080630975,0.7927417,external_test,Normal,113.0,fixed_feather,42,C:\Users\USER\Desktop\Articulo\Datasets\MESSIDOR2\fixed_feather\r224\20060523_49942_0100_PP.png,direct_exact
APTOS,MESSIDOR2,20060523_50003_0100_PP.png,3,0,0.78076,0.06789079,0.033981033,0.088508815,0.02885932,0.78076,external_test,Normal,120.0,fixed_feather,42,C:\Users\USER\Desktop\Articulo\Datasets\MESSIDOR2\fixed_feather\r224\20060523_50003_0100_PP.png,direct_exact
APTOS,MESSIDOR2,20060523_50019_0100_PP.png,2,0,0.75153005,0.069705404,0.026857328,0.14719352,0.0047136596,0.75153005,external_test,Normal,121.0,fixed_feather,42,C:\Users\USER\Desktop\Articulo\Datasets\MESSIDOR2\fixed_feather\r224\20060523_50019_0100_PP.png,direct_exact
APTOS,MESSIDOR2,20060523_50135_0100_PP.png,2,0,0.9209076,0.029157335,0.001284185,0.047524527,0.0011262988,0.9209076,external_test,Dark,106.0,fixed_feather,42,C:\Users\USER\Desktop\Articulo\Datasets\MESSIDOR2\fixed_feather\r224\20060523_50135_0100_PP.png,direct_exact
APTOS,MESSIDOR2,20060523_50153_0100_PP.png,0,0,0.8514076,0.09212721,0.0022470665,0.050101504,0.0041165864,0.8514076,external_test,Normal,119.0,fixed_feather,42,C:\Users\USER\Desktop\Articulo\Datasets\MESSIDOR2\fixed_feather\r224\20060523_50153_0100_PP.png,direct_exact
APTOS,MESSIDOR2,20060523_50234_0100_PP.png,2,0,0.9514097,0.01642605,0.0020977936,0.026798792,0.0032676293,0.9514097,external_test,Dark,101.0,fixed_feather,42,C:\Users\USER\Desktop\Articulo\Datasets\MESSIDOR2\fixed_feather\r224\20060523_50234_0100_PP.png,direct_exact
APTOS,MESSIDOR2,20060523_50262_0100_PP.png,2,0,0.9074894,0.034269836,0.007083631,0.0496431,0.001513986,0.9074894,external_test,Normal,111.0,fixed_feather,42,C:\Users\USER\Desktop\Articulo\Datasets\MESSIDOR2\fixed_feather\r224\20060523_50262_0100_PP.png,direct_exact
APTOS,MESSIDOR2,20060523_50325_0100_PP.png,0,0,0.9784913,0.006305455,0.00079589506,0.014297689,0.0001096201,0.9784913,external_test,Normal,117.0,fixed_feather,42,C:\Users\USER\Desktop\Articulo\Datasets\MESSIDOR2\fixed_feather\r224\20060523_50325_0100_PP.png,direct_exact
APTOS,MESSIDOR2,20060523_50342_0100_PP.png,0,0,0.92657214,0.045659196,0.0019195494,0.024895512,0.0009536458,0.92657214,external_test,Normal,117.0,fixed_feather,42,C:\Users\USER\Desktop\Articulo\Datasets\MESSIDOR2\fixed_feather\r224\20060523_50342_0100_PP.png,direct_exact
APTOS,MESSIDOR2,20060523_50392_0100_PP.png,2,0,0.90191966,0.03613302,0.008541277,0.045059815,0.00834625,0.90191966,external_test,Dark,99.0,fixed_feather,42,C:\Users\USER\Desktop\Articulo\Datasets\MESSIDOR2\fixed_feather\r224\20060523_50392_0100_PP.png,direct_exact
APTOS,MESSIDOR2,20060523_50408_0100_PP.png,1,0,0.9309588,0.047128107,0.0028069266,0.015379069,0.0037271993,0.9309588,external_test,Bright,134.0,fixed_feather,42,C:\Users\USER\Desktop\Articulo\Datasets\MESSIDOR2\fixed_feather\r224\20060523_50408_0100_PP.png,direct_exact
APTOS,MESSIDOR2,20060523_50469_0100_PP.png,3,4,0.3800511,0.06857553,0.055888787,0.044543147,0.45094147,0.45094147,external_test,Normal,120.0,fixed_feather,42,C:\Users\USER\Desktop\Articulo\Datasets\MESSIDOR2\fixed_feather\r224\20060523_50469_0100_PP.png,direct_exact
APTOS,MESSIDOR2,20060523_50489_0100_PP.png,3,0,0.43591532,0.057592347,0.12681934,0.2099296,0.16974337,0.43591532,external_test,Normal,117.0,fixed_feather,42,C:\Users\USER\Desktop\Articulo\Datasets\MESSIDOR2\fixed_feather\r224\20060523_50489_0100_PP.png,direct_exact
APTOS,MESSIDOR2,20060523_50539_0100_PP.png,3,0,0.5892746,0.12291735,0.056675408,0.21926792,0.011864729,0.5892746,external_test,Normal,114.0,fixed_feather,42,C:\Users\USER\Desktop\Articulo\Datasets\MESSIDOR2\fixed_feather\r224\20060523_50539_0100_PP.png,direct_exact
APTOS,MESSIDOR2,20060523_50556_0100_PP.png,3,0,0.41229576,0.106418975,0.40624475,0.069277234,0.005763269,0.41229576,external_test,Normal,118.0,fixed_feather,42,C:\Users\USER\Desktop\Articulo\Datasets\MESSIDOR2\fixed_feather\r224\20060523_50556_0100_PP.png,direct_exact
APTOS,MESSIDOR2,20060523_50616_0100_PP.png,0,0,0.96435624,0.01835887,0.0019404407,0.008396117,0.006948266,0.96435624,external_test,Normal,110.0,fixed_feather,42,C:\Users\USER\Desktop\Articulo\Datasets\MESSIDOR2\fixed_feather\r224\20060523_50616_0100_PP.png,direct_exact
APTOS,MESSIDOR2,20060523_50631_0100_PP.png,0,0,0.9660305,0.0099290265,0.007203233,0.011269853,0.00556731,0.9660305,external_test,Normal,112.0,fixed_feather,42,C:\Users\USER\Desktop\Articulo\Datasets\MESSIDOR2\fixed_feather\r224\20060523_50631_0100_PP.png,direct_exact
APTOS,MESSIDOR2,20060523_50707_0100_PP.png,2,0,0.8183218,0.1299807,0.02640701,0.019060694,0.0062297042,0.8183218,external_test,Normal,113.0,fixed_feather,42,C:\Users\USER\Desktop\Articulo\Datasets\MESSIDOR2\fixed_feather\r224\20060523_50707_0100_PP.png,direct_exact
APTOS,MESSIDOR2,20060523_50730_0100_PP.png,1,0,0.8539223,0.07599649,0.02464117,0.018945282,0.026494818,0.8539223,external_test,Normal,116.0,fixed_feather,42,C:\Users\USER\Desktop\Articulo\Datasets\MESSIDOR2\fixed_feather\r224\20060523_50730_0100_PP.png,direct_exact
APTOS,MESSIDOR2,20060523_50790_0100_PP.png,3,0,0.6670086,0.15581916,0.12679942,0.03696629,0.013406522,0.6670086,external_test,Dark,102.0,fixed_feather,42,C:\Users\USER\Desktop\Articulo\Datasets\MESSIDOR2\fixed_feather\r224\20060523_50790_0100_PP.png,direct_exact
APTOS,MESSIDOR2,20060523_50806_0100_PP.png,3,0,0.9493952,0.02208985,0.006967777,0.014543417,0.007003859,0.9493952,external_test,Normal,120.0,fixed_feather,42,C:\Users\USER\Desktop\Articulo\Datasets\MESSIDOR2\fixed_feather\r224\20060523_50806_0100_PP.png,direct_exact
APTOS,MESSIDOR2,20060529_56013_0100_PP.png,0,0,0.96287316,0.022275258,0.0023091563,0.008551631,0.003990749,0.96287316,external_test,Normal,112.0,fixed_feather,42,C:\Users\USER\Desktop\Articulo\Datasets\MESSIDOR2\fixed_feather\r224\20060529_56013_0100_PP.png,direct_exact
APTOS,MESSIDOR2,20060529_56039_0100_PP.png,0,0,0.9642701,0.008391281,0.00104211,0.025748817,0.00054777827,0.9642701,external_test,Normal,111.0,fixed_feather,42,C:\Users\USER\Desktop\Articulo\Datasets\MESSIDOR2\fixed_feather\r224\20060529_56039_0100_PP.png,direct_exact
APTOS,MESSIDOR2,20060529_56255_0100_PP.png,2,0,0.92610204,0.02644976,0.00771713,0.034859873,0.0048711705,0.92610204,external_test,Dark,107.0,fixed_feather,42,C:\Users\USER\Desktop\Articulo\Datasets\MESSIDOR2\fixed_feather\r224\20060529_56255_0100_PP.png,direct_exact
APTOS,MESSIDOR2,20060529_56338_0100_PP.png,2,0,0.8274266,0.06892105,0.011672619,0.07583055,0.016149217,0.8274266,external_test,Dark,106.0,fixed_feather,42,C:\Users\USER\Desktop\Articulo\Datasets\MESSIDOR2\fixed_feather\r224\20060529_56338_0100_PP.png,direct_exact
APTOS,MESSIDOR2,20060529_56420_0100_PP.png,0,0,0.9479871,0.020442022,0.0013353461,0.030044118,0.00019148766,0.9479871,external_test,Normal,118.0,fixed_feather,42,C:\Users\USER\Desktop\Articulo\Datasets\MESSIDOR2\fixed_feather\r224\20060529_56420_0100_PP.png,direct_exact
APTOS,MESSIDOR2,20060529_56442_0100_PP.png,0,0,0.9713038,0.009414688,0.0021275561,0.016966732,0.00018727029,0.9713038,external_test,Normal,116.0,fixed_feather,42,C:\Users\USER\Desktop\Articulo\Datasets\MESSIDOR2\fixed_feather\r224\20060529_56442_0100_PP.png,direct_exact
APTOS,MESSIDOR2,20060529_56563_0100_PP.png,0,0,0.9653756,0.014408169,0.005572061,0.014378396,0.0002658161,0.9653756,external_test,ExtremelyDark,67.0,fixed_feather,42,C:\Users\USER\Desktop\Articulo\Datasets\MESSIDOR2\fixed_feather\r224\20060529_56563_0100_PP.png,direct_exact
APTOS,MESSIDOR2,20060529_56592_0100_PP.png,0,0,0.9659393,0.022263516,0.00534734,0.005774632,0.00067536166,0.9659393,external_test,Dark,87.0,fixed_feather,42,C:\Users\USER\Desktop\Articulo\Datasets\MESSIDOR2\fixed_feather\r224\20060529_56592_0100_PP.png,direct_exact
APTOS,MESSIDOR2,20060529_56700_0100_PP.png,2,0,0.92596,0.012883517,0.0061213532,0.04979258,0.005242482,0.92596,external_test,Normal,118.0,fixed_feather,42,C:\Users\USER\Desktop\Articulo\Datasets\MESSIDOR2\fixed_feather\r224\20060529_56700_0100_PP.png,direct_exact
APTOS,MESSIDOR2,20060529_56730_0100_PP.png,2,0,0.83052015,0.09202186,0.010979281,0.06058054,0.0058982964,0.83052015,external_test,Normal,116.0,fixed_feather,42,C:\Users\USER\Desktop\Articulo\Datasets\MESSIDOR2\fixed_feather\r224\20060529_56730_0100_PP.png,direct_exact
APTOS,MESSIDOR2,20060529_56834_0100_PP.png,2,0,0.8751579,0.05713794,0.0055347765,0.05958687,0.002582512,0.8751579,external_test,Bright,130.0,fixed_feather,42,C:\Users\USER\Desktop\Articulo\Datasets\MESSIDOR2\fixed_feather\r224\20060529_56834_0100_PP.png,direct_exact
APTOS,MESSIDOR2,20060529_56853_0100_PP.png,1,0,0.85309625,0.044058263,0.008188594,0.08821682,0.006439913,0.85309625,external_test,Bright,141.0,fixed_feather,42,C:\Users\USER\Desktop\Articulo\Datasets\MESSIDOR2\fixed_feather\r224\20060529_56853_0100_PP.png,direct_exact
APTOS,MESSIDOR2,20060529_56948_0100_PP.png,0,0,0.95590997,0.01996896,0.004134135,0.01977804,0.00020886358,0.95590997,external_test,Dark,95.0,fixed_feather,42,C:\Users\USER\Desktop\Articulo\Datasets\MESSIDOR2\fixed_feather\r224\20060529_56948_0100_PP.png,direct_exact
APTOS,MESSIDOR2,20060529_56968_0100_PP.png,0,0,0.96617436,0.01937003,0.0025132417,0.011428388,0.00051394844,0.96617436,external_test,Dark,97.0,fixed_feather,42,C:\Users\USER\Desktop\Articulo\Datasets\MESSIDOR2\fixed_feather\r224\20060529_56968_0100_PP.png,direct_exact
APTOS,MESSIDOR2,20060529_57030_0100_PP.png,3,0,0.7852587,0.06549657,0.06768538,0.073837414,0.0077219177,0.7852587,external_test,Bright,131.0,fixed_feather,42,C:\Users\USER\Desktop\Articulo\Datasets\MESSIDOR2\fixed_feather\r224\20060529_57030_0100_PP.png,direct_exact
APTOS,MESSIDOR2,20060529_57063_0100_PP.png,3,0,0.48842925,0.15516226,0.23748186,0.10331387,0.015612813,0.48842925,external_test,Bright,136.0,fixed_feather,42,C:\Users\USER\Desktop\Articulo\Datasets\MESSIDOR2\fixed_feather\r224\20060529_57063_0100_PP.png,direct_exact
APTOS,MESSIDOR2,20060529_57156_0100_PP.png,2,0,0.84042937,0.0625291,0.009565825,0.08348585,0.0039898413,0.84042937,external_test,Dark,99.0,fixed_feather,42,C:\Users\USER\Desktop\Articulo\Datasets\MESSIDOR2\fixed_feather\r224\20060529_57156_0100_PP.png,direct_exact
APTOS,MESSIDOR2,20060529_57174_0100_PP.png,1,0,0.7067912,0.057571795,0.0044030817,0.223084,0.008150033,0.7067912,external_test,Normal,129.0,fixed_feather,42,C:\Users\USER\Desktop\Articulo\Datasets\MESSIDOR2\fixed_feather\r224\20060529_57174_0100_PP.png,direct_exact
APTOS,MESSIDOR2,20060529_57261_0100_PP.png,0,0,0.8337303,0.04149086,0.005565922,0.11890184,0.00031109343,0.8337303,external_test,Normal,113.0,fixed_feather,42,C:\Users\USER\Desktop\Articulo\Datasets\MESSIDOR2\fixed_feather\r224\20060529_57261_0100_PP.png,direct_exact
APTOS,MESSIDOR2,20060529_57287_0100_PP.png,0,0,0.9061311,0.021702439,0.0014895344,0.07048489,0.00019197287,0.9061311,external_test,Normal,128.0,fixed_feather,42,C:\Users\USER\Desktop\Articulo\Datasets\MESSIDOR2\fixed_feather\r224\20060529_57287_0100_PP.png,direct_exact
APTOS,MESSIDOR2,20060529_57351_0100_PP.png,0,0,0.96088094,0.018544544,0.00070235075,0.019666279,0.00020581768,0.96088094,external_test,Dark,103.0,fixed_feather,42,C:\Users\USER\Desktop\Articulo\Datasets\MESSIDOR2\fixed_feather\r224\20060529_57351_0100_PP.png,direct_exact
APTOS,MESSIDOR2,20060529_57372_0100_PP.png,0,0,0.97078145,0.015286552,0.0055038333,0.0075267847,0.0009013666,0.97078145,external_test,ExtremelyDark,53.0,fixed_feather,42,C:\Users\USER\Desktop\Articulo\Datasets\MESSIDOR2\fixed_feather\r224\20060529_57372_0100_PP.png,direct_exact
APTOS,MESSIDOR2,20060529_57430_0100_PP.png,3,3,0.16523647,0.007850041,0.18828407,0.53735465,0.10127475,0.53735465,external_test,Normal,125.0,fixed_feather,42,C:\Users\USER\Desktop\Articulo\Datasets\MESSIDOR2\fixed_feather\r224\20060529_57430_0100_PP.png,direct_exact
APTOS,MESSIDOR2,20060529_57447_0100_PP.png,2,0,0.41182825,0.35857663,0.15891746,0.03658254,0.034095153,0.41182825,external_test,Normal,111.0,fixed_feather,42,C:\Users\USER\Desktop\Articulo\Datasets\MESSIDOR2\fixed_feather\r224\20060529_57447_0100_PP.png,direct_exact
APTOS,MESSIDOR2,20060530_36860_0100_PP.png,2,0,0.55709165,0.16895753,0.18562834,0.066234075,0.022088436,0.55709165,external_test,Normal,129.0,fixed_feather,42,C:\Users\USER\Desktop\Articulo\Datasets\MESSIDOR2\fixed_feather\r224\20060530_36860_0100_PP.png,direct_exact
APTOS,MESSIDOR2,20060530_36895_0100_PP.png,2,0,0.83843917,0.09355587,0.020226382,0.044759814,0.003018821,0.83843917,external_test,Normal,129.0,fixed_feather,42,C:\Users\USER\Desktop\Articulo\Datasets\MESSIDOR2\fixed_feather\r224\20060530_36895_0100_PP.png,direct_exact
APTOS,MESSIDOR2,20060530_51254_0100_PP.png,0,0,0.9351865,0.0285718,0.001762755,0.033397585,0.0010813198,0.9351865,external_test,Normal,110.0,fixed_feather,42,C:\Users\USER\Desktop\Articulo\Datasets\MESSIDOR2\fixed_feather\r224\20060530_51254_0100_PP.png,direct_exact
APTOS,MESSIDOR2,20060530_51279_0100_PP.png,0,0,0.95803726,0.020263394,0.0021429402,0.018009597,0.0015466826,0.95803726,external_test,Bright,130.0,fixed_feather,42,C:\Users\USER\Desktop\Articulo\Datasets\MESSIDOR2\fixed_feather\r224\20060530_51279_0100_PP.png,direct_exact
APTOS,MESSIDOR2,20060530_51377_0100_PP.png,2,0,0.9107367,0.0337089,0.010727881,0.040240295,0.004586298,0.9107367,external_test,Dark,91.0,fixed_feather,42,C:\Users\USER\Desktop\Articulo\Datasets\MESSIDOR2\fixed_feather\r224\20060530_51377_0100_PP.png,direct_exact
APTOS,MESSIDOR2,20060530_51399_0100_PP.png,2,0,0.8205223,0.10678279,0.016047137,0.046385765,0.010261909,0.8205223,external_test,Dark,93.0,fixed_feather,42,C:\Users\USER\Desktop\Articulo\Datasets\MESSIDOR2\fixed_feather\r224\20060530_51399_0100_PP.png,direct_exact
APTOS,MESSIDOR2,20060530_53042_0100_PP.png,0,0,0.95689404,0.0147017045,0.000846909,0.02686481,0.0006926083,0.95689404,external_test,Dark,108.0,fixed_feather,42,C:\Users\USER\Desktop\Articulo\Datasets\MESSIDOR2\fixed_feather\r224\20060530_53042_0100_PP.png,direct_exact
APTOS,MESSIDOR2,20060530_53062_0100_PP.png,0,0,0.9617621,0.0139878495,0.002484312,0.020538993,0.0012267523,0.9617621,external_test,Normal,109.0,fixed_feather,42,C:\Users\USER\Desktop\Articulo\Datasets\MESSIDOR2\fixed_feather\r224\20060530_53062_0100_PP.png,direct_exact
APTOS,MESSIDOR2,20060530_53132_0100_PP.png,0,0,0.963624,0.024804099,0.0020795695,0.008432798,0.0010595805,0.963624,external_test,VeryDark,73.0,fixed_feather,42,C:\Users\USER\Desktop\Articulo\Datasets\MESSIDOR2\fixed_feather\r224\20060530_53132_0100_PP.png,direct_exact
APTOS,MESSIDOR2,20060530_53152_0100_PP.png,0,0,0.9351045,0.038498845,0.005146227,0.020089379,0.0011611094,0.9351045,external_test,VeryDark,75.0,fixed_feather,42,C:\Users\USER\Desktop\Articulo\Datasets\MESSIDOR2\fixed_feather\r224\20060530_53152_0100_PP.png,direct_exact
APTOS,MESSIDOR2,20060530_53233_0100_PP.png,2,0,0.8220949,0.09587612,0.00612286,0.07394774,0.0019584782,0.8220949,external_test,Normal,122.0,fixed_feather,42,C:\Users\USER\Desktop\Articulo\Datasets\MESSIDOR2\fixed_feather\r224\20060530_53233_0100_PP.png,direct_exact
APTOS,MESSIDOR2,20060530_53271_0100_PP.png,3,0,0.7190655,0.15639096,0.04339936,0.076019704,0.0051245065,0.7190655,external_test,Bright,136.0,fixed_feather,42,C:\Users\USER\Desktop\Articulo\Datasets\MESSIDOR2\fixed_feather\r224\20060530_53271_0100_PP.png,direct_exact
APTOS,MESSIDOR2,20060530_53421_0100_PP.png,3,0,0.8542744,0.06632557,0.044734623,0.01647978,0.018185595,0.8542744,external_test,Bright,145.0,fixed_feather,42,C:\Users\USER\Desktop\Articulo\Datasets\MESSIDOR2\fixed_feather\r224\20060530_53421_0100_PP.png,direct_exact
APTOS,MESSIDOR2,20060530_53455_0100_PP.png,2,0,0.80103403,0.11027223,0.045082472,0.025097597,0.018513571,0.80103403,external_test,Bright,134.0,fixed_feather,42,C:\Users\USER\Desktop\Articulo\Datasets\MESSIDOR2\fixed_feather\r224\20060530_53455_0100_PP.png,direct_exact
APTOS,MESSIDOR2,20060530_53522_0100_PP.png,2,0,0.91066176,0.045861207,0.0073598465,0.035059184,0.0010580563,0.91066176,external_test,Bright,134.0,fixed_feather,42,C:\Users\USER\Desktop\Articulo\Datasets\MESSIDOR2\fixed_feather\r224\20060530_53522_0100_PP.png,direct_exact
APTOS,MESSIDOR2,20060530_53540_0100_PP.png,2,0,0.9238138,0.0447756,0.009119271,0.02145046,0.00084077223,0.9238138,external_test,Bright,135.0,fixed_feather,42,C:\Users\USER\Desktop\Articulo\Datasets\MESSIDOR2\fixed_feather\r224\20060530_53540_0100_PP.png,direct_exact
APTOS,MESSIDOR2,20060530_53597_0100_PP.png,0,0,0.95334864,0.014709568,0.00042372278,0.031037312,0.00048087837,0.95334864,external_test,Normal,122.0,fixed_feather,42,C:\Users\USER\Desktop\Articulo\Datasets\MESSIDOR2\fixed_feather\r224\20060530_53597_0100_PP.png,direct_exact
APTOS,MESSIDOR2,20060530_53617_0100_PP.png,1,0,0.9431086,0.011502021,0.0005678694,0.04467226,0.00014932813,0.9431086,external_test,Normal,126.0,fixed_feather,42,C:\Users\USER\Desktop\Articulo\Datasets\MESSIDOR2\fixed_feather\r224\20060530_53617_0100_PP.png,direct_exact
APTOS,MESSIDOR2,20060530_53742_0100_PP.png,0,0,0.9627901,0.019698283,0.0052262633,0.011449781,0.00083561736,0.9627901,external_test,Bright,140.0,fixed_feather,42,C:\Users\USER\Desktop\Articulo\Datasets\MESSIDOR2\fixed_feather\r224\20060530_53742_0100_PP.png,direct_exact
APTOS,MESSIDOR2,20060530_53761_0100_PP.png,0,0,0.9920735,0.0025532588,0.0007417174,0.0036946237,0.0009369649,0.9920735,external_test,Bright,144.0,fixed_feather,42,C:\Users\USER\Desktop\Articulo\Datasets\MESSIDOR2\fixed_feather\r224\20060530_53761_0100_PP.png,direct_exact
APTOS,MESSIDOR2,20060530_53816_0100_PP.png,0,0,0.94612944,0.024117287,0.0018881938,0.027503937,0.00036113028,0.94612944,external_test,ExtremelyDark,58.0,fixed_feather,42,C:\Users\USER\Desktop\Articulo\Datasets\MESSIDOR2\fixed_feather\r224\20060530_53816_0100_PP.png,direct_exact
APTOS,MESSIDOR2,20060530_53836_0100_PP.png,0,0,0.9735511,0.009666429,0.0015879914,0.014841888,0.00035257783,0.9735511,external_test,ExtremelyDark,63.0,fixed_feather,42,C:\Users\USER\Desktop\Articulo\Datasets\MESSIDOR2\fixed_feather\r224\20060530_53836_0100_PP.png,direct_exact
APTOS,MESSIDOR2,20060530_53928_0100_PP.png,0,0,0.9660188,0.0258657,0.0022031001,0.0040851105,0.0018272235,0.9660188,external_test,Bright,131.0,fixed_feather,42,C:\Users\USER\Desktop\Articulo\Datasets\MESSIDOR2\fixed_feather\r224\20060530_53928_0100_PP.png,direct_exact
APTOS,MESSIDOR2,20060530_53954_0100_PP.png,0,0,0.95951664,0.025866574,0.004942462,0.0068587298,0.0028154945,0.95951664,external_test,Bright,133.0,fixed_feather,42,C:\Users\USER\Desktop\Articulo\Datasets\MESSIDOR2\fixed_feather\r224\20060530_53954_0100_PP.png,direct_exact
APTOS,MESSIDOR2,20060530_54011_0100_PP.png,2,0,0.9384002,0.031253442,0.017826783,0.004626307,0.007893257,0.9384002,external_test,Bright,155.0,fixed_feather,42,C:\Users\USER\Desktop\Articulo\Datasets\MESSIDOR2\fixed_feather\r224\20060530_54011_0100_PP.png,direct_exact
APTOS,MESSIDOR2,20060530_54030_0100_PP.png,2,0,0.81575805,0.08217802,0.0755104,0.018841472,0.0077119446,0.81575805,external_test,Bright,161.0,fixed_feather,42,C:\Users\USER\Desktop\Articulo\Datasets\MESSIDOR2\fixed_feather\r224\20060530_54030_0100_PP.png,direct_exact
APTOS,MESSIDOR2,20060530_54107_0100_PP.png,2,0,0.97213924,0.013512985,0.0021907422,0.010077749,0.002079232,0.97213924,external_test,Dark,103.0,fixed_feather,42,C:\Users\USER\Desktop\Articulo\Datasets\MESSIDOR2\fixed_feather\r224\20060530_54107_0100_PP.png,direct_exact
APTOS,MESSIDOR2,20060530_54117_0100_PP.png,2,0,0.7992251,0.09712508,0.031827882,0.046973802,0.024848074,0.7992251,external_test,Dark,106.0,fixed_feather,42,C:\Users\USER\Desktop\Articulo\Datasets\MESSIDOR2\fixed_feather\r224\20060530_54117_0100_PP.png,direct_exact
APTOS,MESSIDOR2,20060530_54223_0100_PP.png,2,0,0.9002858,0.05394349,0.01102145,0.030558052,0.0041912636,0.9002858,external_test,Normal,112.0,fixed_feather,42,C:\Users\USER\Desktop\Articulo\Datasets\MESSIDOR2\fixed_feather\r224\20060530_54223_0100_PP.png,direct_exact
APTOS,MESSIDOR2,20060530_54242_0100_PP.png,3,3,0.3244232,0.09665473,0.03499035,0.5142759,0.029655835,0.5142759,external_test,Normal,111.0,fixed_feather,42,C:\Users\USER\Desktop\Articulo\Datasets\MESSIDOR2\fixed_feather\r224\20060530_54242_0100_PP.png,direct_exact
APTOS,MESSIDOR2,20060530_54312_0100_PP.png,2,0,0.5535491,0.15601692,0.0357569,0.22626747,0.028409561,0.5535491,external_test,Normal,123.0,fixed_feather,42,C:\Users\USER\Desktop\Articulo\Datasets\MESSIDOR2\fixed_feather\r224\20060530_54312_0100_PP.png,direct_exact
APTOS,MESSIDOR2,20060530_54332_0100_PP.png,2,0,0.32987645,0.29290912,0.12862357,0.2446801,0.0039107217,0.32987645,external_test,Bright,131.0,fixed_feather,42,C:\Users\USER\Desktop\Articulo\Datasets\MESSIDOR2\fixed_feather\r224\20060530_54332_0100_PP.png,direct_exact
APTOS,MESSIDOR2,20060530_54529_0100_PP.png,2,0,0.79877186,0.027958855,0.005621158,0.16138735,0.0062606456,0.79877186,external_test,Dark,91.0,fixed_feather,42,C:\Users\USER\Desktop\Articulo\Datasets\MESSIDOR2\fixed_feather\r224\20060530_54529_0100_PP.png,direct_exact
APTOS,MESSIDOR2,20060530_54556_0100_PP.png,2,0,0.5209087,0.24948356,0.05837875,0.13822806,0.033000946,0.5209087,external_test,Dark,90.0,fixed_feather,42,C:\Users\USER\Desktop\Articulo\Datasets\MESSIDOR2\fixed_feather\r224\20060530_54556_0100_PP.png,direct_exact
APTOS,MESSIDOR2,20060530_54632_0100_PP.png,2,0,0.9519018,0.03156866,0.004755786,0.010443873,0.0013299197,0.9519018,external_test,Normal,125.0,fixed_feather,42,C:\Users\USER\Desktop\Articulo\Datasets\MESSIDOR2\fixed_feather\r224\20060530_54632_0100_PP.png,direct_exact
APTOS,MESSIDOR2,20060530_54653_0100_PP.png,2,0,0.97629374,0.012021525,0.0013104288,0.009634226,0.0007399808,0.97629374,external_test,Normal,124.0,fixed_feather,42,C:\Users\USER\Desktop\Articulo\Datasets\MESSIDOR2\fixed_feather\r224\20060530_54653_0100_PP.png,direct_exact
APTOS,MESSIDOR2,20060530_55180_0100_PP.png,0,0,0.96195495,0.009055834,0.0031211453,0.02488391,0.000984144,0.96195495,external_test,Bright,136.0,fixed_feather,42,C:\Users\USER\Desktop\Articulo\Datasets\MESSIDOR2\fixed_feather\r224\20060530_55180_0100_PP.png,direct_exact
APTOS,MESSIDOR2,20060530_55203_0100_PP.png,1,0,0.9116353,0.037163295,0.00281398,0.045129485,0.003258029,0.9116353,external_test,Normal,117.0,fixed_feather,42,C:\Users\USER\Desktop\Articulo\Datasets\MESSIDOR2\fixed_feather\r224\20060530_55203_0100_PP.png,direct_exact
APTOS,MESSIDOR2,20060530_55370_0100_PP.png,1,0,0.9210193,0.04166443,0.007859244,0.028686598,0.00077042956,0.9210193,external_test,Normal,128.0,fixed_feather,42,C:\Users\USER\Desktop\Articulo\Datasets\MESSIDOR2\fixed_feather\r224\20060530_55370_0100_PP.png,direct_exact
APTOS,MESSIDOR2,20060530_55390_0100_PP.png,1,0,0.96034503,0.01970261,0.0023651333,0.017069275,0.000518063,0.96034503,external_test,Bright,131.0,fixed_feather,42,C:\Users\USER\Desktop\Articulo\Datasets\MESSIDOR2\fixed_feather\r224\20060530_55390_0100_PP.png,direct_exact
APTOS,MESSIDOR2,20060530_55451_0100_PP.png,1,0,0.8894378,0.03983567,0.0062110675,0.061214387,0.0033009797,0.8894378,external_test,Normal,113.0,fixed_feather,42,C:\Users\USER\Desktop\Articulo\Datasets\MESSIDOR2\fixed_feather\r224\20060530_55451_0100_PP.png,direct_exact
APTOS,MESSIDOR2,20060530_55468_0100_PP.png,2,0,0.97176975,0.009254368,0.0042168098,0.014109275,0.0006498813,0.97176975,external_test,ExtremelyDark,68.0,fixed_feather,42,C:\Users\USER\Desktop\Articulo\Datasets\MESSIDOR2\fixed_feather\r224\20060530_55468_0100_PP.png,direct_exact
APTOS,MESSIDOR2,20060530_55607_0100_PP.png,0,0,0.9664747,0.02282336,0.0030119796,0.004519478,0.003170384,0.9664747,external_test,Bright,130.0,fixed_feather,42,C:\Users\USER\Desktop\Articulo\Datasets\MESSIDOR2\fixed_feather\r224\20060530_55607_0100_PP.png,direct_exact
APTOS,MESSIDOR2,20060530_55628_0100_PP.png,1,0,0.9303656,0.035710786,0.0072288876,0.020412186,0.0062825135,0.9303656,external_test,Bright,143.0,fixed_feather,42,C:\Users\USER\Desktop\Articulo\Datasets\MESSIDOR2\fixed_feather\r224\20060530_55628_0100_PP.png,direct_exact
APTOS,MESSIDOR2,20060530_55724_0100_PP.png,3,0,0.73692375,0.16186449,0.05008071,0.044821583,0.0063094045,0.73692375,external_test,Normal,128.0,fixed_feather,42,C:\Users\USER\Desktop\Articulo\Datasets\MESSIDOR2\fixed_feather\r224\20060530_55724_0100_PP.png,direct_exact
APTOS,MESSIDOR2,20060530_55746_0100_PP.png,3,0,0.85094094,0.07796447,0.03207969,0.03762191,0.0013929752,0.85094094,external_test,Normal,122.0,fixed_feather,42,C:\Users\USER\Desktop\Articulo\Datasets\MESSIDOR2\fixed_feather\r224\20060530_55746_0100_PP.png,direct_exact
APTOS,MESSIDOR2,20060530_55816_0100_PP.png,2,0,0.80570775,0.07584945,0.014767263,0.09642087,0.0072545856,0.80570775,external_test,Dark,103.0,fixed_feather,42,C:\Users\USER\Desktop\Articulo\Datasets\MESSIDOR2\fixed_feather\r224\20060530_55816_0100_PP.png,direct_exact
APTOS,MESSIDOR2,20060530_55837_0100_PP.png,2,0,0.94259274,0.028072683,0.0039311587,0.0243828,0.0010206685,0.94259274,external_test,Dark,108.0,fixed_feather,42,C:\Users\USER\Desktop\Articulo\Datasets\MESSIDOR2\fixed_feather\r224\20060530_55837_0100_PP.png,direct_exact
APTOS,MESSIDOR2,IM000012.jpg,2,0,0.8417658,0.092398256,0.039927218,0.022787848,0.0031209171,0.8417658,external_test,Dark,91.0,fixed_feather,42,C:\Users\USER\Desktop\Articulo\Datasets\MESSIDOR2\fixed_feather\r224\IM000012.png,basename
APTOS,MESSIDOR2,IM000013.jpg,1,0,0.93866754,0.03330742,0.01844234,0.007262344,0.0023202773,0.93866754,external_test,Dark,95.0,fixed_feather,42,C:\Users\USER\Desktop\Articulo\Datasets\MESSIDOR2\fixed_feather\r224\IM000013.png,basename
APTOS,MESSIDOR2,IM000056.jpg,0,0,0.86127436,0.077908345,0.042258363,0.016611325,0.0019476721,0.86127436,external_test,Dark,107.0,fixed_feather,42,C:\Users\USER\Desktop\Articulo\Datasets\MESSIDOR2\fixed_feather\r224\IM000056.png,basename
APTOS,MESSIDOR2,IM000057.jpg,0,0,0.6944142,0.1966255,0.07425758,0.03290115,0.0018015761,0.6944142,external_test,Dark,106.0,fixed_feather,42,C:\Users\USER\Desktop\Articulo\Datasets\MESSIDOR2\fixed_feather\r224\IM000057.png,basename
APTOS,MESSIDOR2,IM000065.jpg,1,0,0.89454126,0.071191646,0.0135754,0.020253472,0.00043825165,0.89454126,external_test,Dark,95.0,fixed_feather,42,C:\Users\USER\Desktop\Articulo\Datasets\MESSIDOR2\fixed_feather\r224\IM000065.png,basename
APTOS,MESSIDOR2,IM000066.jpg,1,0,0.8067813,0.13861096,0.018368816,0.03532231,0.00091669895,0.8067813,external_test,VeryDark,73.0,fixed_feather,42,C:\Users\USER\Desktop\Articulo\Datasets\MESSIDOR2\fixed_feather\r224\IM000066.png,basename
APTOS,MESSIDOR2,IM000072.jpg,0,0,0.9164855,0.04554074,0.01695107,0.014014859,0.007007945,0.9164855,external_test,VeryDark,75.0,fixed_feather,42,C:\Users\USER\Desktop\Articulo\Datasets\MESSIDOR2\fixed_feather\r224\IM000072.png,basename
APTOS,MESSIDOR2,IM000073.jpg,0,0,0.8209177,0.118066706,0.020316998,0.027688479,0.013010053,0.8209177,external_test,Dark,85.0,fixed_feather,42,C:\Users\USER\Desktop\Articulo\Datasets\MESSIDOR2\fixed_feather\r224\IM000073.png,basename
APTOS,MESSIDOR2,IM000079.jpg,1,0,0.7770668,0.06949252,0.038974404,0.10831067,0.0061555696,0.7770668,external_test,Dark,100.0,fixed_feather,42,C:\Users\USER\Desktop\Articulo\Datasets\MESSIDOR2\fixed_feather\r224\IM000079.png,basename
APTOS,MESSIDOR2,IM000080.jpg,0,0,0.8468002,0.1234282,0.012678592,0.0118323555,0.005260593,0.8468002,external_test,Dark,85.0,fixed_feather,42,C:\Users\USER\Desktop\Articulo\Datasets\MESSIDOR2\fixed_feather\r224\IM000080.png,basename
APTOS,MESSIDOR2,IM000086.jpg,0,0,0.8215341,0.1224414,0.041858573,0.008763201,0.0054027787,0.8215341,external_test,Dark,102.0,fixed_feather,42,C:\Users\USER\Desktop\Articulo\Datasets\MESSIDOR2\fixed_feather\r224\IM000086.png,basename
APTOS,MESSIDOR2,IM000087.jpg,0,0,0.9023495,0.06728144,0.023280486,0.0037314768,0.003357082,0.9023495,external_test,Dark,100.0,fixed_feather,42,C:\Users\USER\Desktop\Articulo\Datasets\MESSIDOR2\fixed_feather\r224\IM000087.png,basename
APTOS,MESSIDOR2,IM000093.jpg,2,0,0.89651966,0.06984778,0.025740381,0.0041443515,0.0037478807,0.89651966,external_test,Normal,127.0,fixed_feather,42,C:\Users\USER\Desktop\Articulo\Datasets\MESSIDOR2\fixed_feather\r224\IM000093.png,basename
APTOS,MESSIDOR2,IM000094.jpg,2,0,0.8462689,0.10931318,0.031039549,0.009433858,0.0039444957,0.8462689,external_test,Normal,120.0,fixed_feather,42,C:\Users\USER\Desktop\Articulo\Datasets\MESSIDOR2\fixed_feather\r224\IM000094.png,basename
APTOS,MESSIDOR2,IM000100.jpg,0,0,0.9121586,0.040189862,0.037089504,0.009480915,0.0010810448,0.9121586,external_test,Dark,94.0,fixed_feather,42,C:\Users\USER\Desktop\Articulo\Datasets\MESSIDOR2\fixed_feather\r224\IM000100.png,basename
APTOS,MESSIDOR2,IM000101.jpg,0,0,0.76705146,0.10249423,0.087940425,0.03176516,0.0107486965,0.76705146,external_test,Dark,89.0,fixed_feather,42,C:\Users\USER\Desktop\Articulo\Datasets\MESSIDOR2\fixed_feather\r224\IM000101.png,basename
APTOS,MESSIDOR2,IM000107.jpg,0,0,0.85759664,0.10645775,0.022570428,0.009540981,0.00383431,0.85759664,external_test,Dark,89.0,fixed_feather,42,C:\Users\USER\Desktop\Articulo\Datasets\MESSIDOR2\fixed_feather\r224\IM000107.png,basename
APTOS,MESSIDOR2,IM000108.jpg,0,0,0.82164335,0.04778503,0.068633296,0.051063053,0.010875195,0.82164335,external_test,Dark,102.0,fixed_feather,42,C:\Users\USER\Desktop\Articulo\Datasets\MESSIDOR2\fixed_feather\r224\IM000108.png,basename
APTOS,MESSIDOR2,IM000114.jpg,0,0,0.8224429,0.10162305,0.036434636,0.009828104,0.029671296,0.8224429,external_test,Dark,92.0,fixed_feather,42,C:\Users\USER\Desktop\Articulo\Datasets\MESSIDOR2\fixed_feather\r224\IM000114.png,basename
APTOS,MESSIDOR2,IM000115.jpg,0,0,0.80658275,0.09864854,0.06786527,0.006007522,0.020895991,0.80658275,external_test,VeryDark,80.0,fixed_feather,42,C:\Users\USER\Desktop\Articulo\Datasets\MESSIDOR2\fixed_feather\r224\IM000115.png,basename
APTOS,MESSIDOR2,IM000122.jpg,0,0,0.8888365,0.0353356,0.03374319,0.02604823,0.016036566,0.8888365,external_test,Dark,108.0,fixed_feather,42,C:\Users\USER\Desktop\Articulo\Datasets\MESSIDOR2\fixed_feather\r224\IM000122.png,basename
APTOS,MESSIDOR2,IM000123.jpg,0,0,0.58129215,0.0998973,0.057246268,0.06715388,0.19441038,0.58129215,external_test,VeryDark,79.0,fixed_feather,42,C:\Users\USER\Desktop\Articulo\Datasets\MESSIDOR2\fixed_feather\r224\IM000123.png,basename
APTOS,MESSIDOR2,IM000131.jpg,0,0,0.7761278,0.12678967,0.08155548,0.013665118,0.001861918,0.7761278,external_test,Dark,91.0,fixed_feather,42,C:\Users\USER\Desktop\Articulo\Datasets\MESSIDOR2\fixed_feather\r224\IM000131.png,basename
APTOS,MESSIDOR2,IM000132.jpg,0,0,0.56395465,0.22973096,0.10730455,0.05793279,0.041076973,0.56395465,external_test,VeryDark,76.0,fixed_feather,42,C:\Users\USER\Desktop\Articulo\Datasets\MESSIDOR2\fixed_feather\r224\IM000132.png,basename
APTOS,MESSIDOR2,IM000138.jpg,1,0,0.8723008,0.04568374,0.015697865,0.056141317,0.010176292,0.8723008,external_test,Dark,92.0,fixed_feather,42,C:\Users\USER\Desktop\Articulo\Datasets\MESSIDOR2\fixed_feather\r224\IM000138.png,basename
APTOS,MESSIDOR2,IM000139.jpg,0,0,0.79891145,0.15097615,0.01981859,0.012222895,0.018070877,0.79891145,external_test,VeryDark,83.0,fixed_feather,42,C:\Users\USER\Desktop\Articulo\Datasets\MESSIDOR2\fixed_feather\r224\IM000139.png,basename
APTOS,MESSIDOR2,IM000145.jpg,1,0,0.6964097,0.124740444,0.07836578,0.07758433,0.02289966,0.6964097,external_test,Dark,105.0,fixed_feather,42,C:\Users\USER\Desktop\Articulo\Datasets\MESSIDOR2\fixed_feather\r224\IM000145.png,basename
APTOS,MESSIDOR2,IM000146.jpg,0,0,0.70142156,0.18144979,0.07302993,0.01560942,0.028489238,0.70142156,external_test,Normal,122.0,fixed_feather,42,C:\Users\USER\Desktop\Articulo\Datasets\MESSIDOR2\fixed_feather\r224\IM000146.png,basename
APTOS,MESSIDOR2,IM000160.jpg,0,0,0.837766,0.072483525,0.01439171,0.06739548,0.00796338,0.837766,external_test,VeryDark,84.0,fixed_feather,42,C:\Users\USER\Desktop\Articulo\Datasets\MESSIDOR2\fixed_feather\r224\IM000160.png,basename
APTOS,MESSIDOR2,IM000161.jpg,0,0,0.61618185,0.2755144,0.06529287,0.017106766,0.025904153,0.61618185,external_test,VeryDark,84.0,fixed_feather,42,C:\Users\USER\Desktop\Articulo\Datasets\MESSIDOR2\fixed_feather\r224\IM000161.png,basename
APTOS,MESSIDOR2,IM000167.jpg,0,0,0.96414196,0.015938014,0.0018175894,0.01780857,0.00029384412,0.96414196,external_test,VeryDark,82.0,fixed_feather,42,C:\Users\USER\Desktop\Articulo\Datasets\MESSIDOR2\fixed_feather\r224\IM000167.png,basename
APTOS,MESSIDOR2,IM000168.jpg,0,0,0.9021325,0.05195853,0.0036109204,0.039835613,0.0024623729,0.9021325,external_test,VeryDark,80.0,fixed_feather,42,C:\Users\USER\Desktop\Articulo\Datasets\MESSIDOR2\fixed_feather\r224\IM000168.png,basename
APTOS,MESSIDOR2,IM000190.jpg,0,0,0.8556,0.0653188,0.033822954,0.018969605,0.026288604,0.8556,external_test,Normal,125.0,fixed_feather,42,C:\Users\USER\Desktop\Articulo\Datasets\MESSIDOR2\fixed_feather\r224\IM000190.png,basename
APTOS,MESSIDOR2,IM000191.jpg,0,0,0.88913375,0.08361806,0.0141122285,0.01082617,0.0023097578,0.88913375,external_test,Dark,101.0,fixed_feather,42,C:\Users\USER\Desktop\Articulo\Datasets\MESSIDOR2\fixed_feather\r224\IM000191.png,basename
APTOS,MESSIDOR2,IM000197.jpg,0,0,0.7600198,0.16244018,0.037322026,0.011467399,0.02875068,0.7600198,external_test,Dark,94.0,fixed_feather,42,C:\Users\USER\Desktop\Articulo\Datasets\MESSIDOR2\fixed_feather\r224\IM000197.png,basename
APTOS,MESSIDOR2,IM000198.jpg,0,0,0.88004136,0.07004628,0.029449485,0.0119011635,0.0085617015,0.88004136,external_test,Dark,87.0,fixed_feather,42,C:\Users\USER\Desktop\Articulo\Datasets\MESSIDOR2\fixed_feather\r224\IM000198.png,basename
APTOS,MESSIDOR2,IM000205.jpg,0,0,0.7866995,0.11153124,0.042963836,0.05704855,0.001756917,0.7866995,external_test,VeryDark,83.0,fixed_feather,42,C:\Users\USER\Desktop\Articulo\Datasets\MESSIDOR2\fixed_feather\r224\IM000205.png,basename
APTOS,MESSIDOR2,IM000206.jpg,0,0,0.86546403,0.06619428,0.047372594,0.019162329,0.0018067551,0.86546403,external_test,VeryDark,83.0,fixed_feather,42,C:\Users\USER\Desktop\Articulo\Datasets\MESSIDOR2\fixed_feather\r224\IM000206.png,basename
APTOS,MESSIDOR2,IM000212.jpg,0,0,0.83877885,0.116036266,0.01953915,0.02001322,0.0056324704,0.83877885,external_test,VeryDark,81.0,fixed_feather,42,C:\Users\USER\Desktop\Articulo\Datasets\MESSIDOR2\fixed_feather\r224\IM000212.png,basename
APTOS,MESSIDOR2,IM000213.jpg,0,0,0.65942836,0.21722364,0.027522799,0.05956798,0.03625731,0.65942836,external_test,ExtremelyDark,62.0,fixed_feather,42,C:\Users\USER\Desktop\Articulo\Datasets\MESSIDOR2\fixed_feather\r224\IM000213.png,basename
APTOS,MESSIDOR2,IM000219.jpg,0,0,0.8706628,0.07880871,0.014200606,0.02791372,0.008414275,0.8706628,external_test,ExtremelyDark,69.0,fixed_feather,42,C:\Users\USER\Desktop\Articulo\Datasets\MESSIDOR2\fixed_feather\r224\IM000219.png,basename
APTOS,MESSIDOR2,IM000220.jpg,0,0,0.7290438,0.10749917,0.026294524,0.115716726,0.02144584,0.7290438,external_test,ExtremelyDark,58.0,fixed_feather,42,C:\Users\USER\Desktop\Articulo\Datasets\MESSIDOR2\fixed_feather\r224\IM000220.png,basename
APTOS,MESSIDOR2,IM000241.jpg,0,0,0.78903615,0.09309142,0.09570249,0.016378809,0.005791126,0.78903615,external_test,Dark,98.0,fixed_feather,42,C:\Users\USER\Desktop\Articulo\Datasets\MESSIDOR2\fixed_feather\r224\IM000241.png,basename
APTOS,MESSIDOR2,IM000242.jpg,0,0,0.8850046,0.07334237,0.028212195,0.008880605,0.004560288,0.8850046,external_test,Dark,98.0,fixed_feather,42,C:\Users\USER\Desktop\Articulo\Datasets\MESSIDOR2\fixed_feather\r224\IM000242.png,basename
APTOS,MESSIDOR2,IM000248.jpg,2,0,0.6935599,0.17825657,0.07847147,0.028677693,0.021034278,0.6935599,external_test,Dark,97.0,fixed_feather,42,C:\Users\USER\Desktop\Articulo\Datasets\MESSIDOR2\fixed_feather\r224\IM000248.png,basename
APTOS,MESSIDOR2,IM000249.jpg,2,0,0.75773966,0.16220748,0.05185668,0.022294886,0.0059012314,0.75773966,external_test,Dark,93.0,fixed_feather,42,C:\Users\USER\Desktop\Articulo\Datasets\MESSIDOR2\fixed_feather\r224\IM000249.png,basename
APTOS,MESSIDOR2,IM000263.jpg,0,0,0.8866812,0.08090882,0.027815962,0.0037941565,0.000799837,0.8866812,external_test,Dark,107.0,fixed_feather,42,C:\Users\USER\Desktop\Articulo\Datasets\MESSIDOR2\fixed_feather\r224\IM000263.png,basename
APTOS,MESSIDOR2,IM000264.jpg,0,0,0.89868885,0.07434587,0.014762713,0.006146896,0.0060556037,0.89868885,external_test,Dark,106.0,fixed_feather,42,C:\Users\USER\Desktop\Articulo\Datasets\MESSIDOR2\fixed_feather\r224\IM000264.png,basename
APTOS,MESSIDOR2,IM000291.jpg,0,0,0.92911905,0.039569754,0.004859832,0.02581283,0.0006385738,0.92911905,external_test,Normal,119.0,fixed_feather,42,C:\Users\USER\Desktop\Articulo\Datasets\MESSIDOR2\fixed_feather\r224\IM000291.png,basename
APTOS,MESSIDOR2,IM000292.jpg,0,0,0.8456981,0.11903385,0.021893209,0.012748506,0.00062637305,0.8456981,external_test,Normal,114.0,fixed_feather,42,C:\Users\USER\Desktop\Articulo\Datasets\MESSIDOR2\fixed_feather\r224\IM000292.png,basename
APTOS,MESSIDOR2,IM000298.jpg,0,0,0.8583617,0.08525378,0.011410482,0.04433779,0.0006361779,0.8583617,external_test,Dark,88.0,fixed_feather,42,C:\Users\USER\Desktop\Articulo\Datasets\MESSIDOR2\fixed_feather\r224\IM000298.png,basename
APTOS,MESSIDOR2,IM000299.jpg,0,0,0.8417326,0.11017363,0.0152819855,0.032403663,0.00040824251,0.8417326,external_test,VeryDark,76.0,fixed_feather,42,C:\Users\USER\Desktop\Articulo\Datasets\MESSIDOR2\fixed_feather\r224\IM000299.png,basename
APTOS,MESSIDOR2,IM000305.jpg,0,0,0.9467674,0.03915506,0.007797244,0.0042017773,0.0020785087,0.9467674,external_test,Dark,89.0,fixed_feather,42,C:\Users\USER\Desktop\Articulo\Datasets\MESSIDOR2\fixed_feather\r224\IM000305.png,basename
APTOS,MESSIDOR2,IM000306.jpg,0,0,0.77742875,0.12649925,0.051135466,0.009972857,0.034963567,0.77742875,external_test,Dark,91.0,fixed_feather,42,C:\Users\USER\Desktop\Articulo\Datasets\MESSIDOR2\fixed_feather\r224\IM000306.png,basename
APTOS,MESSIDOR2,IM000312.jpg,0,0,0.7263528,0.17753151,0.07137337,0.016915297,0.007826974,0.7263528,external_test,Dark,95.0,fixed_feather,42,C:\Users\USER\Desktop\Articulo\Datasets\MESSIDOR2\fixed_feather\r224\IM000312.png,basename
APTOS,MESSIDOR2,IM000313.jpg,0,0,0.6234174,0.14780311,0.18696345,0.03790775,0.0039082803,0.6234174,external_test,Dark,88.0,fixed_feather,42,C:\Users\USER\Desktop\Articulo\Datasets\MESSIDOR2\fixed_feather\r224\IM000313.png,basename
APTOS,MESSIDOR2,IM000319.jpg,0,0,0.65710425,0.14660966,0.13810088,0.04672039,0.011464845,0.65710425,external_test,VeryDark,83.0,fixed_feather,42,C:\Users\USER\Desktop\Articulo\Datasets\MESSIDOR2\fixed_feather\r224\IM000319.png,basename
APTOS,MESSIDOR2,IM000320.jpg,1,0,0.64351857,0.2794541,0.059743416,0.0132302325,0.0040536653,0.64351857,external_test,Dark,98.0,fixed_feather,42,C:\Users\USER\Desktop\Articulo\Datasets\MESSIDOR2\fixed_feather\r224\IM000320.png,basename
APTOS,MESSIDOR2,IM000326.jpg,0,0,0.7779804,0.0980678,0.09869054,0.01791508,0.0073462576,0.7779804,external_test,Normal,122.0,fixed_feather,42,C:\Users\USER\Desktop\Articulo\Datasets\MESSIDOR2\fixed_feather\r224\IM000326.png,basename
APTOS,MESSIDOR2,IM000327.jpg,0,0,0.8011185,0.09650031,0.086885944,0.009724446,0.005770801,0.8011185,external_test,Normal,109.0,fixed_feather,42,C:\Users\USER\Desktop\Articulo\Datasets\MESSIDOR2\fixed_feather\r224\IM000327.png,basename
APTOS,MESSIDOR2,IM000349.jpg,0,0,0.8159609,0.12014792,0.046882346,0.01363205,0.0033768248,0.8159609,external_test,VeryDark,83.0,fixed_feather,42,C:\Users\USER\Desktop\Articulo\Datasets\MESSIDOR2\fixed_feather\r224\IM000349.png,basename
APTOS,MESSIDOR2,IM000350.jpg,0,0,0.7878547,0.1672945,0.036140606,0.007280762,0.0014294729,0.7878547,external_test,VeryDark,73.0,fixed_feather,42,C:\Users\USER\Desktop\Articulo\Datasets\MESSIDOR2\fixed_feather\r224\IM000350.png,basename
APTOS,MESSIDOR2,IM000356.jpg,0,0,0.95556056,0.022562241,0.0036463635,0.017617442,0.0006133658,0.95556056,external_test,VeryDark,72.0,fixed_feather,42,C:\Users\USER\Desktop\Articulo\Datasets\MESSIDOR2\fixed_feather\r224\IM000356.png,basename
APTOS,MESSIDOR2,IM000357.jpg,0,0,0.9713599,0.013190747,0.0024954425,0.012755401,0.00019847664,0.9713599,external_test,ExtremelyDark,69.0,fixed_feather,42,C:\Users\USER\Desktop\Articulo\Datasets\MESSIDOR2\fixed_feather\r224\IM000357.png,basename
APTOS,MESSIDOR2,IM000371.jpg,0,0,0.72931004,0.21392816,0.036609095,0.013058231,0.0070945607,0.72931004,external_test,Dark,87.0,fixed_feather,42,C:\Users\USER\Desktop\Articulo\Datasets\MESSIDOR2\fixed_feather\r224\IM000371.png,basename
APTOS,MESSIDOR2,IM000372.jpg,0,0,0.8877668,0.06650271,0.025282096,0.014059243,0.0063892207,0.8877668,external_test,VeryDark,73.0,fixed_feather,42,C:\Users\USER\Desktop\Articulo\Datasets\MESSIDOR2\fixed_feather\r224\IM000372.png,basename
APTOS,MESSIDOR2,IM000378.jpg,0,0,0.8805024,0.073985726,0.021644123,0.012543921,0.011323785,0.8805024,external_test,Dark,87.0,fixed_feather,42,C:\Users\USER\Desktop\Articulo\Datasets\MESSIDOR2\fixed_feather\r224\IM000378.png,basename
APTOS,MESSIDOR2,IM000379.jpg,0,0,0.878716,0.05369551,0.03562217,0.02064041,0.011325898,0.878716,external_test,Dark,88.0,fixed_feather,42,C:\Users\USER\Desktop\Articulo\Datasets\MESSIDOR2\fixed_feather\r224\IM000379.png,basename
APTOS,MESSIDOR2,IM000405.jpg,1,0,0.8906319,0.0808911,0.013431189,0.014507254,0.00053853076,0.8906319,external_test,VeryDark,83.0,fixed_feather,42,C:\Users\USER\Desktop\Articulo\Datasets\MESSIDOR2\fixed_feather\r224\IM000405.png,basename
APTOS,MESSIDOR2,IM000406.jpg,1,0,0.8409481,0.10355272,0.033350375,0.01587356,0.0062752226,0.8409481,external_test,Dark,86.0,fixed_feather,42,C:\Users\USER\Desktop\Articulo\Datasets\MESSIDOR2\fixed_feather\r224\IM000406.png,basename
APTOS,MESSIDOR2,IM000412.jpg,0,0,0.9081709,0.06310893,0.004107471,0.02377787,0.0008348552,0.9081709,external_test,Dark,98.0,fixed_feather,42,C:\Users\USER\Desktop\Articulo\Datasets\MESSIDOR2\fixed_feather\r224\IM000412.png,basename
APTOS,MESSIDOR2,IM000413.jpg,1,0,0.6650516,0.20522396,0.034714587,0.09218312,0.0028268408,0.6650516,external_test,Dark,89.0,fixed_feather,42,C:\Users\USER\Desktop\Articulo\Datasets\MESSIDOR2\fixed_feather\r224\IM000413.png,basename
APTOS,MESSIDOR2,IM000425.jpg,0,0,0.7346081,0.14137203,0.022386128,0.10105784,0.00057586655,0.7346081,external_test,Dark,91.0,fixed_feather,42,C:\Users\USER\Desktop\Articulo\Datasets\MESSIDOR2\fixed_feather\r224\IM000425.png,basename
APTOS,MESSIDOR2,IM000426.jpg,0,0,0.86834913,0.07203326,0.011632784,0.045871805,0.0021130617,0.86834913,external_test,Dark,96.0,fixed_feather,42,C:\Users\USER\Desktop\Articulo\Datasets\MESSIDOR2\fixed_feather\r224\IM000426.png,basename
APTOS,MESSIDOR2,IM000449.jpg,0,0,0.7308792,0.15584096,0.09152014,0.0124977585,0.009261988,0.7308792,external_test,VeryDark,83.0,fixed_feather,42,C:\Users\USER\Desktop\Articulo\Datasets\MESSIDOR2\fixed_feather\r224\IM000449.png,basename
APTOS,MESSIDOR2,IM000450.jpg,0,0,0.9483649,0.031016378,0.005941474,0.012378332,0.0022989772,0.9483649,external_test,VeryDark,82.0,fixed_feather,42,C:\Users\USER\Desktop\Articulo\Datasets\MESSIDOR2\fixed_feather\r224\IM000450.png,basename
APTOS,MESSIDOR2,IM000472.jpg,2,0,0.5878561,0.13864648,0.23576847,0.019473998,0.018254917,0.5878561,external_test,Normal,129.0,fixed_feather,42,C:\Users\USER\Desktop\Articulo\Datasets\MESSIDOR2\fixed_feather\r224\IM000472.png,basename
APTOS,MESSIDOR2,IM000473.jpg,2,0,0.79102695,0.092566624,0.089465566,0.01604036,0.010900545,0.79102695,external_test,Bright,132.0,fixed_feather,42,C:\Users\USER\Desktop\Articulo\Datasets\MESSIDOR2\fixed_feather\r224\IM000473.png,basename
APTOS,MESSIDOR2,IM000479.jpg,0,0,0.9278866,0.04373006,0.014924339,0.010093312,0.003365677,0.9278866,external_test,Dark,105.0,fixed_feather,42,C:\Users\USER\Desktop\Articulo\Datasets\MESSIDOR2\fixed_feather\r224\IM000479.png,basename
APTOS,MESSIDOR2,IM000480.jpg,0,0,0.9266743,0.047824603,0.01189665,0.011793037,0.0018115123,0.9266743,external_test,Dark,106.0,fixed_feather,42,C:\Users\USER\Desktop\Articulo\Datasets\MESSIDOR2\fixed_feather\r224\IM000480.png,basename
APTOS,MESSIDOR2,IM000500.jpg,1,0,0.8799885,0.07039434,0.03024625,0.012814152,0.0065568853,0.8799885,external_test,Dark,90.0,fixed_feather,42,C:\Users\USER\Desktop\Articulo\Datasets\MESSIDOR2\fixed_feather\r224\IM000500.png,basename
APTOS,MESSIDOR2,IM000501.jpg,0,0,0.79123497,0.14683023,0.032195576,0.020297969,0.009441333,0.79123497,external_test,Dark,91.0,fixed_feather,42,C:\Users\USER\Desktop\Articulo\Datasets\MESSIDOR2\fixed_feather\r224\IM000501.png,basename
APTOS,MESSIDOR2,IM000515.jpg,0,0,0.96143466,0.01785926,0.0070620445,0.011615561,0.0020284352,0.96143466,external_test,VeryDark,78.0,fixed_feather,42,C:\Users\USER\Desktop\Articulo\Datasets\MESSIDOR2\fixed_feather\r224\IM000515.png,basename
APTOS,MESSIDOR2,IM000516.jpg,0,0,0.9264151,0.047499057,0.0058841384,0.016987577,0.0032141306,0.9264151,external_test,VeryDark,75.0,fixed_feather,42,C:\Users\USER\Desktop\Articulo\Datasets\MESSIDOR2\fixed_feather\r224\IM000516.png,basename
APTOS,MESSIDOR2,IM000530.jpg,1,0,0.69453174,0.13570067,0.04632541,0.030665629,0.09277649,0.69453174,external_test,VeryDark,82.0,fixed_feather,42,C:\Users\USER\Desktop\Articulo\Datasets\MESSIDOR2\fixed_feather\r224\IM000530.png,basename
APTOS,MESSIDOR2,IM000531.jpg,0,0,0.53223825,0.246104,0.14449406,0.03338531,0.043778386,0.53223825,external_test,VeryDark,76.0,fixed_feather,42,C:\Users\USER\Desktop\Articulo\Datasets\MESSIDOR2\fixed_feather\r224\IM000531.png,basename
APTOS,MESSIDOR2,IM000537.jpg,0,0,0.936214,0.044350374,0.0018149707,0.016204584,0.0014160365,0.936214,external_test,VeryDark,76.0,fixed_feather,42,C:\Users\USER\Desktop\Articulo\Datasets\MESSIDOR2\fixed_feather\r224\IM000537.png,basename
APTOS,MESSIDOR2,IM000538.jpg,0,0,0.8541437,0.11191742,0.021872198,0.010424162,0.0016426675,0.8541437,external_test,VeryDark,75.0,fixed_feather,42,C:\Users\USER\Desktop\Articulo\Datasets\MESSIDOR2\fixed_feather\r224\IM000538.png,basename
APTOS,MESSIDOR2,IM000546.jpg,2,0,0.7709896,0.06970816,0.051774677,0.09931927,0.00820821,0.7709896,external_test,Normal,111.0,fixed_feather,42,C:\Users\USER\Desktop\Articulo\Datasets\MESSIDOR2\fixed_feather\r224\IM000546.png,basename
APTOS,MESSIDOR2,IM000547.jpg,2,0,0.88609266,0.0645253,0.030562067,0.009979429,0.008840483,0.88609266,external_test,Normal,111.0,fixed_feather,42,C:\Users\USER\Desktop\Articulo\Datasets\MESSIDOR2\fixed_feather\r224\IM000547.png,basename
APTOS,MESSIDOR2,IM000553.jpg,0,0,0.8708726,0.08313718,0.011117855,0.031856816,0.0030155347,0.8708726,external_test,ExtremelyDark,62.0,fixed_feather,42,C:\Users\USER\Desktop\Articulo\Datasets\MESSIDOR2\fixed_feather\r224\IM000553.png,basename
APTOS,MESSIDOR2,IM000554.jpg,0,0,0.83290577,0.1138133,0.018636752,0.032518126,0.0021261398,0.83290577,external_test,ExtremelyDark,57.0,fixed_feather,42,C:\Users\USER\Desktop\Articulo\Datasets\MESSIDOR2\fixed_feather\r224\IM000554.png,basename
APTOS,MESSIDOR2,IM000560.jpg,0,0,0.79377675,0.13505891,0.052671473,0.008450051,0.010042918,0.79377675,external_test,Dark,96.0,fixed_feather,42,C:\Users\USER\Desktop\Articulo\Datasets\MESSIDOR2\fixed_feather\r224\IM000560.png,basename
APTOS,MESSIDOR2,IM000561.jpg,0,0,0.7286727,0.042492606,0.117275834,0.07597231,0.035586562,0.7286727,external_test,Dark,95.0,fixed_feather,42,C:\Users\USER\Desktop\Articulo\Datasets\MESSIDOR2\fixed_feather\r224\IM000561.png,basename
APTOS,MESSIDOR2,IM000567.jpg,0,0,0.65338933,0.11274689,0.19504166,0.029090982,0.009731155,0.65338933,external_test,Dark,100.0,fixed_feather,42,C:\Users\USER\Desktop\Articulo\Datasets\MESSIDOR2\fixed_feather\r224\IM000567.png,basename
APTOS,MESSIDOR2,IM000568.jpg,0,0,0.74191964,0.1824071,0.060638066,0.0066931676,0.008342028,0.74191964,external_test,Dark,101.0,fixed_feather,42,C:\Users\USER\Desktop\Articulo\Datasets\MESSIDOR2\fixed_feather\r224\IM000568.png,basename
APTOS,MESSIDOR2,IM000579.jpg,0,0,0.8139252,0.05604372,0.0035238254,0.119376376,0.0071308664,0.8139252,external_test,Dark,86.0,fixed_feather,42,C:\Users\USER\Desktop\Articulo\Datasets\MESSIDOR2\fixed_feather\r224\IM000579.png,basename
APTOS,MESSIDOR2,IM000580.jpg,0,0,0.797895,0.09065209,0.018826,0.07673834,0.015888488,0.797895,external_test,Dark,90.0,fixed_feather,42,C:\Users\USER\Desktop\Articulo\Datasets\MESSIDOR2\fixed_feather\r224\IM000580.png,basename
APTOS,MESSIDOR2,IM000586.jpg,0,0,0.94132996,0.020383209,0.006484732,0.030219376,0.0015828265,0.94132996,external_test,ExtremelyDark,69.0,fixed_feather,42,C:\Users\USER\Desktop\Articulo\Datasets\MESSIDOR2\fixed_feather\r224\IM000586.png,basename
APTOS,MESSIDOR2,IM000587.jpg,0,0,0.836208,0.10096619,0.03889954,0.019066235,0.0048600966,0.836208,external_test,ExtremelyDark,64.0,fixed_feather,42,C:\Users\USER\Desktop\Articulo\Datasets\MESSIDOR2\fixed_feather\r224\IM000587.png,basename
APTOS,MESSIDOR2,IM000594.jpg,0,0,0.89073724,0.06956234,0.010635083,0.02726395,0.0018013978,0.89073724,external_test,VeryDark,74.0,fixed_feather,42,C:\Users\USER\Desktop\Articulo\Datasets\MESSIDOR2\fixed_feather\r224\IM000594.png,basename
APTOS,MESSIDOR2,IM000595.jpg,0,0,0.93355125,0.04006343,0.009028717,0.015562712,0.0017938821,0.93355125,external_test,ExtremelyDark,67.0,fixed_feather,42,C:\Users\USER\Desktop\Articulo\Datasets\MESSIDOR2\fixed_feather\r224\IM000595.png,basename
APTOS,MESSIDOR2,IM000601.jpg,0,0,0.8034168,0.11828917,0.038102034,0.013038471,0.027153455,0.8034168,external_test,Dark,104.0,fixed_feather,42,C:\Users\USER\Desktop\Articulo\Datasets\MESSIDOR2\fixed_feather\r224\IM000601.png,basename
APTOS,MESSIDOR2,IM000602.jpg,0,0,0.8913938,0.049456567,0.030382926,0.019353446,0.009413257,0.8913938,external_test,Dark,102.0,fixed_feather,42,C:\Users\USER\Desktop\Articulo\Datasets\MESSIDOR2\fixed_feather\r224\IM000602.png,basename
APTOS,MESSIDOR2,IM000653.jpg,0,0,0.9122412,0.07697311,0.0066655306,0.0024464487,0.0016736189,0.9122412,external_test,Normal,120.0,fixed_feather,42,C:\Users\USER\Desktop\Articulo\Datasets\MESSIDOR2\fixed_feather\r224\IM000653.png,basename
APTOS,MESSIDOR2,IM000654.jpg,1,0,0.7254332,0.12247432,0.04307752,0.018455513,0.090559475,0.7254332,external_test,Dark,89.0,fixed_feather,42,C:\Users\USER\Desktop\Articulo\Datasets\MESSIDOR2\fixed_feather\r224\IM000654.png,basename
APTOS,MESSIDOR2,IM000667.jpg,0,0,0.82566804,0.06763172,0.03584048,0.056228876,0.014630829,0.82566804,external_test,Dark,106.0,fixed_feather,42,C:\Users\USER\Desktop\Articulo\Datasets\MESSIDOR2\fixed_feather\r224\IM000667.png,basename
APTOS,MESSIDOR2,IM000668.jpg,0,0,0.7435573,0.16356593,0.026693527,0.055432767,0.01075051,0.7435573,external_test,Dark,103.0,fixed_feather,42,C:\Users\USER\Desktop\Articulo\Datasets\MESSIDOR2\fixed_feather\r224\IM000668.png,basename
APTOS,MESSIDOR2,IM000674.jpg,0,0,0.936875,0.019913908,0.006603403,0.035914857,0.00069281977,0.936875,external_test,ExtremelyDark,68.0,fixed_feather,42,C:\Users\USER\Desktop\Articulo\Datasets\MESSIDOR2\fixed_feather\r224\IM000674.png,basename
APTOS,MESSIDOR2,IM000675.jpg,0,0,0.6264286,0.27941513,0.04498944,0.045600582,0.0035662404,0.6264286,external_test,ExtremelyDark,64.0,fixed_feather,42,C:\Users\USER\Desktop\Articulo\Datasets\MESSIDOR2\fixed_feather\r224\IM000675.png,basename
APTOS,MESSIDOR2,IM000682.jpg,0,0,0.74880147,0.042100172,0.07750808,0.066526085,0.06506415,0.74880147,external_test,Normal,115.0,fixed_feather,42,C:\Users\USER\Desktop\Articulo\Datasets\MESSIDOR2\fixed_feather\r224\IM000682.png,basename
APTOS,MESSIDOR2,IM000683.jpg,0,0,0.9083584,0.024470793,0.010879965,0.05411665,0.002174259,0.9083584,external_test,Normal,117.0,fixed_feather,42,C:\Users\USER\Desktop\Articulo\Datasets\MESSIDOR2\fixed_feather\r224\IM000683.png,basename
APTOS,MESSIDOR2,IM000689.jpg,0,0,0.96381706,0.015427278,0.013978051,0.0038666828,0.0029109167,0.96381706,external_test,Dark,98.0,fixed_feather,42,C:\Users\USER\Desktop\Articulo\Datasets\MESSIDOR2\fixed_feather\r224\IM000689.png,basename
APTOS,MESSIDOR2,IM000690.jpg,0,0,0.902247,0.060705967,0.011285155,0.022955135,0.002806639,0.902247,external_test,ExtremelyDark,69.0,fixed_feather,42,C:\Users\USER\Desktop\Articulo\Datasets\MESSIDOR2\fixed_feather\r224\IM000690.png,basename
APTOS,MESSIDOR2,IM000696.jpg,0,0,0.8567259,0.08612149,0.029028252,0.02417578,0.0039486676,0.8567259,external_test,Dark,107.0,fixed_feather,42,C:\Users\USER\Desktop\Articulo\Datasets\MESSIDOR2\fixed_feather\r224\IM000696.png,basename
APTOS,MESSIDOR2,IM000697.jpg,0,0,0.5264882,0.29242024,0.12565675,0.04456253,0.010872218,0.5264882,external_test,Dark,100.0,fixed_feather,42,C:\Users\USER\Desktop\Articulo\Datasets\MESSIDOR2\fixed_feather\r224\IM000697.png,basename
APTOS,MESSIDOR2,IM000703.jpg,0,0,0.8734955,0.061149627,0.0059095235,0.05863658,0.000808765,0.8734955,external_test,VeryDark,83.0,fixed_feather,42,C:\Users\USER\Desktop\Articulo\Datasets\MESSIDOR2\fixed_feather\r224\IM000703.png,basename
APTOS,MESSIDOR2,IM000704.jpg,0,0,0.88813657,0.08979675,0.015148135,0.005496485,0.0014220941,0.88813657,external_test,VeryDark,84.0,fixed_feather,42,C:\Users\USER\Desktop\Articulo\Datasets\MESSIDOR2\fixed_feather\r224\IM000704.png,basename
APTOS,MESSIDOR2,IM000711.jpg,0,0,0.86968875,0.08062225,0.017097661,0.031726457,0.0008650003,0.86968875,external_test,VeryDark,84.0,fixed_feather,42,C:\Users\USER\Desktop\Articulo\Datasets\MESSIDOR2\fixed_feather\r224\IM000711.png,basename
APTOS,MESSIDOR2,IM000712.jpg,0,0,0.75359046,0.15958098,0.03390479,0.017657556,0.035266247,0.75359046,external_test,Dark,85.0,fixed_feather,42,C:\Users\USER\Desktop\Articulo\Datasets\MESSIDOR2\fixed_feather\r224\IM000712.png,basename
APTOS,MESSIDOR2,IM000725.jpg,1,0,0.69180316,0.24144484,0.043772493,0.02136685,0.001612729,0.69180316,external_test,Dark,104.0,fixed_feather,42,C:\Users\USER\Desktop\Articulo\Datasets\MESSIDOR2\fixed_feather\r224\IM000725.png,basename
APTOS,MESSIDOR2,IM000726.jpg,2,0,0.86300004,0.105423406,0.012076616,0.016329085,0.0031709413,0.86300004,external_test,Dark,97.0,fixed_feather,42,C:\Users\USER\Desktop\Articulo\Datasets\MESSIDOR2\fixed_feather\r224\IM000726.png,basename
APTOS,MESSIDOR2,IM000732.jpg,1,0,0.8945686,0.038003195,0.023707455,0.01779618,0.025924591,0.8945686,external_test,Dark,98.0,fixed_feather,42,C:\Users\USER\Desktop\Articulo\Datasets\MESSIDOR2\fixed_feather\r224\IM000732.png,basename
APTOS,MESSIDOR2,IM000733.jpg,0,0,0.82906055,0.0620303,0.06412048,0.024246728,0.02054199,0.82906055,external_test,Dark,102.0,fixed_feather,42,C:\Users\USER\Desktop\Articulo\Datasets\MESSIDOR2\fixed_feather\r224\IM000733.png,basename
APTOS,MESSIDOR2,IM000761.jpg,0,0,0.8348028,0.08533373,0.012987534,0.054901052,0.011974853,0.8348028,external_test,VeryDark,72.0,fixed_feather,42,C:\Users\USER\Desktop\Articulo\Datasets\MESSIDOR2\fixed_feather\r224\IM000761.png,basename
APTOS,MESSIDOR2,IM000762.jpg,0,0,0.8189521,0.08881492,0.021620683,0.063980386,0.0066320095,0.8189521,external_test,VeryDark,73.0,fixed_feather,42,C:\Users\USER\Desktop\Articulo\Datasets\MESSIDOR2\fixed_feather\r224\IM000762.png,basename
APTOS,MESSIDOR2,IM000768.jpg,1,0,0.9276212,0.033420037,0.011064494,0.026188094,0.0017061953,0.9276212,external_test,Dark,104.0,fixed_feather,42,C:\Users\USER\Desktop\Articulo\Datasets\MESSIDOR2\fixed_feather\r224\IM000768.png,basename
APTOS,MESSIDOR2,IM000769.jpg,1,0,0.79660404,0.09533386,0.04210753,0.060751893,0.0052026683,0.79660404,external_test,Dark,103.0,fixed_feather,42,C:\Users\USER\Desktop\Articulo\Datasets\MESSIDOR2\fixed_feather\r224\IM000769.png,basename
APTOS,MESSIDOR2,IM000776.jpg,0,0,0.87832797,0.05938064,0.027233843,0.031018583,0.004038958,0.87832797,external_test,VeryDark,76.0,fixed_feather,42,C:\Users\USER\Desktop\Articulo\Datasets\MESSIDOR2\fixed_feather\r224\IM000776.png,basename
APTOS,MESSIDOR2,IM000777.jpg,0,0,0.7750271,0.07168517,0.096503526,0.025057444,0.031726673,0.7750271,external_test,ExtremelyDark,66.0,fixed_feather,42,C:\Users\USER\Desktop\Articulo\Datasets\MESSIDOR2\fixed_feather\r224\IM000777.png,basename
APTOS,MESSIDOR2,IM000805.jpg,0,0,0.8405097,0.1012014,0.02554445,0.025686214,0.007058294,0.8405097,external_test,Dark,102.0,fixed_feather,42,C:\Users\USER\Desktop\Articulo\Datasets\MESSIDOR2\fixed_feather\r224\IM000805.png,basename
APTOS,MESSIDOR2,IM000806.jpg,0,0,0.70506597,0.20603491,0.053308032,0.02617737,0.009413712,0.70506597,external_test,Dark,104.0,fixed_feather,42,C:\Users\USER\Desktop\Articulo\Datasets\MESSIDOR2\fixed_feather\r224\IM000806.png,basename
APTOS,MESSIDOR2,IM000812.jpg,0,0,0.84155923,0.09622819,0.04399759,0.011507951,0.0067069936,0.84155923,external_test,Normal,110.0,fixed_feather,42,C:\Users\USER\Desktop\Articulo\Datasets\MESSIDOR2\fixed_feather\r224\IM000812.png,basename
APTOS,MESSIDOR2,IM000813.jpg,0,0,0.6147312,0.21133952,0.13910022,0.025099317,0.009729758,0.6147312,external_test,Normal,109.0,fixed_feather,42,C:\Users\USER\Desktop\Articulo\Datasets\MESSIDOR2\fixed_feather\r224\IM000813.png,basename
APTOS,MESSIDOR2,IM000826.jpg,1,0,0.68572783,0.19826362,0.05865205,0.039446943,0.017909547,0.68572783,external_test,VeryDark,82.0,fixed_feather,42,C:\Users\USER\Desktop\Articulo\Datasets\MESSIDOR2\fixed_feather\r224\IM000826.png,basename
APTOS,MESSIDOR2,IM000827.jpg,0,0,0.8460787,0.10015199,0.037542634,0.013275828,0.0029507244,0.8460787,external_test,VeryDark,71.0,fixed_feather,42,C:\Users\USER\Desktop\Articulo\Datasets\MESSIDOR2\fixed_feather\r224\IM000827.png,basename
APTOS,MESSIDOR2,IM000833.jpg,0,0,0.70195204,0.059934046,0.21996412,0.013416391,0.0047333976,0.70195204,external_test,Dark,94.0,fixed_feather,42,C:\Users\USER\Desktop\Articulo\Datasets\MESSIDOR2\fixed_feather\r224\IM000833.png,basename
APTOS,MESSIDOR2,IM000834.jpg,1,0,0.95469946,0.030976068,0.007624673,0.0060899532,0.00060994684,0.95469946,external_test,Dark,88.0,fixed_feather,42,C:\Users\USER\Desktop\Articulo\Datasets\MESSIDOR2\fixed_feather\r224\IM000834.png,basename
APTOS,MESSIDOR2,IM000840.jpg,0,0,0.89554363,0.06757099,0.015031925,0.021252293,0.00060125376,0.89554363,external_test,ExtremelyDark,63.0,fixed_feather,42,C:\Users\USER\Desktop\Articulo\Datasets\MESSIDOR2\fixed_feather\r224\IM000840.png,basename
APTOS,MESSIDOR2,IM000848.jpg,1,0,0.7782005,0.0961797,0.025272166,0.09636902,0.0039787116,0.7782005,external_test,ExtremelyDark,57.0,fixed_feather,42,C:\Users\USER\Desktop\Articulo\Datasets\MESSIDOR2\fixed_feather\r224\IM000848.png,basename
APTOS,MESSIDOR2,IM000850.jpg,0,0,0.9337434,0.03414063,0.012199844,0.015806489,0.0041096034,0.9337434,external_test,VeryDark,80.0,fixed_feather,42,C:\Users\USER\Desktop\Articulo\Datasets\MESSIDOR2\fixed_feather\r224\IM000850.png,basename
APTOS,MESSIDOR2,IM000851.jpg,0,0,0.73469424,0.08211983,0.08123164,0.081463344,0.020490978,0.73469424,external_test,VeryDark,76.0,fixed_feather,42,C:\Users\USER\Desktop\Articulo\Datasets\MESSIDOR2\fixed_feather\r224\IM000851.png,basename
APTOS,MESSIDOR2,IM000859.jpg,0,0,0.79771596,0.16017085,0.023720386,0.012251145,0.006141726,0.79771596,external_test,Dark,98.0,fixed_feather,42,C:\Users\USER\Desktop\Articulo\Datasets\MESSIDOR2\fixed_feather\r224\IM000859.png,basename
APTOS,MESSIDOR2,IM000860.jpg,0,0,0.77632445,0.105347104,0.047404617,0.050746594,0.020177122,0.77632445,external_test,Dark,95.0,fixed_feather,42,C:\Users\USER\Desktop\Articulo\Datasets\MESSIDOR2\fixed_feather\r224\IM000860.png,basename
APTOS,MESSIDOR2,IM000880.jpg,1,0,0.73535514,0.09516683,0.1296096,0.035260025,0.0046084253,0.73535514,external_test,Bright,133.0,fixed_feather,42,C:\Users\USER\Desktop\Articulo\Datasets\MESSIDOR2\fixed_feather\r224\IM000880.png,basename
APTOS,MESSIDOR2,IM000881.jpg,0,0,0.9652712,0.009246646,0.020107675,0.0038756437,0.0014988984,0.9652712,external_test,Bright,133.0,fixed_feather,42,C:\Users\USER\Desktop\Articulo\Datasets\MESSIDOR2\fixed_feather\r224\IM000881.png,basename
APTOS,MESSIDOR2,IM000887.jpg,0,0,0.7709007,0.15491572,0.026036898,0.04563505,0.0025115495,0.7709007,external_test,VeryDark,82.0,fixed_feather,42,C:\Users\USER\Desktop\Articulo\Datasets\MESSIDOR2\fixed_feather\r224\IM000887.png,basename
APTOS,MESSIDOR2,IM000888.jpg,0,0,0.8742458,0.08417419,0.026741672,0.01329349,0.0015449334,0.8742458,external_test,VeryDark,84.0,fixed_feather,42,C:\Users\USER\Desktop\Articulo\Datasets\MESSIDOR2\fixed_feather\r224\IM000888.png,basename
APTOS,MESSIDOR2,IM000895.jpg,2,0,0.7397816,0.1568803,0.035941284,0.059322584,0.008074217,0.7397816,external_test,Dark,94.0,fixed_feather,42,C:\Users\USER\Desktop\Articulo\Datasets\MESSIDOR2\fixed_feather\r224\IM000895.png,basename
APTOS,MESSIDOR2,IM000896.jpg,2,0,0.68748236,0.18913196,0.020464266,0.09253,0.010391514,0.68748236,external_test,Dark,96.0,fixed_feather,42,C:\Users\USER\Desktop\Articulo\Datasets\MESSIDOR2\fixed_feather\r224\IM000896.png,basename
APTOS,MESSIDOR2,IM000916.jpg,0,0,0.84963423,0.07753305,0.036355544,0.010885849,0.025591334,0.84963423,external_test,Dark,93.0,fixed_feather,42,C:\Users\USER\Desktop\Articulo\Datasets\MESSIDOR2\fixed_feather\r224\IM000916.png,basename
APTOS,MESSIDOR2,IM000917.jpg,0,0,0.8916614,0.05015628,0.022514386,0.0057836687,0.02988425,0.8916614,external_test,Dark,102.0,fixed_feather,42,C:\Users\USER\Desktop\Articulo\Datasets\MESSIDOR2\fixed_feather\r224\IM000917.png,basename
APTOS,MESSIDOR2,IM000923.jpg,0,0,0.9412895,0.041244075,0.0136317,0.001383266,0.0024515723,0.9412895,external_test,Dark,93.0,fixed_feather,42,C:\Users\USER\Desktop\Articulo\Datasets\MESSIDOR2\fixed_feather\r224\IM000923.png,basename
APTOS,MESSIDOR2,IM000924.jpg,0,0,0.8867884,0.037447315,0.027467376,0.033484682,0.014812176,0.8867884,external_test,Dark,88.0,fixed_feather,42,C:\Users\USER\Desktop\Articulo\Datasets\MESSIDOR2\fixed_feather\r224\IM000924.png,basename
APTOS,MESSIDOR2,IM000937.jpg,0,0,0.6710864,0.23775747,0.0448923,0.043809276,0.0024545516,0.6710864,external_test,VeryDark,77.0,fixed_feather,42,C:\Users\USER\Desktop\Articulo\Datasets\MESSIDOR2\fixed_feather\r224\IM000937.png,basename
APTOS,MESSIDOR2,IM000938.jpg,0,0,0.74735576,0.149511,0.06225913,0.023990812,0.016883295,0.74735576,external_test,VeryDark,78.0,fixed_feather,42,C:\Users\USER\Desktop\Articulo\Datasets\MESSIDOR2\fixed_feather\r224\IM000938.png,basename
APTOS,MESSIDOR2,IM000984.jpg,1,0,0.6305085,0.2848142,0.06856348,0.00914986,0.0069640395,0.6305085,external_test,Dark,86.0,fixed_feather,42,C:\Users\USER\Desktop\Articulo\Datasets\MESSIDOR2\fixed_feather\r224\IM000984.png,basename
APTOS,MESSIDOR2,IM000985.jpg,2,0,0.86668223,0.089190006,0.024456719,0.015920334,0.00375075,0.86668223,external_test,VeryDark,81.0,fixed_feather,42,C:\Users\USER\Desktop\Articulo\Datasets\MESSIDOR2\fixed_feather\r224\IM000985.png,basename
APTOS,MESSIDOR2,IM000991.jpg,0,0,0.8672146,0.08447105,0.032713857,0.008003168,0.0075973086,0.8672146,external_test,Dark,101.0,fixed_feather,42,C:\Users\USER\Desktop\Articulo\Datasets\MESSIDOR2\fixed_feather\r224\IM000991.png,basename
APTOS,MESSIDOR2,IM000992.jpg,0,0,0.93930876,0.029505614,0.013392644,0.005914431,0.011878505,0.93930876,external_test,Dark,101.0,fixed_feather,42,C:\Users\USER\Desktop\Articulo\Datasets\MESSIDOR2\fixed_feather\r224\IM000992.png,basename
APTOS,MESSIDOR2,IM000998.jpg,0,0,0.9408221,0.02030683,0.022680052,0.009319247,0.0068717552,0.9408221,external_test,Normal,116.0,fixed_feather,42,C:\Users\USER\Desktop\Articulo\Datasets\MESSIDOR2\fixed_feather\r224\IM000998.png,basename
APTOS,MESSIDOR2,IM000999.jpg,0,0,0.83153135,0.034170788,0.07713265,0.029274922,0.027890237,0.83153135,external_test,Normal,114.0,fixed_feather,42,C:\Users\USER\Desktop\Articulo\Datasets\MESSIDOR2\fixed_feather\r224\IM000999.png,basename
APTOS,MESSIDOR2,IM001007.jpg,0,0,0.80898345,0.10924135,0.057997342,0.019316316,0.004461665,0.80898345,external_test,VeryDark,70.0,fixed_feather,42,C:\Users\USER\Desktop\Articulo\Datasets\MESSIDOR2\fixed_feather\r224\IM001007.png,basename
APTOS,MESSIDOR2,IM001008.jpg,0,0,0.86079603,0.0845361,0.03686836,0.014894725,0.002904757,0.86079603,external_test,VeryDark,75.0,fixed_feather,42,C:\Users\USER\Desktop\Articulo\Datasets\MESSIDOR2\fixed_feather\r224\IM001008.png,basename
APTOS,MESSIDOR2,IM001026.jpg,0,0,0.8826663,0.08426243,0.018381381,0.011184725,0.0035052607,0.8826663,external_test,Normal,126.0,fixed_feather,42,C:\Users\USER\Desktop\Articulo\Datasets\MESSIDOR2\fixed_feather\r224\IM001026.png,basename
APTOS,MESSIDOR2,IM001027.jpg,0,0,0.9041534,0.041484565,0.024387417,0.016552703,0.013421883,0.9041534,external_test,Normal,115.0,fixed_feather,42,C:\Users\USER\Desktop\Articulo\Datasets\MESSIDOR2\fixed_feather\r224\IM001027.png,basename
APTOS,MESSIDOR2,IM001033.jpg,1,0,0.8489084,0.09149728,0.04395052,0.013044498,0.002599363,0.8489084,external_test,VeryDark,84.0,fixed_feather,42,C:\Users\USER\Desktop\Articulo\Datasets\MESSIDOR2\fixed_feather\r224\IM001033.png,basename
APTOS,MESSIDOR2,IM001034.jpg,0,0,0.6550404,0.2029463,0.108198404,0.02552144,0.008293506,0.6550404,external_test,VeryDark,71.0,fixed_feather,42,C:\Users\USER\Desktop\Articulo\Datasets\MESSIDOR2\fixed_feather\r224\IM001034.png,basename
APTOS,MESSIDOR2,IM001088.jpg,2,0,0.85268676,0.07926784,0.017986773,0.046627253,0.0034314578,0.85268676,external_test,Dark,101.0,fixed_feather,42,C:\Users\USER\Desktop\Articulo\Datasets\MESSIDOR2\fixed_feather\r224\IM001088.png,basename
APTOS,MESSIDOR2,IM001089.jpg,0,0,0.7049791,0.19553849,0.06401381,0.015935497,0.019532999,0.7049791,external_test,Dark,95.0,fixed_feather,42,C:\Users\USER\Desktop\Articulo\Datasets\MESSIDOR2\fixed_feather\r224\IM001089.png,basename
APTOS,MESSIDOR2,IM001095.jpg,0,0,0.6849949,0.14289157,0.1417893,0.011326078,0.018998206,0.6849949,external_test,VeryDark,83.0,fixed_feather,42,C:\Users\USER\Desktop\Articulo\Datasets\MESSIDOR2\fixed_feather\r224\IM001095.png,basename
APTOS,MESSIDOR2,IM001096.jpg,0,0,0.7869422,0.18836857,0.014603379,0.0035695839,0.0065162536,0.7869422,external_test,ExtremelyDark,66.0,fixed_feather,42,C:\Users\USER\Desktop\Articulo\Datasets\MESSIDOR2\fixed_feather\r224\IM001096.png,basename
APTOS,MESSIDOR2,IM001102.jpg,0,0,0.9175488,0.04300372,0.011845691,0.026660595,0.0009411773,0.9175488,external_test,ExtremelyDark,68.0,fixed_feather,42,C:\Users\USER\Desktop\Articulo\Datasets\MESSIDOR2\fixed_feather\r224\IM001102.png,basename
APTOS,MESSIDOR2,IM001103.jpg,0,0,0.8974397,0.057740923,0.01676575,0.02546538,0.0025881284,0.8974397,external_test,ExtremelyDark,69.0,fixed_feather,42,C:\Users\USER\Desktop\Articulo\Datasets\MESSIDOR2\fixed_feather\r224\IM001103.png,basename
APTOS,MESSIDOR2,IM001109.jpg,0,0,0.8085594,0.12383394,0.047909703,0.01802625,0.0016707298,0.8085594,external_test,Dark,88.0,fixed_feather,42,C:\Users\USER\Desktop\Articulo\Datasets\MESSIDOR2\fixed_feather\r224\IM001109.png,basename
APTOS,MESSIDOR2,IM001110.jpg,1,0,0.9042167,0.06027216,0.012557229,0.02162465,0.0013293194,0.9042167,external_test,Dark,86.0,fixed_feather,42,C:\Users\USER\Desktop\Articulo\Datasets\MESSIDOR2\fixed_feather\r224\IM001110.png,basename
APTOS,MESSIDOR2,IM001116.jpg,0,0,0.89462626,0.053774986,0.018188162,0.026918916,0.0064916024,0.89462626,external_test,VeryDark,83.0,fixed_feather,42,C:\Users\USER\Desktop\Articulo\Datasets\MESSIDOR2\fixed_feather\r224\IM001116.png,basename
APTOS,MESSIDOR2,IM001117.jpg,0,0,0.65828824,0.21563634,0.09807754,0.022329208,0.0056687654,0.65828824,external_test,VeryDark,80.0,fixed_feather,42,C:\Users\USER\Desktop\Articulo\Datasets\MESSIDOR2\fixed_feather\r224\IM001117.png,basename
APTOS,MESSIDOR2,IM001123.jpg,0,0,0.8208323,0.14024761,0.022423351,0.012483623,0.0040130513,0.8208323,external_test,Dark,100.0,fixed_feather,42,C:\Users\USER\Desktop\Articulo\Datasets\MESSIDOR2\fixed_feather\r224\IM001123.png,basename
APTOS,MESSIDOR2,IM001124.jpg,0,0,0.4404233,0.33222684,0.14176704,0.07035597,0.015226913,0.4404233,external_test,Dark,93.0,fixed_feather,42,C:\Users\USER\Desktop\Articulo\Datasets\MESSIDOR2\fixed_feather\r224\IM001124.png,basename
APTOS,MESSIDOR2,IM001138.jpg,0,0,0.94938886,0.0073176445,0.012610981,0.028024057,0.0026584652,0.94938886,external_test,Normal,123.0,fixed_feather,42,C:\Users\USER\Desktop\Articulo\Datasets\MESSIDOR2\fixed_feather\r224\IM001138.png,basename
APTOS,MESSIDOR2,IM001139.jpg,0,0,0.77406317,0.16281259,0.018257858,0.03808245,0.006783911,0.77406317,external_test,Dark,97.0,fixed_feather,42,C:\Users\USER\Desktop\Articulo\Datasets\MESSIDOR2\fixed_feather\r224\IM001139.png,basename
APTOS,MESSIDOR2,IM001145.jpg,0,0,0.93173844,0.035530142,0.017920211,0.012320301,0.0024908932,0.93173844,external_test,Dark,103.0,fixed_feather,42,C:\Users\USER\Desktop\Articulo\Datasets\MESSIDOR2\fixed_feather\r224\IM001145.png,basename
APTOS,MESSIDOR2,IM001146.jpg,1,0,0.8045901,0.12901197,0.017265031,0.047731023,0.001401913,0.8045901,external_test,Dark,89.0,fixed_feather,42,C:\Users\USER\Desktop\Articulo\Datasets\MESSIDOR2\fixed_feather\r224\IM001146.png,basename
APTOS,MESSIDOR2,IM001152.jpg,0,0,0.9387293,0.049879063,0.0044537466,0.004514507,0.0024233798,0.9387293,external_test,Dark,86.0,fixed_feather,42,C:\Users\USER\Desktop\Articulo\Datasets\MESSIDOR2\fixed_feather\r224\IM001152.png,basename
APTOS,MESSIDOR2,IM001153.jpg,0,0,0.8311086,0.11403293,0.02695229,0.018023958,0.009882105,0.8311086,external_test,Dark,85.0,fixed_feather,42,C:\Users\USER\Desktop\Articulo\Datasets\MESSIDOR2\fixed_feather\r224\IM001153.png,basename
APTOS,MESSIDOR2,IM001160.jpg,0,0,0.8509847,0.06571648,0.06227812,0.015441795,0.0055789533,0.8509847,external_test,Dark,100.0,fixed_feather,42,C:\Users\USER\Desktop\Articulo\Datasets\MESSIDOR2\fixed_feather\r224\IM001160.png,basename
APTOS,MESSIDOR2,IM001161.jpg,0,0,0.80927086,0.118968435,0.055087056,0.011831163,0.00484248,0.80927086,external_test,Dark,99.0,fixed_feather,42,C:\Users\USER\Desktop\Articulo\Datasets\MESSIDOR2\fixed_feather\r224\IM001161.png,basename
APTOS,MESSIDOR2,IM001167.jpg,0,0,0.8978581,0.043010175,0.043484043,0.009374968,0.0062727863,0.8978581,external_test,Dark,97.0,fixed_feather,42,C:\Users\USER\Desktop\Articulo\Datasets\MESSIDOR2\fixed_feather\r224\IM001167.png,basename
APTOS,MESSIDOR2,IM001168.jpg,0,0,0.8067554,0.15243556,0.020018551,0.011993041,0.008797526,0.8067554,external_test,Dark,101.0,fixed_feather,42,C:\Users\USER\Desktop\Articulo\Datasets\MESSIDOR2\fixed_feather\r224\IM001168.png,basename
APTOS,MESSIDOR2,IM001174.jpg,0,0,0.9320747,0.04020116,0.0027879996,0.021878514,0.0030575455,0.9320747,external_test,Dark,85.0,fixed_feather,42,C:\Users\USER\Desktop\Articulo\Datasets\MESSIDOR2\fixed_feather\r224\IM001174.png,basename
APTOS,MESSIDOR2,IM001175.jpg,0,0,0.7790185,0.13053444,0.018889803,0.057846572,0.013710575,0.7790185,external_test,Dark,88.0,fixed_feather,42,C:\Users\USER\Desktop\Articulo\Datasets\MESSIDOR2\fixed_feather\r224\IM001175.png,basename
APTOS,MESSIDOR2,IM001181.jpg,0,0,0.79367876,0.10130568,0.05638076,0.042401213,0.0062335245,0.79367876,external_test,VeryDark,77.0,fixed_feather,42,C:\Users\USER\Desktop\Articulo\Datasets\MESSIDOR2\fixed_feather\r224\IM001181.png,basename
APTOS,MESSIDOR2,IM001185.jpg,0,0,0.8772475,0.07648736,0.02645748,0.011197654,0.008609957,0.8772475,external_test,VeryDark,74.0,fixed_feather,42,C:\Users\USER\Desktop\Articulo\Datasets\MESSIDOR2\fixed_feather\r224\IM001185.png,basename
APTOS,MESSIDOR2,IM001199.jpg,0,0,0.80785257,0.0856133,0.062250778,0.041026436,0.0032568583,0.80785257,external_test,Dark,105.0,fixed_feather,42,C:\Users\USER\Desktop\Articulo\Datasets\MESSIDOR2\fixed_feather\r224\IM001199.png,basename
APTOS,MESSIDOR2,IM001200.jpg,1,0,0.7015347,0.21059357,0.066399194,0.019742513,0.0017300602,0.7015347,external_test,Dark,97.0,fixed_feather,42,C:\Users\USER\Desktop\Articulo\Datasets\MESSIDOR2\fixed_feather\r224\IM001200.png,basename
APTOS,MESSIDOR2,IM001210.jpg,0,0,0.8930478,0.08263735,0.0067153764,0.016277753,0.0013216622,0.8930478,external_test,Dark,100.0,fixed_feather,42,C:\Users\USER\Desktop\Articulo\Datasets\MESSIDOR2\fixed_feather\r224\IM001210.png,basename
APTOS,MESSIDOR2,IM001211.jpg,0,0,0.6339614,0.23569255,0.10683121,0.013681106,0.009833811,0.6339614,external_test,VeryDark,77.0,fixed_feather,42,C:\Users\USER\Desktop\Articulo\Datasets\MESSIDOR2\fixed_feather\r224\IM001211.png,basename
APTOS,MESSIDOR2,IM001217.jpg,0,0,0.68524104,0.16134971,0.026521318,0.1149334,0.011954429,0.68524104,external_test,Dark,90.0,fixed_feather,42,C:\Users\USER\Desktop\Articulo\Datasets\MESSIDOR2\fixed_feather\r224\IM001217.png,basename
APTOS,MESSIDOR2,IM001218.jpg,1,0,0.8895422,0.060892917,0.026207574,0.01641929,0.006937996,0.8895422,external_test,Dark,99.0,fixed_feather,42,C:\Users\USER\Desktop\Articulo\Datasets\MESSIDOR2\fixed_feather\r224\IM001218.png,basename
APTOS,MESSIDOR2,IM001224.jpg,0,0,0.88135004,0.07222336,0.021004386,0.0218344,0.0035877808,0.88135004,external_test,Dark,96.0,fixed_feather,42,C:\Users\USER\Desktop\Articulo\Datasets\MESSIDOR2\fixed_feather\r224\IM001224.png,basename
APTOS,MESSIDOR2,IM001227.jpg,0,0,0.74436474,0.19881195,0.03400744,0.02143469,0.00138126,0.74436474,external_test,Dark,93.0,fixed_feather,42,C:\Users\USER\Desktop\Articulo\Datasets\MESSIDOR2\fixed_feather\r224\IM001227.png,basename
APTOS,MESSIDOR2,IM001231.jpg,2,0,0.6616321,0.15239668,0.13975587,0.020316564,0.025898747,0.6616321,external_test,Normal,113.0,fixed_feather,42,C:\Users\USER\Desktop\Articulo\Datasets\MESSIDOR2\fixed_feather\r224\IM001231.png,basename
APTOS,MESSIDOR2,IM001232.jpg,2,0,0.778296,0.13306409,0.04227913,0.014349053,0.03201166,0.778296,external_test,Normal,113.0,fixed_feather,42,C:\Users\USER\Desktop\Articulo\Datasets\MESSIDOR2\fixed_feather\r224\IM001232.png,basename
APTOS,MESSIDOR2,IM001245.jpg,2,0,0.880311,0.085486665,0.010022436,0.016542664,0.0076373406,0.880311,external_test,Normal,114.0,fixed_feather,42,C:\Users\USER\Desktop\Articulo\Datasets\MESSIDOR2\fixed_feather\r224\IM001245.png,basename
APTOS,MESSIDOR2,IM001246.jpg,0,0,0.6894285,0.21832497,0.070893414,0.019612672,0.0017404887,0.6894285,external_test,Dark,95.0,fixed_feather,42,C:\Users\USER\Desktop\Articulo\Datasets\MESSIDOR2\fixed_feather\r224\IM001246.png,basename
APTOS,MESSIDOR2,IM001252.jpg,0,0,0.8159865,0.10691069,0.037895832,0.028019179,0.011187771,0.8159865,external_test,Normal,114.0,fixed_feather,42,C:\Users\USER\Desktop\Articulo\Datasets\MESSIDOR2\fixed_feather\r224\IM001252.png,basename
APTOS,MESSIDOR2,IM001253.jpg,2,0,0.8496613,0.07471791,0.03056635,0.0430218,0.002032722,0.8496613,external_test,Normal,120.0,fixed_feather,42,C:\Users\USER\Desktop\Articulo\Datasets\MESSIDOR2\fixed_feather\r224\IM001253.png,basename
APTOS,MESSIDOR2,IM001272.jpg,0,0,0.91010076,0.04445329,0.03706132,0.00453337,0.0038512906,0.91010076,external_test,Dark,90.0,fixed_feather,42,C:\Users\USER\Desktop\Articulo\Datasets\MESSIDOR2\fixed_feather\r224\IM001272.png,basename
APTOS,MESSIDOR2,IM001273.jpg,0,0,0.72279984,0.088033855,0.16491058,0.0062636468,0.017992066,0.72279984,external_test,Dark,94.0,fixed_feather,42,C:\Users\USER\Desktop\Articulo\Datasets\MESSIDOR2\fixed_feather\r224\IM001273.png,basename
APTOS,MESSIDOR2,IM001293.jpg,0,0,0.72278106,0.14669152,0.08278424,0.044606656,0.0031364798,0.72278106,external_test,Dark,92.0,fixed_feather,42,C:\Users\USER\Desktop\Articulo\Datasets\MESSIDOR2\fixed_feather\r224\IM001293.png,basename
APTOS,MESSIDOR2,IM001294.jpg,0,0,0.7717044,0.12750947,0.055826586,0.040139005,0.0048205885,0.7717044,external_test,Dark,91.0,fixed_feather,42,C:\Users\USER\Desktop\Articulo\Datasets\MESSIDOR2\fixed_feather\r224\IM001294.png,basename
APTOS,MESSIDOR2,IM001300.jpg,0,0,0.9614654,0.018379662,0.0138405,0.0030605467,0.0032537838,0.9614654,external_test,Dark,98.0,fixed_feather,42,C:\Users\USER\Desktop\Articulo\Datasets\MESSIDOR2\fixed_feather\r224\IM001300.png,basename
APTOS,MESSIDOR2,IM001301.jpg,1,0,0.95159656,0.012578869,0.024550851,0.00838409,0.0028897785,0.95159656,external_test,VeryDark,80.0,fixed_feather,42,C:\Users\USER\Desktop\Articulo\Datasets\MESSIDOR2\fixed_feather\r224\IM001301.png,basename
APTOS,MESSIDOR2,IM001307.jpg,1,0,0.6266926,0.21581228,0.08449231,0.069904044,0.0030987605,0.6266926,external_test,Dark,85.0,fixed_feather,42,C:\Users\USER\Desktop\Articulo\Datasets\MESSIDOR2\fixed_feather\r224\IM001307.png,basename
APTOS,MESSIDOR2,IM001308.jpg,0,0,0.81121176,0.121381834,0.025740508,0.025009073,0.016656738,0.81121176,external_test,Dark,90.0,fixed_feather,42,C:\Users\USER\Desktop\Articulo\Datasets\MESSIDOR2\fixed_feather\r224\IM001308.png,basename
APTOS,MESSIDOR2,IM001321.jpg,0,0,0.8900069,0.05224844,0.022693334,0.024990823,0.010060412,0.8900069,external_test,Dark,98.0,fixed_feather,42,C:\Users\USER\Desktop\Articulo\Datasets\MESSIDOR2\fixed_feather\r224\IM001321.png,basename
APTOS,MESSIDOR2,IM001322.jpg,0,0,0.9544344,0.02789252,0.006085471,0.010831931,0.00075565075,0.9544344,external_test,Dark,102.0,fixed_feather,42,C:\Users\USER\Desktop\Articulo\Datasets\MESSIDOR2\fixed_feather\r224\IM001322.png,basename
APTOS,MESSIDOR2,IM001328.jpg,1,0,0.9148965,0.037522927,0.013201107,0.03340843,0.00097099796,0.9148965,external_test,Dark,87.0,fixed_feather,42,C:\Users\USER\Desktop\Articulo\Datasets\MESSIDOR2\fixed_feather\r224\IM001328.png,basename
APTOS,MESSIDOR2,IM001329.jpg,0,0,0.93107855,0.034086242,0.014600711,0.018883105,0.0013514889,0.93107855,external_test,Dark,93.0,fixed_feather,42,C:\Users\USER\Desktop\Articulo\Datasets\MESSIDOR2\fixed_feather\r224\IM001329.png,basename
APTOS,MESSIDOR2,IM001335.jpg,0,0,0.7450222,0.13842785,0.074673496,0.01263783,0.02923864,0.7450222,external_test,Dark,101.0,fixed_feather,42,C:\Users\USER\Desktop\Articulo\Datasets\MESSIDOR2\fixed_feather\r224\IM001335.png,basename
APTOS,MESSIDOR2,IM001336.jpg,0,0,0.88289094,0.0840646,0.0103694135,0.017180722,0.005494286,0.88289094,external_test,Dark,91.0,fixed_feather,42,C:\Users\USER\Desktop\Articulo\Datasets\MESSIDOR2\fixed_feather\r224\IM001336.png,basename
APTOS,MESSIDOR2,IM001357.jpg,0,0,0.8556179,0.08677964,0.007951871,0.047760513,0.0018901052,0.8556179,external_test,VeryDark,81.0,fixed_feather,42,C:\Users\USER\Desktop\Articulo\Datasets\MESSIDOR2\fixed_feather\r224\IM001357.png,basename
APTOS,MESSIDOR2,IM001358.jpg,1,0,0.71097726,0.1783435,0.016097555,0.09145716,0.003124464,0.71097726,external_test,VeryDark,77.0,fixed_feather,42,C:\Users\USER\Desktop\Articulo\Datasets\MESSIDOR2\fixed_feather\r224\IM001358.png,basename
APTOS,MESSIDOR2,IM001371.jpg,3,0,0.5741194,0.0670714,0.10320197,0.03127944,0.22432774,0.5741194,external_test,Bright,135.0,fixed_feather,42,C:\Users\USER\Desktop\Articulo\Datasets\MESSIDOR2\fixed_feather\r224\IM001371.png,basename
APTOS,MESSIDOR2,IM001372.jpg,3,0,0.6465775,0.14369236,0.08641577,0.048124935,0.075189516,0.6465775,external_test,Normal,126.0,fixed_feather,42,C:\Users\USER\Desktop\Articulo\Datasets\MESSIDOR2\fixed_feather\r224\IM001372.png,basename
APTOS,MESSIDOR2,IM001386.jpg,0,0,0.48709813,0.36881575,0.06668375,0.07458995,0.0028123541,0.48709813,external_test,VeryDark,84.0,fixed_feather,42,C:\Users\USER\Desktop\Articulo\Datasets\MESSIDOR2\fixed_feather\r224\IM001386.png,basename
APTOS,MESSIDOR2,IM001387.jpg,0,0,0.7238457,0.20394944,0.028505728,0.04028982,0.0034093533,0.7238457,external_test,Dark,86.0,fixed_feather,42,C:\Users\USER\Desktop\Articulo\Datasets\MESSIDOR2\fixed_feather\r224\IM001387.png,basename
APTOS,MESSIDOR2,IM001401.jpg,0,0,0.9262232,0.031769585,0.011239807,0.029094966,0.0016724694,0.9262232,external_test,Dark,104.0,fixed_feather,42,C:\Users\USER\Desktop\Articulo\Datasets\MESSIDOR2\fixed_feather\r224\IM001401.png,basename
APTOS,MESSIDOR2,IM001402.jpg,0,0,0.8800241,0.07411735,0.030436806,0.014874999,0.0005468074,0.8800241,external_test,Dark,95.0,fixed_feather,42,C:\Users\USER\Desktop\Articulo\Datasets\MESSIDOR2\fixed_feather\r224\IM001402.png,basename
APTOS,MESSIDOR2,IM001415.jpg,0,0,0.659528,0.2558452,0.050316274,0.028615935,0.005694581,0.659528,external_test,VeryDark,79.0,fixed_feather,42,C:\Users\USER\Desktop\Articulo\Datasets\MESSIDOR2\fixed_feather\r224\IM001415.png,basename
APTOS,MESSIDOR2,IM001416.jpg,0,0,0.7033589,0.21361974,0.055717252,0.0199198,0.0073843123,0.7033589,external_test,VeryDark,84.0,fixed_feather,42,C:\Users\USER\Desktop\Articulo\Datasets\MESSIDOR2\fixed_feather\r224\IM001416.png,basename
APTOS,MESSIDOR2,IM001422.jpg,0,0,0.7351272,0.036091905,0.049979348,0.17179555,0.007005945,0.7351272,external_test,Dark,86.0,fixed_feather,42,C:\Users\USER\Desktop\Articulo\Datasets\MESSIDOR2\fixed_feather\r224\IM001422.png,basename
APTOS,MESSIDOR2,IM001423.jpg,0,0,0.8218335,0.030097837,0.050302006,0.08054145,0.01722521,0.8218335,external_test,Dark,92.0,fixed_feather,42,C:\Users\USER\Desktop\Articulo\Datasets\MESSIDOR2\fixed_feather\r224\IM001423.png,basename
APTOS,MESSIDOR2,IM001439.jpg,1,0,0.5589771,0.29686186,0.10808635,0.02104443,0.015030278,0.5589771,external_test,VeryDark,83.0,fixed_feather,42,C:\Users\USER\Desktop\Articulo\Datasets\MESSIDOR2\fixed_feather\r224\IM001439.png,basename
APTOS,MESSIDOR2,IM001440.jpg,0,0,0.79825103,0.15031664,0.019964568,0.02118621,0.010281578,0.79825103,external_test,Dark,85.0,fixed_feather,42,C:\Users\USER\Desktop\Articulo\Datasets\MESSIDOR2\fixed_feather\r224\IM001440.png,basename
APTOS,MESSIDOR2,IM001453.jpg,0,0,0.93454856,0.03384416,0.005358685,0.02536275,0.00088578236,0.93454856,external_test,Dark,87.0,fixed_feather,42,C:\Users\USER\Desktop\Articulo\Datasets\MESSIDOR2\fixed_feather\r224\IM001453.png,basename
APTOS,MESSIDOR2,IM001454.jpg,0,0,0.91632867,0.035654444,0.026370289,0.019648556,0.0019980664,0.91632867,external_test,VeryDark,71.0,fixed_feather,42,C:\Users\USER\Desktop\Articulo\Datasets\MESSIDOR2\fixed_feather\r224\IM001454.png,basename
APTOS,MESSIDOR2,IM001460.jpg,0,0,0.7426485,0.1500728,0.0818375,0.019512126,0.0059291082,0.7426485,external_test,Dark,98.0,fixed_feather,42,C:\Users\USER\Desktop\Articulo\Datasets\MESSIDOR2\fixed_feather\r224\IM001460.png,basename
APTOS,MESSIDOR2,IM001461.jpg,0,0,0.92372704,0.041928656,0.014236835,0.019758295,0.00034926512,0.92372704,external_test,Dark,90.0,fixed_feather,42,C:\Users\USER\Desktop\Articulo\Datasets\MESSIDOR2\fixed_feather\r224\IM001461.png,basename
APTOS,MESSIDOR2,IM001467.jpg,0,0,0.9046867,0.054664355,0.021035418,0.016548613,0.0030649183,0.9046867,external_test,VeryDark,80.0,fixed_feather,42,C:\Users\USER\Desktop\Articulo\Datasets\MESSIDOR2\fixed_feather\r224\IM001467.png,basename
APTOS,MESSIDOR2,IM001468.jpg,0,0,0.93029547,0.049122058,0.012168885,0.0064416607,0.0019719189,0.93029547,external_test,Dark,93.0,fixed_feather,42,C:\Users\USER\Desktop\Articulo\Datasets\MESSIDOR2\fixed_feather\r224\IM001468.png,basename
APTOS,MESSIDOR2,IM001476.jpg,2,0,0.77548224,0.15059994,0.050290886,0.0152300475,0.008396737,0.77548224,external_test,Dark,95.0,fixed_feather,42,C:\Users\USER\Desktop\Articulo\Datasets\MESSIDOR2\fixed_feather\r224\IM001476.png,basename
APTOS,MESSIDOR2,IM001477.jpg,2,0,0.8189297,0.1393691,0.03184069,0.008724755,0.0011357594,0.8189297,external_test,VeryDark,77.0,fixed_feather,42,C:\Users\USER\Desktop\Articulo\Datasets\MESSIDOR2\fixed_feather\r224\IM001477.png,basename
APTOS,MESSIDOR2,IM001483.jpg,0,0,0.89611924,0.06261677,0.013079349,0.027427496,0.0007571685,0.89611924,external_test,Dark,100.0,fixed_feather,42,C:\Users\USER\Desktop\Articulo\Datasets\MESSIDOR2\fixed_feather\r224\IM001483.png,basename
APTOS,MESSIDOR2,IM001484.jpg,0,0,0.7344301,0.14311911,0.045166712,0.07293979,0.0043443237,0.7344301,external_test,Dark,98.0,fixed_feather,42,C:\Users\USER\Desktop\Articulo\Datasets\MESSIDOR2\fixed_feather\r224\IM001484.png,basename
APTOS,MESSIDOR2,IM001490.jpg,0,0,0.88104516,0.07463708,0.023313027,0.01727042,0.0037342745,0.88104516,external_test,Dark,97.0,fixed_feather,42,C:\Users\USER\Desktop\Articulo\Datasets\MESSIDOR2\fixed_feather\r224\IM001490.png,basename
APTOS,MESSIDOR2,IM001492.jpg,0,0,0.8268845,0.114898615,0.033711806,0.009439396,0.015065581,0.8268845,external_test,Dark,95.0,fixed_feather,42,C:\Users\USER\Desktop\Articulo\Datasets\MESSIDOR2\fixed_feather\r224\IM001492.png,basename
APTOS,MESSIDOR2,IM001513.jpg,0,0,0.94643646,0.035221696,0.006895828,0.009138694,0.0023072418,0.94643646,external_test,Dark,104.0,fixed_feather,42,C:\Users\USER\Desktop\Articulo\Datasets\MESSIDOR2\fixed_feather\r224\IM001513.png,basename
APTOS,MESSIDOR2,IM001514.jpg,0,0,0.8507068,0.11645476,0.023403319,0.007969502,0.0014656656,0.8507068,external_test,VeryDark,81.0,fixed_feather,42,C:\Users\USER\Desktop\Articulo\Datasets\MESSIDOR2\fixed_feather\r224\IM001514.png,basename
APTOS,MESSIDOR2,IM001539.jpg,0,0,0.813346,0.09344238,0.036049273,0.044685245,0.012477122,0.813346,external_test,ExtremelyDark,53.0,fixed_feather,42,C:\Users\USER\Desktop\Articulo\Datasets\MESSIDOR2\fixed_feather\r224\IM001539.png,basename
APTOS,MESSIDOR2,IM001540.jpg,0,0,0.8933244,0.06139501,0.013575628,0.019563535,0.012141386,0.8933244,external_test,ExtremelyDark,61.0,fixed_feather,42,C:\Users\USER\Desktop\Articulo\Datasets\MESSIDOR2\fixed_feather\r224\IM001540.png,basename
APTOS,MESSIDOR2,IM001559.jpg,0,0,0.8308442,0.11356459,0.019927207,0.034598045,0.0010659631,0.8308442,external_test,Dark,92.0,fixed_feather,42,C:\Users\USER\Desktop\Articulo\Datasets\MESSIDOR2\fixed_feather\r224\IM001559.png,basename
APTOS,MESSIDOR2,IM001560.jpg,0,0,0.82299024,0.13621345,0.026588758,0.010747286,0.0034603116,0.82299024,external_test,Dark,99.0,fixed_feather,42,C:\Users\USER\Desktop\Articulo\Datasets\MESSIDOR2\fixed_feather\r224\IM001560.png,basename
APTOS,MESSIDOR2,IM001581.jpg,0,0,0.85544115,0.09386994,0.033431057,0.010127486,0.007130399,0.85544115,external_test,VeryDark,79.0,fixed_feather,42,C:\Users\USER\Desktop\Articulo\Datasets\MESSIDOR2\fixed_feather\r224\IM001581.png,basename
APTOS,MESSIDOR2,IM001582.jpg,0,0,0.882623,0.08858637,0.018104572,0.0068138023,0.0038721913,0.882623,external_test,Dark,96.0,fixed_feather,42,C:\Users\USER\Desktop\Articulo\Datasets\MESSIDOR2\fixed_feather\r224\IM001582.png,basename
APTOS,MESSIDOR2,IM001596.jpg,0,0,0.8981328,0.051533867,0.026670098,0.018784722,0.004878548,0.8981328,external_test,Normal,126.0,fixed_feather,42,C:\Users\USER\Desktop\Articulo\Datasets\MESSIDOR2\fixed_feather\r224\IM001596.png,basename
APTOS,MESSIDOR2,IM001597.jpg,0,0,0.7495389,0.141206,0.085759915,0.01966861,0.0038266238,0.7495389,external_test,Normal,115.0,fixed_feather,42,C:\Users\USER\Desktop\Articulo\Datasets\MESSIDOR2\fixed_feather\r224\IM001597.png,basename
APTOS,MESSIDOR2,IM001617.jpg,2,0,0.70609015,0.19015537,0.04285696,0.045826614,0.0150709,0.70609015,external_test,Dark,97.0,fixed_feather,42,C:\Users\USER\Desktop\Articulo\Datasets\MESSIDOR2\fixed_feather\r224\IM001617.png,basename
APTOS,MESSIDOR2,IM001618.jpg,2,0,0.77859765,0.10995649,0.090890445,0.019566499,0.0009889468,0.77859765,external_test,Dark,85.0,fixed_feather,42,C:\Users\USER\Desktop\Articulo\Datasets\MESSIDOR2\fixed_feather\r224\IM001618.png,basename
APTOS,MESSIDOR2,IM001629.jpg,0,0,0.915568,0.057388414,0.013611772,0.010968289,0.002463379,0.915568,external_test,Dark,92.0,fixed_feather,42,C:\Users\USER\Desktop\Articulo\Datasets\MESSIDOR2\fixed_feather\r224\IM001629.png,basename
APTOS,MESSIDOR2,IM001630.jpg,0,0,0.84047663,0.1095178,0.033543028,0.010960171,0.0055025,0.84047663,external_test,Dark,88.0,fixed_feather,42,C:\Users\USER\Desktop\Articulo\Datasets\MESSIDOR2\fixed_feather\r224\IM001630.png,basename
APTOS,MESSIDOR2,IM001636.jpg,0,0,0.88027805,0.07002175,0.014964818,0.031910922,0.0028244657,0.88027805,external_test,VeryDark,84.0,fixed_feather,42,C:\Users\USER\Desktop\Articulo\Datasets\MESSIDOR2\fixed_feather\r224\IM001636.png,basename
APTOS,MESSIDOR2,IM001637.jpg,0,0,0.94628274,0.027947731,0.0036938179,0.021037215,0.0010385119,0.94628274,external_test,ExtremelyDark,69.0,fixed_feather,42,C:\Users\USER\Desktop\Articulo\Datasets\MESSIDOR2\fixed_feather\r224\IM001637.png,basename
APTOS,MESSIDOR2,IM001643.jpg,1,0,0.7724841,0.11113962,0.07781948,0.03215907,0.006397803,0.7724841,external_test,VeryDark,78.0,fixed_feather,42,C:\Users\USER\Desktop\Articulo\Datasets\MESSIDOR2\fixed_feather\r224\IM001643.png,basename
APTOS,MESSIDOR2,IM001644.jpg,2,2,0.17073679,0.15642671,0.5589438,0.09202565,0.021866968,0.5589438,external_test,VeryDark,74.0,fixed_feather,42,C:\Users\USER\Desktop\Articulo\Datasets\MESSIDOR2\fixed_feather\r224\IM001644.png,basename
APTOS,MESSIDOR2,IM001666.jpg,0,0,0.8813675,0.07021088,0.022427652,0.023474144,0.0025199573,0.8813675,external_test,Dark,94.0,fixed_feather,42,C:\Users\USER\Desktop\Articulo\Datasets\MESSIDOR2\fixed_feather\r224\IM001666.png,basename
APTOS,MESSIDOR2,IM001667.jpg,0,0,0.71983266,0.18295467,0.046410203,0.03704167,0.013760806,0.71983266,external_test,Dark,95.0,fixed_feather,42,C:\Users\USER\Desktop\Articulo\Datasets\MESSIDOR2\fixed_feather\r224\IM001667.png,basename
APTOS,MESSIDOR2,IM001673.jpg,0,0,0.62541044,0.08334327,0.08049051,0.12858447,0.08217141,0.62541044,external_test,VeryDark,77.0,fixed_feather,42,C:\Users\USER\Desktop\Articulo\Datasets\MESSIDOR2\fixed_feather\r224\IM001673.png,basename
APTOS,MESSIDOR2,IM001674.jpg,0,0,0.8097806,0.1340404,0.040337775,0.014865121,0.0009760456,0.8097806,external_test,VeryDark,74.0,fixed_feather,42,C:\Users\USER\Desktop\Articulo\Datasets\MESSIDOR2\fixed_feather\r224\IM001674.png,basename
APTOS,MESSIDOR2,IM001680.jpg,2,0,0.6337969,0.2581104,0.079431064,0.024048226,0.004613462,0.6337969,external_test,Dark,102.0,fixed_feather,42,C:\Users\USER\Desktop\Articulo\Datasets\MESSIDOR2\fixed_feather\r224\IM001680.png,basename
APTOS,MESSIDOR2,IM001681.jpg,1,0,0.86946774,0.06805363,0.02948611,0.026660966,0.0063316044,0.86946774,external_test,Dark,98.0,fixed_feather,42,C:\Users\USER\Desktop\Articulo\Datasets\MESSIDOR2\fixed_feather\r224\IM001681.png,basename
APTOS,MESSIDOR2,IM001687.jpg,0,0,0.9420615,0.037336644,0.010681345,0.005785439,0.0041350555,0.9420615,external_test,Normal,112.0,fixed_feather,42,C:\Users\USER\Desktop\Articulo\Datasets\MESSIDOR2\fixed_feather\r224\IM001687.png,basename
APTOS,MESSIDOR2,IM001688.jpg,0,0,0.91819507,0.03313892,0.040268775,0.0070458925,0.0013514108,0.91819507,external_test,Normal,111.0,fixed_feather,42,C:\Users\USER\Desktop\Articulo\Datasets\MESSIDOR2\fixed_feather\r224\IM001688.png,basename
APTOS,MESSIDOR2,IM001701.jpg,0,0,0.97318065,0.008307317,0.005855704,0.011512925,0.0011433822,0.97318065,external_test,ExtremelyDark,69.0,fixed_feather,42,C:\Users\USER\Desktop\Articulo\Datasets\MESSIDOR2\fixed_feather\r224\IM001701.png,basename
APTOS,MESSIDOR2,IM001702.jpg,0,0,0.9737554,0.010038837,0.0078765685,0.0062868516,0.0020422938,0.9737554,external_test,ExtremelyDark,67.0,fixed_feather,42,C:\Users\USER\Desktop\Articulo\Datasets\MESSIDOR2\fixed_feather\r224\IM001702.png,basename
APTOS,MESSIDOR2,IM001737.jpg,0,0,0.86437106,0.063169815,0.0034782882,0.06870091,0.00027992856,0.86437106,external_test,VeryDark,80.0,fixed_feather,42,C:\Users\USER\Desktop\Articulo\Datasets\MESSIDOR2\fixed_feather\r224\IM001737.png,basename
APTOS,MESSIDOR2,IM001738.jpg,0,0,0.93008906,0.038306314,0.004709458,0.02675796,0.00013724473,0.93008906,external_test,Dark,85.0,fixed_feather,42,C:\Users\USER\Desktop\Articulo\Datasets\MESSIDOR2\fixed_feather\r224\IM001738.png,basename
APTOS,MESSIDOR2,IM001744.jpg,0,0,0.88387954,0.069833495,0.038835254,0.006040758,0.0014109107,0.88387954,external_test,Dark,87.0,fixed_feather,42,C:\Users\USER\Desktop\Articulo\Datasets\MESSIDOR2\fixed_feather\r224\IM001744.png,basename
APTOS,MESSIDOR2,IM001745.jpg,0,0,0.5453932,0.32021204,0.10342578,0.02851371,0.0024552094,0.5453932,external_test,ExtremelyDark,68.0,fixed_feather,42,C:\Users\USER\Desktop\Articulo\Datasets\MESSIDOR2\fixed_feather\r224\IM001745.png,basename
APTOS,MESSIDOR2,IM001751.jpg,4,4,0.24986248,0.0021624274,0.008061839,0.3059087,0.43400455,0.43400455,external_test,Normal,109.0,fixed_feather,42,C:\Users\USER\Desktop\Articulo\Datasets\MESSIDOR2\fixed_feather\r224\IM001751.png,basename
APTOS,MESSIDOR2,IM001752.jpg,4,4,0.28622356,0.013339457,0.051878437,0.050842687,0.5977159,0.5977159,external_test,Normal,122.0,fixed_feather,42,C:\Users\USER\Desktop\Articulo\Datasets\MESSIDOR2\fixed_feather\r224\IM001752.png,basename
APTOS,MESSIDOR2,IM001758.jpg,0,0,0.76331496,0.13921711,0.031737305,0.03231971,0.03341093,0.76331496,external_test,Dark,93.0,fixed_feather,42,C:\Users\USER\Desktop\Articulo\Datasets\MESSIDOR2\fixed_feather\r224\IM001758.png,basename
APTOS,MESSIDOR2,IM001759.jpg,0,0,0.7926453,0.13382806,0.027462281,0.039930522,0.006133777,0.7926453,external_test,Dark,93.0,fixed_feather,42,C:\Users\USER\Desktop\Articulo\Datasets\MESSIDOR2\fixed_feather\r224\IM001759.png,basename
APTOS,MESSIDOR2,IM001765.jpg,0,0,0.94743484,0.035217583,0.0032173253,0.0128113115,0.0013189955,0.94743484,external_test,VeryDark,82.0,fixed_feather,42,C:\Users\USER\Desktop\Articulo\Datasets\MESSIDOR2\fixed_feather\r224\IM001765.png,basename
APTOS,MESSIDOR2,IM001766.jpg,0,0,0.8942852,0.051938847,0.022747254,0.009549172,0.021479368,0.8942852,external_test,VeryDark,78.0,fixed_feather,42,C:\Users\USER\Desktop\Articulo\Datasets\MESSIDOR2\fixed_feather\r224\IM001766.png,basename
APTOS,MESSIDOR2,IM001797.jpg,0,0,0.63816226,0.22148423,0.06875495,0.06777794,0.003820724,0.63816226,external_test,Dark,86.0,fixed_feather,42,C:\Users\USER\Desktop\Articulo\Datasets\MESSIDOR2\fixed_feather\r224\IM001797.png,basename
APTOS,MESSIDOR2,IM001798.jpg,0,0,0.76802945,0.16135173,0.037920043,0.018400867,0.014297836,0.76802945,external_test,VeryDark,72.0,fixed_feather,42,C:\Users\USER\Desktop\Articulo\Datasets\MESSIDOR2\fixed_feather\r224\IM001798.png,basename
APTOS,MESSIDOR2,IM001804.jpg,0,0,0.929059,0.044090282,0.008556971,0.004607612,0.013686028,0.929059,external_test,Dark,107.0,fixed_feather,42,C:\Users\USER\Desktop\Articulo\Datasets\MESSIDOR2\fixed_feather\r224\IM001804.png,basename
APTOS,MESSIDOR2,IM001805.jpg,1,0,0.88594234,0.07749763,0.027415745,0.008076846,0.0010674199,0.88594234,external_test,Dark,99.0,fixed_feather,42,C:\Users\USER\Desktop\Articulo\Datasets\MESSIDOR2\fixed_feather\r224\IM001805.png,basename
APTOS,MESSIDOR2,IM001831.jpg,0,0,0.86129344,0.054584455,0.021522952,0.042752307,0.01984681,0.86129344,external_test,VeryDark,71.0,fixed_feather,42,C:\Users\USER\Desktop\Articulo\Datasets\MESSIDOR2\fixed_feather\r224\IM001831.png,basename
APTOS,MESSIDOR2,IM001832.jpg,0,0,0.8437096,0.10174744,0.03124525,0.009977273,0.01332048,0.8437096,external_test,VeryDark,77.0,fixed_feather,42,C:\Users\USER\Desktop\Articulo\Datasets\MESSIDOR2\fixed_feather\r224\IM001832.png,basename
APTOS,MESSIDOR2,IM001845.jpg,0,0,0.88890266,0.08281709,0.018509634,0.0034063612,0.0063643036,0.88890266,external_test,VeryDark,81.0,fixed_feather,42,C:\Users\USER\Desktop\Articulo\Datasets\MESSIDOR2\fixed_feather\r224\IM001845.png,basename
APTOS,MESSIDOR2,IM001846.jpg,0,0,0.71999234,0.1912012,0.043415233,0.017156025,0.028235251,0.71999234,external_test,VeryDark,70.0,fixed_feather,42,C:\Users\USER\Desktop\Articulo\Datasets\MESSIDOR2\fixed_feather\r224\IM001846.png,basename
APTOS,MESSIDOR2,IM001853.jpg,0,0,0.7445879,0.1622809,0.057465896,0.013595543,0.022069743,0.7445879,external_test,Dark,100.0,fixed_feather,42,C:\Users\USER\Desktop\Articulo\Datasets\MESSIDOR2\fixed_feather\r224\IM001853.png,basename
APTOS,MESSIDOR2,IM001854.jpg,0,0,0.87554914,0.0775781,0.02539945,0.0092152385,0.012258169,0.87554914,external_test,Dark,101.0,fixed_feather,42,C:\Users\USER\Desktop\Articulo\Datasets\MESSIDOR2\fixed_feather\r224\IM001854.png,basename
APTOS,MESSIDOR2,IM001866.jpg,2,0,0.9082277,0.0533442,0.010659662,0.026485318,0.0012830745,0.9082277,external_test,Dark,86.0,fixed_feather,42,C:\Users\USER\Desktop\Articulo\Datasets\MESSIDOR2\fixed_feather\r224\IM001866.png,basename
APTOS,MESSIDOR2,IM001867.jpg,2,0,0.8963045,0.04109796,0.03275183,0.026353259,0.0034923824,0.8963045,external_test,VeryDark,82.0,fixed_feather,42,C:\Users\USER\Desktop\Articulo\Datasets\MESSIDOR2\fixed_feather\r224\IM001867.png,basename
APTOS,MESSIDOR2,IM001880.jpg,1,0,0.88266164,0.06326566,0.016189964,0.03468097,0.003201716,0.88266164,external_test,VeryDark,79.0,fixed_feather,42,C:\Users\USER\Desktop\Articulo\Datasets\MESSIDOR2\fixed_feather\r224\IM001880.png,basename
APTOS,MESSIDOR2,IM001881.jpg,2,0,0.9375877,0.039477553,0.0069915587,0.013928687,0.0020144782,0.9375877,external_test,VeryDark,74.0,fixed_feather,42,C:\Users\USER\Desktop\Articulo\Datasets\MESSIDOR2\fixed_feather\r224\IM001881.png,basename
APTOS,MESSIDOR2,IM001911.jpg,0,0,0.84892267,0.10235719,0.0168732,0.030572707,0.0012743399,0.84892267,external_test,Dark,86.0,fixed_feather,42,C:\Users\USER\Desktop\Articulo\Datasets\MESSIDOR2\fixed_feather\r224\IM001911.png,basename
APTOS,MESSIDOR2,IM001912.jpg,0,0,0.897966,0.038928475,0.010363492,0.047011983,0.0057299095,0.897966,external_test,Dark,85.0,fixed_feather,42,C:\Users\USER\Desktop\Articulo\Datasets\MESSIDOR2\fixed_feather\r224\IM001912.png,basename
APTOS,MESSIDOR2,IM001926.jpg,1,0,0.7307051,0.1711615,0.03732578,0.04082013,0.019987492,0.7307051,external_test,Normal,109.0,fixed_feather,42,C:\Users\USER\Desktop\Articulo\Datasets\MESSIDOR2\fixed_feather\r224\IM001926.png,basename
APTOS,MESSIDOR2,IM001927.jpg,1,0,0.79152924,0.10153107,0.046108317,0.050232414,0.010598925,0.79152924,external_test,Dark,107.0,fixed_feather,42,C:\Users\USER\Desktop\Articulo\Datasets\MESSIDOR2\fixed_feather\r224\IM001927.png,basename
APTOS,MESSIDOR2,IM001941.jpg,4,0,0.545634,0.098378114,0.038244657,0.022823848,0.29491937,0.545634,external_test,VeryDark,80.0,fixed_feather,42,C:\Users\USER\Desktop\Articulo\Datasets\MESSIDOR2\fixed_feather\r224\IM001941.png,basename
APTOS,MESSIDOR2,IM001942.jpg,4,0,0.4428431,0.17874041,0.19466709,0.012809377,0.17094003,0.4428431,external_test,Dark,88.0,fixed_feather,42,C:\Users\USER\Desktop\Articulo\Datasets\MESSIDOR2\fixed_feather\r224\IM001942.png,basename
APTOS,MESSIDOR2,IM001948.jpg,0,0,0.75282043,0.13042311,0.034071546,0.0781985,0.0044863126,0.75282043,external_test,ExtremelyDark,67.0,fixed_feather,42,C:\Users\USER\Desktop\Articulo\Datasets\MESSIDOR2\fixed_feather\r224\IM001948.png,basename
APTOS,MESSIDOR2,IM001950.jpg,0,0,0.8188839,0.052806564,0.023515088,0.098153554,0.006640978,0.8188839,external_test,VeryDark,76.0,fixed_feather,42,C:\Users\USER\Desktop\Articulo\Datasets\MESSIDOR2\fixed_feather\r224\IM001950.png,basename
APTOS,MESSIDOR2,IM001964.jpg,1,0,0.6764837,0.123329215,0.11338504,0.069229506,0.017572531,0.6764837,external_test,Normal,118.0,fixed_feather,42,C:\Users\USER\Desktop\Articulo\Datasets\MESSIDOR2\fixed_feather\r224\IM001964.png,basename
APTOS,MESSIDOR2,IM001965.jpg,0,0,0.8572268,0.08137433,0.04209058,0.0067787543,0.012529502,0.8572268,external_test,Normal,112.0,fixed_feather,42,C:\Users\USER\Desktop\Articulo\Datasets\MESSIDOR2\fixed_feather\r224\IM001965.png,basename
APTOS,MESSIDOR2,IM001984.jpg,0,0,0.92390513,0.04854937,0.01621316,0.009859631,0.0014725565,0.92390513,external_test,Dark,100.0,fixed_feather,42,C:\Users\USER\Desktop\Articulo\Datasets\MESSIDOR2\fixed_feather\r224\IM001984.png,basename
APTOS,MESSIDOR2,IM001985.jpg,0,0,0.92574596,0.048986714,0.011530172,0.011707151,0.0020299996,0.92574596,external_test,Dark,92.0,fixed_feather,42,C:\Users\USER\Desktop\Articulo\Datasets\MESSIDOR2\fixed_feather\r224\IM001985.png,basename
APTOS,MESSIDOR2,IM002003.jpg,0,0,0.8176919,0.10177924,0.033775557,0.0400375,0.0067157852,0.8176919,external_test,Dark,92.0,fixed_feather,42,C:\Users\USER\Desktop\Articulo\Datasets\MESSIDOR2\fixed_feather\r224\IM002003.png,basename
APTOS,MESSIDOR2,IM002004.jpg,0,0,0.9235374,0.05251748,0.009947054,0.013300458,0.00069765525,0.9235374,external_test,Dark,95.0,fixed_feather,42,C:\Users\USER\Desktop\Articulo\Datasets\MESSIDOR2\fixed_feather\r224\IM002004.png,basename
APTOS,MESSIDOR2,IM002019.jpg,0,0,0.95730215,0.027006233,0.003711242,0.010020679,0.0019596992,0.95730215,external_test,Dark,96.0,fixed_feather,42,C:\Users\USER\Desktop\Articulo\Datasets\MESSIDOR2\fixed_feather\r224\IM002019.png,basename
APTOS,MESSIDOR2,IM002020.jpg,0,0,0.89787424,0.06867511,0.019096231,0.012391573,0.0019628664,0.89787424,external_test,VeryDark,75.0,fixed_feather,42,C:\Users\USER\Desktop\Articulo\Datasets\MESSIDOR2\fixed_feather\r224\IM002020.png,basename
APTOS,MESSIDOR2,IM002026.jpg,0,0,0.86465126,0.094232075,0.018152205,0.015316928,0.007647451,0.86465126,external_test,Normal,110.0,fixed_feather,42,C:\Users\USER\Desktop\Articulo\Datasets\MESSIDOR2\fixed_feather\r224\IM002026.png,basename
APTOS,MESSIDOR2,IM002027.jpg,0,0,0.8837292,0.08232416,0.023836726,0.0046952073,0.005414739,0.8837292,external_test,Normal,117.0,fixed_feather,42,C:\Users\USER\Desktop\Articulo\Datasets\MESSIDOR2\fixed_feather\r224\IM002027.png,basename
APTOS,MESSIDOR2,IM002033.jpg,1,0,0.828963,0.06407541,0.08100016,0.016933473,0.009027863,0.828963,external_test,Normal,127.0,fixed_feather,42,C:\Users\USER\Desktop\Articulo\Datasets\MESSIDOR2\fixed_feather\r224\IM002033.png,basename
APTOS,MESSIDOR2,IM002034.jpg,0,0,0.78051,0.16928531,0.025632827,0.014015885,0.010556075,0.78051,external_test,Normal,110.0,fixed_feather,42,C:\Users\USER\Desktop\Articulo\Datasets\MESSIDOR2\fixed_feather\r224\IM002034.png,basename
APTOS,MESSIDOR2,IM002052.jpg,0,0,0.93872225,0.047372323,0.0052687004,0.006807199,0.0018296376,0.93872225,external_test,Dark,97.0,fixed_feather,42,C:\Users\USER\Desktop\Articulo\Datasets\MESSIDOR2\fixed_feather\r224\IM002052.png,basename
APTOS,MESSIDOR2,IM002053.jpg,0,0,0.76917505,0.19246365,0.016683124,0.018054185,0.003623885,0.76917505,external_test,VeryDark,83.0,fixed_feather,42,C:\Users\USER\Desktop\Articulo\Datasets\MESSIDOR2\fixed_feather\r224\IM002053.png,basename
APTOS,MESSIDOR2,IM002070.jpg,0,0,0.9054152,0.022345861,0.051597197,0.0073216613,0.0133201545,0.9054152,external_test,Dark,91.0,fixed_feather,42,C:\Users\USER\Desktop\Articulo\Datasets\MESSIDOR2\fixed_feather\r224\IM002070.png,basename
APTOS,MESSIDOR2,IM002071.jpg,0,0,0.91262776,0.049573965,0.009291459,0.013798416,0.014708452,0.91262776,external_test,VeryDark,84.0,fixed_feather,42,C:\Users\USER\Desktop\Articulo\Datasets\MESSIDOR2\fixed_feather\r224\IM002071.png,basename
APTOS,MESSIDOR2,IM002134.jpg,0,0,0.8539119,0.088709116,0.021588238,0.0107611995,0.025029674,0.8539119,external_test,VeryDark,83.0,fixed_feather,42,C:\Users\USER\Desktop\Articulo\Datasets\MESSIDOR2\fixed_feather\r224\IM002134.png,basename
APTOS,MESSIDOR2,IM002135.jpg,0,0,0.7640612,0.07963244,0.03249026,0.10616964,0.01764644,0.7640612,external_test,ExtremelyDark,68.0,fixed_feather,42,C:\Users\USER\Desktop\Articulo\Datasets\MESSIDOR2\fixed_feather\r224\IM002135.png,basename
APTOS,MESSIDOR2,IM002148.jpg,1,0,0.65819526,0.14951698,0.0778183,0.07300453,0.041464984,0.65819526,external_test,Dark,106.0,fixed_feather,42,C:\Users\USER\Desktop\Articulo\Datasets\MESSIDOR2\fixed_feather\r224\IM002148.png,basename
APTOS,MESSIDOR2,IM002149.jpg,0,0,0.8723627,0.07590937,0.02556504,0.0098887505,0.016274204,0.8723627,external_test,Dark,105.0,fixed_feather,42,C:\Users\USER\Desktop\Articulo\Datasets\MESSIDOR2\fixed_feather\r224\IM002149.png,basename
APTOS,MESSIDOR2,IM002156.jpg,0,0,0.5119759,0.08987416,0.25973326,0.029841216,0.10857547,0.5119759,external_test,Dark,102.0,fixed_feather,42,C:\Users\USER\Desktop\Articulo\Datasets\MESSIDOR2\fixed_feather\r224\IM002156.png,basename
APTOS,MESSIDOR2,IM002157.jpg,0,0,0.48888445,0.44747165,0.03160965,0.028368013,0.0036662747,0.48888445,external_test,Dark,87.0,fixed_feather,42,C:\Users\USER\Desktop\Articulo\Datasets\MESSIDOR2\fixed_feather\r224\IM002157.png,basename
APTOS,MESSIDOR2,IM002201.jpg,0,0,0.93285024,0.038238503,0.02526198,0.0019093641,0.0017398765,0.93285024,external_test,Normal,123.0,fixed_feather,42,C:\Users\USER\Desktop\Articulo\Datasets\MESSIDOR2\fixed_feather\r224\IM002201.png,basename
APTOS,MESSIDOR2,IM002202.jpg,0,0,0.881183,0.07283818,0.016753325,0.005673491,0.023552023,0.881183,external_test,Dark,85.0,fixed_feather,42,C:\Users\USER\Desktop\Articulo\Datasets\MESSIDOR2\fixed_feather\r224\IM002202.png,basename
APTOS,MESSIDOR2,IM002208.jpg,0,0,0.84479904,0.09183288,0.040147234,0.022170609,0.0010502139,0.84479904,external_test,Dark,99.0,fixed_feather,42,C:\Users\USER\Desktop\Articulo\Datasets\MESSIDOR2\fixed_feather\r224\IM002208.png,basename
APTOS,MESSIDOR2,IM002209.jpg,0,0,0.8206481,0.111427724,0.041546308,0.023025243,0.0033526914,0.8206481,external_test,Dark,108.0,fixed_feather,42,C:\Users\USER\Desktop\Articulo\Datasets\MESSIDOR2\fixed_feather\r224\IM002209.png,basename
APTOS,MESSIDOR2,IM002215.jpg,0,0,0.91920865,0.06537131,0.0078051994,0.0068283402,0.0007865178,0.91920865,external_test,Dark,107.0,fixed_feather,42,C:\Users\USER\Desktop\Articulo\Datasets\MESSIDOR2\fixed_feather\r224\IM002215.png,basename
APTOS,MESSIDOR2,IM002216.jpg,0,0,0.79906845,0.08579605,0.02335747,0.047352,0.044426,0.79906845,external_test,VeryDark,75.0,fixed_feather,42,C:\Users\USER\Desktop\Articulo\Datasets\MESSIDOR2\fixed_feather\r224\IM002216.png,basename
APTOS,MESSIDOR2,IM002222.jpg,0,0,0.8059103,0.119395554,0.024333308,0.03990298,0.010457822,0.8059103,external_test,Dark,89.0,fixed_feather,42,C:\Users\USER\Desktop\Articulo\Datasets\MESSIDOR2\fixed_feather\r224\IM002222.png,basename
APTOS,MESSIDOR2,IM002223.jpg,0,0,0.8643402,0.09673566,0.008165337,0.029194517,0.0015644544,0.8643402,external_test,Dark,90.0,fixed_feather,42,C:\Users\USER\Desktop\Articulo\Datasets\MESSIDOR2\fixed_feather\r224\IM002223.png,basename
APTOS,MESSIDOR2,IM002251.jpg,0,0,0.8919944,0.07652415,0.02060514,0.0074919295,0.0033843613,0.8919944,external_test,Dark,86.0,fixed_feather,42,C:\Users\USER\Desktop\Articulo\Datasets\MESSIDOR2\fixed_feather\r224\IM002251.png,basename
APTOS,MESSIDOR2,IM002252.jpg,1,0,0.9355034,0.034574647,0.011876629,0.014131588,0.003913739,0.9355034,external_test,Dark,85.0,fixed_feather,42,C:\Users\USER\Desktop\Articulo\Datasets\MESSIDOR2\fixed_feather\r224\IM002252.png,basename
APTOS,MESSIDOR2,IM002268.jpg,2,0,0.67476445,0.04035467,0.059835326,0.21545023,0.009595372,0.67476445,external_test,Normal,112.0,fixed_feather,42,C:\Users\USER\Desktop\Articulo\Datasets\MESSIDOR2\fixed_feather\r224\IM002268.png,basename
APTOS,MESSIDOR2,IM002269.jpg,3,0,0.5131092,0.049572196,0.14612773,0.22968432,0.061506536,0.5131092,external_test,Normal,115.0,fixed_feather,42,C:\Users\USER\Desktop\Articulo\Datasets\MESSIDOR2\fixed_feather\r224\IM002269.png,basename
APTOS,MESSIDOR2,IM002275.jpg,0,0,0.91080284,0.06299684,0.008987852,0.015331195,0.0018813347,0.91080284,external_test,Dark,91.0,fixed_feather,42,C:\Users\USER\Desktop\Articulo\Datasets\MESSIDOR2\fixed_feather\r224\IM002275.png,basename
APTOS,MESSIDOR2,IM002276.jpg,0,0,0.91705775,0.040014725,0.014474028,0.0070972196,0.021356292,0.91705775,external_test,Dark,91.0,fixed_feather,42,C:\Users\USER\Desktop\Articulo\Datasets\MESSIDOR2\fixed_feather\r224\IM002276.png,basename
APTOS,MESSIDOR2,IM002284.jpg,0,0,0.38142547,0.1167784,0.35148093,0.06152582,0.088789366,0.38142547,external_test,VeryDark,83.0,fixed_feather,42,C:\Users\USER\Desktop\Articulo\Datasets\MESSIDOR2\fixed_feather\r224\IM002284.png,basename
APTOS,MESSIDOR2,IM002285.jpg,0,0,0.37905297,0.11530954,0.19478735,0.050007403,0.26084274,0.37905297,external_test,VeryDark,84.0,fixed_feather,42,C:\Users\USER\Desktop\Articulo\Datasets\MESSIDOR2\fixed_feather\r224\IM002285.png,basename
APTOS,MESSIDOR2,IM002300.jpg,0,0,0.93191254,0.0318965,0.019132001,0.01529707,0.0017618401,0.93191254,external_test,VeryDark,81.0,fixed_feather,42,C:\Users\USER\Desktop\Articulo\Datasets\MESSIDOR2\fixed_feather\r224\IM002300.png,basename
APTOS,MESSIDOR2,IM002301.jpg,0,0,0.9500177,0.026305746,0.0049088784,0.016507806,0.0022599485,0.9500177,external_test,VeryDark,84.0,fixed_feather,42,C:\Users\USER\Desktop\Articulo\Datasets\MESSIDOR2\fixed_feather\r224\IM002301.png,basename
APTOS,MESSIDOR2,IM002321.jpg,0,0,0.69858223,0.16499996,0.017350486,0.06623464,0.052832775,0.69858223,external_test,VeryDark,75.0,fixed_feather,42,C:\Users\USER\Desktop\Articulo\Datasets\MESSIDOR2\fixed_feather\r224\IM002321.png,basename
APTOS,MESSIDOR2,IM002322.jpg,0,0,0.86945087,0.10579942,0.0068997466,0.01664296,0.0012069206,0.86945087,external_test,Dark,93.0,fixed_feather,42,C:\Users\USER\Desktop\Articulo\Datasets\MESSIDOR2\fixed_feather\r224\IM002322.png,basename
APTOS,MESSIDOR2,IM002335.jpg,0,0,0.94593227,0.03176571,0.006602053,0.0146588925,0.0010410396,0.94593227,external_test,VeryDark,81.0,fixed_feather,42,C:\Users\USER\Desktop\Articulo\Datasets\MESSIDOR2\fixed_feather\r224\IM002335.png,basename
APTOS,MESSIDOR2,IM002336.jpg,0,0,0.9156845,0.056811415,0.013579922,0.012167972,0.0017561308,0.9156845,external_test,VeryDark,81.0,fixed_feather,42,C:\Users\USER\Desktop\Articulo\Datasets\MESSIDOR2\fixed_feather\r224\IM002336.png,basename
APTOS,MESSIDOR2,IM002356.jpg,0,0,0.82990867,0.09404368,0.035007413,0.03841643,0.0026239164,0.82990867,external_test,Dark,87.0,fixed_feather,42,C:\Users\USER\Desktop\Articulo\Datasets\MESSIDOR2\fixed_feather\r224\IM002356.png,basename
APTOS,MESSIDOR2,IM002357.jpg,0,0,0.5599765,0.3249305,0.0812035,0.031828113,0.0020612841,0.5599765,external_test,Dark,89.0,fixed_feather,42,C:\Users\USER\Desktop\Articulo\Datasets\MESSIDOR2\fixed_feather\r224\IM002357.png,basename
APTOS,MESSIDOR2,IM002384.jpg,0,0,0.560508,0.10645164,0.2927905,0.018272268,0.021977559,0.560508,external_test,Normal,110.0,fixed_feather,42,C:\Users\USER\Desktop\Articulo\Datasets\MESSIDOR2\fixed_feather\r224\IM002384.png,basename
APTOS,MESSIDOR2,IM002399.jpg,0,0,0.88873446,0.054132428,0.022194726,0.03355272,0.0013857993,0.88873446,external_test,Dark,101.0,fixed_feather,42,C:\Users\USER\Desktop\Articulo\Datasets\MESSIDOR2\fixed_feather\r224\IM002399.png,basename
APTOS,MESSIDOR2,IM002400.jpg,0,0,0.77607536,0.09113666,0.02076811,0.11025625,0.0017636224,0.77607536,external_test,Dark,92.0,fixed_feather,42,C:\Users\USER\Desktop\Articulo\Datasets\MESSIDOR2\fixed_feather\r224\IM002400.png,basename
APTOS,MESSIDOR2,IM002414.jpg,0,0,0.92749244,0.043039367,0.012872592,0.011523184,0.005072445,0.92749244,external_test,Dark,95.0,fixed_feather,42,C:\Users\USER\Desktop\Articulo\Datasets\MESSIDOR2\fixed_feather\r224\IM002414.png,basename
APTOS,MESSIDOR2,IM002415.jpg,0,0,0.9329513,0.040249154,0.015542189,0.009484961,0.0017724102,0.9329513,external_test,Dark,97.0,fixed_feather,42,C:\Users\USER\Desktop\Articulo\Datasets\MESSIDOR2\fixed_feather\r224\IM002415.png,basename
APTOS,MESSIDOR2,IM002441.jpg,0,0,0.8726166,0.03641379,0.013963389,0.024126226,0.0528801,0.8726166,external_test,Normal,113.0,fixed_feather,42,C:\Users\USER\Desktop\Articulo\Datasets\MESSIDOR2\fixed_feather\r224\IM002441.png,basename
APTOS,MESSIDOR2,IM002442.jpg,0,0,0.58837336,0.08576586,0.010950651,0.051704578,0.26320556,0.58837336,external_test,VeryDark,78.0,fixed_feather,42,C:\Users\USER\Desktop\Articulo\Datasets\MESSIDOR2\fixed_feather\r224\IM002442.png,basename
APTOS,MESSIDOR2,IM002448.jpg,0,0,0.91265786,0.05668975,0.027516901,0.0013790352,0.0017564824,0.91265786,external_test,Normal,122.0,fixed_feather,42,C:\Users\USER\Desktop\Articulo\Datasets\MESSIDOR2\fixed_feather\r224\IM002448.png,basename
APTOS,MESSIDOR2,IM002449.jpg,0,0,0.90880144,0.04231701,0.036117308,0.005606251,0.007158052,0.90880144,external_test,Normal,125.0,fixed_feather,42,C:\Users\USER\Desktop\Articulo\Datasets\MESSIDOR2\fixed_feather\r224\IM002449.png,basename
APTOS,MESSIDOR2,IM002455.jpg,1,0,0.9084315,0.02111645,0.012420166,0.054814834,0.0032170832,0.9084315,external_test,Dark,86.0,fixed_feather,42,C:\Users\USER\Desktop\Articulo\Datasets\MESSIDOR2\fixed_feather\r224\IM002455.png,basename
APTOS,MESSIDOR2,IM002456.jpg,0,0,0.88162816,0.0556029,0.017620627,0.039544314,0.0056041,0.88162816,external_test,Dark,96.0,fixed_feather,42,C:\Users\USER\Desktop\Articulo\Datasets\MESSIDOR2\fixed_feather\r224\IM002456.png,basename
APTOS,MESSIDOR2,IM002465.jpg,0,0,0.7579114,0.10447727,0.12967053,0.0069835675,0.0009571354,0.7579114,external_test,VeryDark,78.0,fixed_feather,42,C:\Users\USER\Desktop\Articulo\Datasets\MESSIDOR2\fixed_feather\r224\IM002465.png,basename
APTOS,MESSIDOR2,IM002466.jpg,0,0,0.90544254,0.03591161,0.01677647,0.040432446,0.0014370304,0.90544254,external_test,VeryDark,84.0,fixed_feather,42,C:\Users\USER\Desktop\Articulo\Datasets\MESSIDOR2\fixed_feather\r224\IM002466.png,basename
APTOS,MESSIDOR2,IM002472.jpg,0,0,0.7215646,0.060773257,0.16323209,0.013228785,0.04120142,0.7215646,external_test,Dark,101.0,fixed_feather,42,C:\Users\USER\Desktop\Articulo\Datasets\MESSIDOR2\fixed_feather\r224\IM002472.png,basename
APTOS,MESSIDOR2,IM002473.jpg,0,0,0.78664166,0.09242984,0.08561295,0.025387624,0.009927949,0.78664166,external_test,Dark,90.0,fixed_feather,42,C:\Users\USER\Desktop\Articulo\Datasets\MESSIDOR2\fixed_feather\r224\IM002473.png,basename
APTOS,MESSIDOR2,IM002481.jpg,0,0,0.59806114,0.06643319,0.046915654,0.15170865,0.13688132,0.59806114,external_test,Normal,113.0,fixed_feather,42,C:\Users\USER\Desktop\Articulo\Datasets\MESSIDOR2\fixed_feather\r224\IM002481.png,basename
APTOS,MESSIDOR2,IM002482.jpg,0,0,0.73784083,0.033811703,0.09200933,0.05141541,0.08492278,0.73784083,external_test,Dark,106.0,fixed_feather,42,C:\Users\USER\Desktop\Articulo\Datasets\MESSIDOR2\fixed_feather\r224\IM002482.png,basename
APTOS,MESSIDOR2,IM002486.jpg,4,0,0.97589535,0.008744236,0.008836037,0.004286773,0.0022376215,0.97589535,external_test,Dark,90.0,fixed_feather,42,C:\Users\USER\Desktop\Articulo\Datasets\MESSIDOR2\fixed_feather\r224\IM002486.png,basename
APTOS,MESSIDOR2,IM002487.jpg,4,0,0.9109543,0.0133526055,0.02605912,0.023763174,0.025870848,0.9109543,external_test,Dark,93.0,fixed_feather,42,C:\Users\USER\Desktop\Articulo\Datasets\MESSIDOR2\fixed_feather\r224\IM002487.png,basename
APTOS,MESSIDOR2,IM002493.jpg,0,0,0.8413992,0.025136154,0.032898173,0.08328906,0.017277382,0.8413992,external_test,VeryDark,73.0,fixed_feather,42,C:\Users\USER\Desktop\Articulo\Datasets\MESSIDOR2\fixed_feather\r224\IM002493.png,basename
APTOS,MESSIDOR2,IM002494.jpg,0,0,0.9283411,0.015170405,0.022752436,0.031032698,0.0027033635,0.9283411,external_test,ExtremelyDark,68.0,fixed_feather,42,C:\Users\USER\Desktop\Articulo\Datasets\MESSIDOR2\fixed_feather\r224\IM002494.png,basename
APTOS,MESSIDOR2,IM002500.jpg,0,0,0.54442674,0.04845852,0.08514561,0.08011338,0.24185571,0.54442674,external_test,Dark,95.0,fixed_feather,42,C:\Users\USER\Desktop\Articulo\Datasets\MESSIDOR2\fixed_feather\r224\IM002500.png,basename
APTOS,MESSIDOR2,IM002501.jpg,0,0,0.8137233,0.075682685,0.045966044,0.020364473,0.04426341,0.8137233,external_test,Dark,99.0,fixed_feather,42,C:\Users\USER\Desktop\Articulo\Datasets\MESSIDOR2\fixed_feather\r224\IM002501.png,basename
APTOS,MESSIDOR2,IM002508.jpg,0,0,0.97549,0.013577528,0.0019552584,0.008158852,0.0008184176,0.97549,external_test,VeryDark,73.0,fixed_feather,42,C:\Users\USER\Desktop\Articulo\Datasets\MESSIDOR2\fixed_feather\r224\IM002508.png,basename
APTOS,MESSIDOR2,IM002509.jpg,0,0,0.8908549,0.0654418,0.012123687,0.02495989,0.0066197314,0.8908549,external_test,VeryDark,70.0,fixed_feather,42,C:\Users\USER\Desktop\Articulo\Datasets\MESSIDOR2\fixed_feather\r224\IM002509.png,basename
APTOS,MESSIDOR2,IM002515.jpg,0,0,0.6989612,0.16326372,0.07219406,0.055018727,0.010562301,0.6989612,external_test,Dark,88.0,fixed_feather,42,C:\Users\USER\Desktop\Articulo\Datasets\MESSIDOR2\fixed_feather\r224\IM002515.png,basename
APTOS,MESSIDOR2,IM002516.jpg,0,0,0.9104206,0.04461326,0.023915065,0.017781436,0.00326974,0.9104206,external_test,Dark,87.0,fixed_feather,42,C:\Users\USER\Desktop\Articulo\Datasets\MESSIDOR2\fixed_feather\r224\IM002516.png,basename
APTOS,MESSIDOR2,IM002522.jpg,2,0,0.7856727,0.08220549,0.06891187,0.038992196,0.02421773,0.7856727,external_test,Dark,86.0,fixed_feather,42,C:\Users\USER\Desktop\Articulo\Datasets\MESSIDOR2\fixed_feather\r224\IM002522.png,basename
APTOS,MESSIDOR2,IM002523.jpg,2,0,0.740036,0.15187895,0.06441905,0.020131486,0.023534525,0.740036,external_test,Dark,85.0,fixed_feather,42,C:\Users\USER\Desktop\Articulo\Datasets\MESSIDOR2\fixed_feather\r224\IM002523.png,basename
APTOS,MESSIDOR2,IM002529.jpg,1,0,0.60336345,0.08307989,0.09654165,0.051336426,0.16567862,0.60336345,external_test,ExtremelyDark,57.0,fixed_feather,42,C:\Users\USER\Desktop\Articulo\Datasets\MESSIDOR2\fixed_feather\r224\IM002529.png,basename
APTOS,MESSIDOR2,IM002530.jpg,1,0,0.88910294,0.043612145,0.04566607,0.017040899,0.004578045,0.88910294,external_test,ExtremelyDark,69.0,fixed_feather,42,C:\Users\USER\Desktop\Articulo\Datasets\MESSIDOR2\fixed_feather\r224\IM002530.png,basename
APTOS,MESSIDOR2,IM002543.jpg,0,0,0.92416555,0.054396115,0.004675956,0.013597054,0.0031653848,0.92416555,external_test,Dark,93.0,fixed_feather,42,C:\Users\USER\Desktop\Articulo\Datasets\MESSIDOR2\fixed_feather\r224\IM002543.png,basename
APTOS,MESSIDOR2,IM002544.jpg,0,0,0.8035538,0.11997573,0.031844944,0.037807908,0.0068175658,0.8035538,external_test,ExtremelyDark,68.0,fixed_feather,42,C:\Users\USER\Desktop\Articulo\Datasets\MESSIDOR2\fixed_feather\r224\IM002544.png,basename
APTOS,MESSIDOR2,IM002577.jpg,0,0,0.9519137,0.032596055,0.005036156,0.009185473,0.0012686311,0.9519137,external_test,VeryDark,79.0,fixed_feather,42,C:\Users\USER\Desktop\Articulo\Datasets\MESSIDOR2\fixed_feather\r224\IM002577.png,basename
APTOS,MESSIDOR2,IM002578.jpg,0,0,0.87806445,0.06420175,0.0251831,0.031349648,0.0012010481,0.87806445,external_test,ExtremelyDark,62.0,fixed_feather,42,C:\Users\USER\Desktop\Articulo\Datasets\MESSIDOR2\fixed_feather\r224\IM002578.png,basename
APTOS,MESSIDOR2,IM002584.jpg,1,0,0.8818411,0.03203854,0.050734147,0.020435797,0.014950357,0.8818411,external_test,Dark,99.0,fixed_feather,42,C:\Users\USER\Desktop\Articulo\Datasets\MESSIDOR2\fixed_feather\r224\IM002584.png,basename
APTOS,MESSIDOR2,IM002585.jpg,0,0,0.60811406,0.04842836,0.089857556,0.096183844,0.15741618,0.60811406,external_test,Dark,95.0,fixed_feather,42,C:\Users\USER\Desktop\Articulo\Datasets\MESSIDOR2\fixed_feather\r224\IM002585.png,basename
APTOS,MESSIDOR2,IM002614.jpg,0,0,0.7028834,0.051699836,0.20567623,0.022923838,0.016816717,0.7028834,external_test,VeryDark,71.0,fixed_feather,42,C:\Users\USER\Desktop\Articulo\Datasets\MESSIDOR2\fixed_feather\r224\IM002614.png,basename
APTOS,MESSIDOR2,IM002615.jpg,0,0,0.9666708,0.015763966,0.004961604,0.011483332,0.0011202792,0.9666708,external_test,Dark,96.0,fixed_feather,42,C:\Users\USER\Desktop\Articulo\Datasets\MESSIDOR2\fixed_feather\r224\IM002615.png,basename
APTOS,MESSIDOR2,IM002621.jpg,0,0,0.96886206,0.008567481,0.006008957,0.01615967,0.00040182174,0.96886206,external_test,Normal,109.0,fixed_feather,42,C:\Users\USER\Desktop\Articulo\Datasets\MESSIDOR2\fixed_feather\r224\IM002621.png,basename
APTOS,MESSIDOR2,IM002622.jpg,0,0,0.9036108,0.052092105,0.01058407,0.03277469,0.0009383161,0.9036108,external_test,Normal,110.0,fixed_feather,42,C:\Users\USER\Desktop\Articulo\Datasets\MESSIDOR2\fixed_feather\r224\IM002622.png,basename
APTOS,MESSIDOR2,IM002635.jpg,4,0,0.8002636,0.04790184,0.08103241,0.042869534,0.027932573,0.8002636,external_test,VeryDark,77.0,fixed_feather,42,C:\Users\USER\Desktop\Articulo\Datasets\MESSIDOR2\fixed_feather\r224\IM002635.png,basename
APTOS,MESSIDOR2,IM002636.jpg,4,0,0.5021914,0.039074913,0.09391301,0.2596527,0.10516797,0.5021914,external_test,VeryDark,75.0,fixed_feather,42,C:\Users\USER\Desktop\Articulo\Datasets\MESSIDOR2\fixed_feather\r224\IM002636.png,basename
APTOS,MESSIDOR2,IM002642.jpg,0,0,0.9828358,0.007508561,0.0017373628,0.007628135,0.0002901025,0.9828358,external_test,VeryDark,76.0,fixed_feather,42,C:\Users\USER\Desktop\Articulo\Datasets\MESSIDOR2\fixed_feather\r224\IM002642.png,basename
APTOS,MESSIDOR2,IM002643.jpg,0,0,0.9786548,0.011691982,0.0023021759,0.006968796,0.00038214683,0.9786548,external_test,VeryDark,84.0,fixed_feather,42,C:\Users\USER\Desktop\Articulo\Datasets\MESSIDOR2\fixed_feather\r224\IM002643.png,basename
APTOS,MESSIDOR2,IM002649.jpg,0,0,0.8455677,0.06444159,0.03740111,0.040663958,0.011925796,0.8455677,external_test,VeryDark,73.0,fixed_feather,42,C:\Users\USER\Desktop\Articulo\Datasets\MESSIDOR2\fixed_feather\r224\IM002649.png,basename
APTOS,MESSIDOR2,IM002650.jpg,0,0,0.5942376,0.26412123,0.06111637,0.062918216,0.017606504,0.5942376,external_test,VeryDark,70.0,fixed_feather,42,C:\Users\USER\Desktop\Articulo\Datasets\MESSIDOR2\fixed_feather\r224\IM002650.png,basename
APTOS,MESSIDOR2,IM002658.jpg,0,0,0.9559434,0.023412853,0.004339356,0.016061813,0.00024245627,0.9559434,external_test,Dark,94.0,fixed_feather,42,C:\Users\USER\Desktop\Articulo\Datasets\MESSIDOR2\fixed_feather\r224\IM002658.png,basename
APTOS,MESSIDOR2,IM002659.jpg,0,0,0.7928525,0.15329953,0.023411376,0.028320266,0.0021163127,0.7928525,external_test,Dark,91.0,fixed_feather,42,C:\Users\USER\Desktop\Articulo\Datasets\MESSIDOR2\fixed_feather\r224\IM002659.png,basename
APTOS,MESSIDOR2,IM002665.jpg,0,0,0.7926936,0.13803247,0.03311655,0.027188765,0.008968545,0.7926936,external_test,Dark,91.0,fixed_feather,42,C:\Users\USER\Desktop\Articulo\Datasets\MESSIDOR2\fixed_feather\r224\IM002665.png,basename
APTOS,MESSIDOR2,IM002666.jpg,0,0,0.7717752,0.15054712,0.014494865,0.060124956,0.0030579644,0.7717752,external_test,VeryDark,72.0,fixed_feather,42,C:\Users\USER\Desktop\Articulo\Datasets\MESSIDOR2\fixed_feather\r224\IM002666.png,basename
APTOS,MESSIDOR2,IM002695.jpg,0,0,0.9802336,0.007987645,0.0008890001,0.010823399,6.63213e-05,0.9802336,external_test,Dark,104.0,fixed_feather,42,C:\Users\USER\Desktop\Articulo\Datasets\MESSIDOR2\fixed_feather\r224\IM002695.png,basename
APTOS,MESSIDOR2,IM002697.jpg,0,0,0.9392882,0.024557233,0.0029394184,0.03169363,0.0015215494,0.9392882,external_test,Normal,110.0,fixed_feather,42,C:\Users\USER\Desktop\Articulo\Datasets\MESSIDOR2\fixed_feather\r224\IM002697.png,basename
APTOS,MESSIDOR2,IM002703.jpg,0,0,0.6129768,0.22457598,0.08515516,0.00892537,0.06836664,0.6129768,external_test,VeryDark,70.0,fixed_feather,42,C:\Users\USER\Desktop\Articulo\Datasets\MESSIDOR2\fixed_feather\r224\IM002703.png,basename
APTOS,MESSIDOR2,IM002704.jpg,0,0,0.82939017,0.09554274,0.02506046,0.04394163,0.0060650143,0.82939017,external_test,VeryDark,75.0,fixed_feather,42,C:\Users\USER\Desktop\Articulo\Datasets\MESSIDOR2\fixed_feather\r224\IM002704.png,basename
APTOS,MESSIDOR2,IM002718.jpg,0,0,0.9325757,0.04267614,0.011657118,0.008642778,0.004448212,0.9325757,external_test,VeryDark,76.0,fixed_feather,42,C:\Users\USER\Desktop\Articulo\Datasets\MESSIDOR2\fixed_feather\r224\IM002718.png,basename
APTOS,MESSIDOR2,IM002719.jpg,0,0,0.8281339,0.042256452,0.031892736,0.05892118,0.03879573,0.8281339,external_test,VeryDark,81.0,fixed_feather,42,C:\Users\USER\Desktop\Articulo\Datasets\MESSIDOR2\fixed_feather\r224\IM002719.png,basename
APTOS,MESSIDOR2,IM002725.jpg,0,0,0.74649477,0.101390764,0.083739,0.027902944,0.040472426,0.74649477,external_test,Normal,113.0,fixed_feather,42,C:\Users\USER\Desktop\Articulo\Datasets\MESSIDOR2\fixed_feather\r224\IM002725.png,basename
APTOS,MESSIDOR2,IM002726.jpg,2,0,0.87863183,0.028311286,0.037402023,0.0158958,0.039759107,0.87863183,external_test,Normal,115.0,fixed_feather,42,C:\Users\USER\Desktop\Articulo\Datasets\MESSIDOR2\fixed_feather\r224\IM002726.png,basename
APTOS,MESSIDOR2,IM002732.jpg,0,0,0.9127883,0.015997276,0.017187295,0.022234008,0.031793106,0.9127883,external_test,Dark,89.0,fixed_feather,42,C:\Users\USER\Desktop\Articulo\Datasets\MESSIDOR2\fixed_feather\r224\IM002732.png,basename
APTOS,MESSIDOR2,IM002733.jpg,0,0,0.9389177,0.015012785,0.0070097945,0.036254488,0.0028052295,0.9389177,external_test,ExtremelyDark,68.0,fixed_feather,42,C:\Users\USER\Desktop\Articulo\Datasets\MESSIDOR2\fixed_feather\r224\IM002733.png,basename
APTOS,MESSIDOR2,IM002765.jpg,1,0,0.7718412,0.15505075,0.025956087,0.036434706,0.01071721,0.7718412,external_test,VeryDark,77.0,fixed_feather,42,C:\Users\USER\Desktop\Articulo\Datasets\MESSIDOR2\fixed_feather\r224\IM002765.png,basename
APTOS,MESSIDOR2,IM002766.jpg,1,0,0.84588885,0.06189661,0.04091297,0.04486799,0.0064337007,0.84588885,external_test,VeryDark,75.0,fixed_feather,42,C:\Users\USER\Desktop\Articulo\Datasets\MESSIDOR2\fixed_feather\r224\IM002766.png,basename
APTOS,MESSIDOR2,IM002781.jpg,0,0,0.90423304,0.045537755,0.013138244,0.009514771,0.02757611,0.90423304,external_test,Dark,89.0,fixed_feather,42,C:\Users\USER\Desktop\Articulo\Datasets\MESSIDOR2\fixed_feather\r224\IM002781.png,basename
APTOS,MESSIDOR2,IM002782.jpg,0,0,0.9070429,0.044250634,0.013076641,0.029123394,0.006506386,0.9070429,external_test,Dark,100.0,fixed_feather,42,C:\Users\USER\Desktop\Articulo\Datasets\MESSIDOR2\fixed_feather\r224\IM002782.png,basename
APTOS,MESSIDOR2,IM002802.jpg,0,0,0.96027476,0.02939207,0.005464912,0.0021636419,0.0027047254,0.96027476,external_test,VeryDark,83.0,fixed_feather,42,C:\Users\USER\Desktop\Articulo\Datasets\MESSIDOR2\fixed_feather\r224\IM002802.png,basename
APTOS,MESSIDOR2,IM002803.jpg,0,0,0.9460456,0.039646115,0.007830952,0.0057140617,0.0007632897,0.9460456,external_test,ExtremelyDark,59.0,fixed_feather,42,C:\Users\USER\Desktop\Articulo\Datasets\MESSIDOR2\fixed_feather\r224\IM002803.png,basename
APTOS,MESSIDOR2,IM002821.jpg,0,0,0.92387736,0.03977862,0.012543629,0.022451853,0.0013485819,0.92387736,external_test,VeryDark,81.0,fixed_feather,42,C:\Users\USER\Desktop\Articulo\Datasets\MESSIDOR2\fixed_feather\r224\IM002821.png,basename
APTOS,MESSIDOR2,IM002822.jpg,0,0,0.90977466,0.053674016,0.008142161,0.027218562,0.0011906032,0.90977466,external_test,Dark,85.0,fixed_feather,42,C:\Users\USER\Desktop\Articulo\Datasets\MESSIDOR2\fixed_feather\r224\IM002822.png,basename
APTOS,MESSIDOR2,IM002828.jpg,0,0,0.8655906,0.090989046,0.018331246,0.02196571,0.003123381,0.8655906,external_test,VeryDark,83.0,fixed_feather,42,C:\Users\USER\Desktop\Articulo\Datasets\MESSIDOR2\fixed_feather\r224\IM002828.png,basename
APTOS,MESSIDOR2,IM002829.jpg,0,0,0.8605819,0.083450936,0.013602643,0.037485294,0.0048792325,0.8605819,external_test,VeryDark,84.0,fixed_feather,42,C:\Users\USER\Desktop\Articulo\Datasets\MESSIDOR2\fixed_feather\r224\IM002829.png,basename
APTOS,MESSIDOR2,IM002845.jpg,0,0,0.87420005,0.044631355,0.022652356,0.048876885,0.009639362,0.87420005,external_test,Dark,87.0,fixed_feather,42,C:\Users\USER\Desktop\Articulo\Datasets\MESSIDOR2\fixed_feather\r224\IM002845.png,basename
APTOS,MESSIDOR2,IM002846.jpg,0,0,0.81595325,0.090651006,0.04962742,0.037479103,0.0062891934,0.81595325,external_test,Dark,92.0,fixed_feather,42,C:\Users\USER\Desktop\Articulo\Datasets\MESSIDOR2\fixed_feather\r224\IM002846.png,basename
APTOS,MESSIDOR2,IM002852.jpg,0,0,0.86196065,0.070236705,0.030294523,0.02087277,0.01663534,0.86196065,external_test,VeryDark,74.0,fixed_feather,42,C:\Users\USER\Desktop\Articulo\Datasets\MESSIDOR2\fixed_feather\r224\IM002852.png,basename
APTOS,MESSIDOR2,IM002853.jpg,0,0,0.8586874,0.08164777,0.019980565,0.037685085,0.0019991791,0.8586874,external_test,ExtremelyDark,69.0,fixed_feather,42,C:\Users\USER\Desktop\Articulo\Datasets\MESSIDOR2\fixed_feather\r224\IM002853.png,basename
APTOS,MESSIDOR2,IM002860.jpg,0,0,0.6923147,0.16232122,0.058542516,0.060290173,0.026531452,0.6923147,external_test,VeryDark,74.0,fixed_feather,42,C:\Users\USER\Desktop\Articulo\Datasets\MESSIDOR2\fixed_feather\r224\IM002860.png,basename
APTOS,MESSIDOR2,IM002861.jpg,0,0,0.8601833,0.10007269,0.018215429,0.015283369,0.0062452494,0.8601833,external_test,VeryDark,77.0,fixed_feather,42,C:\Users\USER\Desktop\Articulo\Datasets\MESSIDOR2\fixed_feather\r224\IM002861.png,basename
APTOS,MESSIDOR2,IM002894.jpg,0,0,0.74968845,0.16934566,0.055200893,0.021470478,0.0042945673,0.74968845,external_test,ExtremelyDark,68.0,fixed_feather,42,C:\Users\USER\Desktop\Articulo\Datasets\MESSIDOR2\fixed_feather\r224\IM002894.png,basename
APTOS,MESSIDOR2,IM002895.jpg,0,0,0.9370485,0.031807706,0.014647109,0.013758432,0.0027382674,0.9370485,external_test,ExtremelyDark,67.0,fixed_feather,42,C:\Users\USER\Desktop\Articulo\Datasets\MESSIDOR2\fixed_feather\r224\IM002895.png,basename
APTOS,MESSIDOR2,IM002901.jpg,1,0,0.88587683,0.04056297,0.01029298,0.024746392,0.038520828,0.88587683,external_test,VeryDark,82.0,fixed_feather,42,C:\Users\USER\Desktop\Articulo\Datasets\MESSIDOR2\fixed_feather\r224\IM002901.png,basename
APTOS,MESSIDOR2,IM002902.jpg,0,0,0.917616,0.028895115,0.020212542,0.015655397,0.017620841,0.917616,external_test,Dark,88.0,fixed_feather,42,C:\Users\USER\Desktop\Articulo\Datasets\MESSIDOR2\fixed_feather\r224\IM002902.png,basename
APTOS,MESSIDOR2,IM002908.jpg,0,0,0.9478427,0.013728167,0.002231136,0.035374053,0.0008238982,0.9478427,external_test,Normal,119.0,fixed_feather,42,C:\Users\USER\Desktop\Articulo\Datasets\MESSIDOR2\fixed_feather\r224\IM002908.png,basename
APTOS,MESSIDOR2,IM002909.jpg,0,0,0.95784825,0.021521786,0.0041715754,0.015066681,0.0013916693,0.95784825,external_test,Normal,122.0,fixed_feather,42,C:\Users\USER\Desktop\Articulo\Datasets\MESSIDOR2\fixed_feather\r224\IM002909.png,basename
APTOS,MESSIDOR2,IM002921.jpg,0,0,0.83019245,0.052189592,0.03452565,0.037111606,0.0459808,0.83019245,external_test,Dark,93.0,fixed_feather,42,C:\Users\USER\Desktop\Articulo\Datasets\MESSIDOR2\fixed_feather\r224\IM002921.png,basename
APTOS,MESSIDOR2,IM002922.jpg,2,0,0.8330607,0.10242989,0.028280111,0.022873295,0.0133561175,0.8330607,external_test,Dark,95.0,fixed_feather,42,C:\Users\USER\Desktop\Articulo\Datasets\MESSIDOR2\fixed_feather\r224\IM002922.png,basename
APTOS,MESSIDOR2,IM002938.jpg,2,0,0.661612,0.09574292,0.05518149,0.17366864,0.013794991,0.661612,external_test,Dark,102.0,fixed_feather,42,C:\Users\USER\Desktop\Articulo\Datasets\MESSIDOR2\fixed_feather\r224\IM002938.png,basename
APTOS,MESSIDOR2,IM002939.jpg,0,0,0.4065358,0.24968153,0.26898196,0.063780196,0.011020449,0.4065358,external_test,VeryDark,72.0,fixed_feather,42,C:\Users\USER\Desktop\Articulo\Datasets\MESSIDOR2\fixed_feather\r224\IM002939.png,basename
APTOS,MESSIDOR2,IM002945.jpg,2,0,0.8875803,0.054025352,0.009671227,0.04796729,0.00075582037,0.8875803,external_test,ExtremelyDark,62.0,fixed_feather,42,C:\Users\USER\Desktop\Articulo\Datasets\MESSIDOR2\fixed_feather\r224\IM002945.png,basename
APTOS,MESSIDOR2,IM002946.jpg,0,0,0.8346755,0.09798507,0.035303146,0.025910223,0.006126124,0.8346755,external_test,ExtremelyDark,64.0,fixed_feather,42,C:\Users\USER\Desktop\Articulo\Datasets\MESSIDOR2\fixed_feather\r224\IM002946.png,basename
APTOS,MESSIDOR2,IM002952.jpg,2,0,0.8908249,0.05568796,0.01596573,0.009862756,0.027658693,0.8908249,external_test,Dark,97.0,fixed_feather,42,C:\Users\USER\Desktop\Articulo\Datasets\MESSIDOR2\fixed_feather\r224\IM002952.png,basename
APTOS,MESSIDOR2,IM002953.jpg,2,0,0.9438334,0.031878117,0.012670463,0.0070561133,0.004561908,0.9438334,external_test,Dark,90.0,fixed_feather,42,C:\Users\USER\Desktop\Articulo\Datasets\MESSIDOR2\fixed_feather\r224\IM002953.png,basename
APTOS,MESSIDOR2,IM002973.jpg,0,0,0.956251,0.032235652,0.003689706,0.0065917983,0.0012317614,0.956251,external_test,Dark,101.0,fixed_feather,42,C:\Users\USER\Desktop\Articulo\Datasets\MESSIDOR2\fixed_feather\r224\IM002973.png,basename
APTOS,MESSIDOR2,IM002975.jpg,0,0,0.8776116,0.103501104,0.0076128026,0.0104884645,0.0007861358,0.8776116,external_test,Dark,97.0,fixed_feather,42,C:\Users\USER\Desktop\Articulo\Datasets\MESSIDOR2\fixed_feather\r224\IM002975.png,basename
APTOS,MESSIDOR2,IM002982.jpg,2,0,0.9617691,0.021646464,0.003974692,0.009862707,0.0027469213,0.9617691,external_test,Dark,102.0,fixed_feather,42,C:\Users\USER\Desktop\Articulo\Datasets\MESSIDOR2\fixed_feather\r224\IM002982.png,basename
APTOS,MESSIDOR2,IM002983.jpg,2,0,0.9453738,0.036005307,0.0071342243,0.009852891,0.0016337272,0.9453738,external_test,VeryDark,80.0,fixed_feather,42,C:\Users\USER\Desktop\Articulo\Datasets\MESSIDOR2\fixed_feather\r224\IM002983.png,basename
APTOS,MESSIDOR2,IM002990.jpg,2,0,0.95107955,0.027748212,0.008546533,0.008649282,0.003976498,0.95107955,external_test,Dark,98.0,fixed_feather,42,C:\Users\USER\Desktop\Articulo\Datasets\MESSIDOR2\fixed_feather\r224\IM002990.png,basename
APTOS,MESSIDOR2,IM002991.jpg,1,0,0.913076,0.058359202,0.012620783,0.010943023,0.005000958,0.913076,external_test,Dark,89.0,fixed_feather,42,C:\Users\USER\Desktop\Articulo\Datasets\MESSIDOR2\fixed_feather\r224\IM002991.png,basename
APTOS,MESSIDOR2,IM002997.jpg,0,0,0.8845572,0.05335431,0.013029133,0.048217613,0.0008417906,0.8845572,external_test,VeryDark,77.0,fixed_feather,42,C:\Users\USER\Desktop\Articulo\Datasets\MESSIDOR2\fixed_feather\r224\IM002997.png,basename
APTOS,MESSIDOR2,IM002998.jpg,0,0,0.9591853,0.00921011,0.004714695,0.026760152,0.0001296308,0.9591853,external_test,VeryDark,81.0,fixed_feather,42,C:\Users\USER\Desktop\Articulo\Datasets\MESSIDOR2\fixed_feather\r224\IM002998.png,basename
APTOS,MESSIDOR2,IM003011.jpg,0,0,0.8559728,0.0796168,0.014804151,0.027103864,0.022502387,0.8559728,external_test,VeryDark,80.0,fixed_feather,42,C:\Users\USER\Desktop\Articulo\Datasets\MESSIDOR2\fixed_feather\r224\IM003011.png,basename
APTOS,MESSIDOR2,IM003012.jpg,0,0,0.8923154,0.059931275,0.0063108397,0.039359536,0.002082854,0.8923154,external_test,Dark,88.0,fixed_feather,42,C:\Users\USER\Desktop\Articulo\Datasets\MESSIDOR2\fixed_feather\r224\IM003012.png,basename
APTOS,MESSIDOR2,IM003019.jpg,0,0,0.9192231,0.04944086,0.0064637563,0.022800615,0.0020715625,0.9192231,external_test,Dark,96.0,fixed_feather,42,C:\Users\USER\Desktop\Articulo\Datasets\MESSIDOR2\fixed_feather\r224\IM003019.png,basename
APTOS,MESSIDOR2,IM003020.jpg,2,0,0.8267788,0.10981336,0.008466102,0.045770027,0.009171684,0.8267788,external_test,Dark,90.0,fixed_feather,42,C:\Users\USER\Desktop\Articulo\Datasets\MESSIDOR2\fixed_feather\r224\IM003020.png,basename
APTOS,MESSIDOR2,IM003034.jpg,0,0,0.91588926,0.05711529,0.006142147,0.020258997,0.0005941421,0.91588926,external_test,Dark,96.0,fixed_feather,42,C:\Users\USER\Desktop\Articulo\Datasets\MESSIDOR2\fixed_feather\r224\IM003034.png,basename
APTOS,MESSIDOR2,IM003035.jpg,0,0,0.9488195,0.027268257,0.011155585,0.009598522,0.0031582296,0.9488195,external_test,Dark,92.0,fixed_feather,42,C:\Users\USER\Desktop\Articulo\Datasets\MESSIDOR2\fixed_feather\r224\IM003035.png,basename
APTOS,MESSIDOR2,IM003057.jpg,0,0,0.8994281,0.06365657,0.019553637,0.013481306,0.0038803078,0.8994281,external_test,Dark,102.0,fixed_feather,42,C:\Users\USER\Desktop\Articulo\Datasets\MESSIDOR2\fixed_feather\r224\IM003057.png,basename
APTOS,MESSIDOR2,IM003058.jpg,0,0,0.9305297,0.0513376,0.0053306413,0.011621876,0.0011801205,0.9305297,external_test,Dark,101.0,fixed_feather,42,C:\Users\USER\Desktop\Articulo\Datasets\MESSIDOR2\fixed_feather\r224\IM003058.png,basename
APTOS,MESSIDOR2,IM003070.jpg,0,0,0.97180307,0.015822094,0.0049793404,0.0070296573,0.0003658071,0.97180307,external_test,Dark,95.0,fixed_feather,42,C:\Users\USER\Desktop\Articulo\Datasets\MESSIDOR2\fixed_feather\r224\IM003070.png,basename
APTOS,MESSIDOR2,IM003071.jpg,0,0,0.98943263,0.00500523,0.0009613209,0.0040852022,0.0005156987,0.98943263,external_test,VeryDark,83.0,fixed_feather,42,C:\Users\USER\Desktop\Articulo\Datasets\MESSIDOR2\fixed_feather\r224\IM003071.png,basename
APTOS,MESSIDOR2,IM003108.jpg,0,0,0.9539444,0.024930999,0.012170551,0.007304209,0.0016499563,0.9539444,external_test,Dark,87.0,fixed_feather,42,C:\Users\USER\Desktop\Articulo\Datasets\MESSIDOR2\fixed_feather\r224\IM003108.png,basename
APTOS,MESSIDOR2,IM003110.jpg,0,0,0.8127125,0.09761715,0.023192618,0.05934232,0.00713541,0.8127125,external_test,Dark,96.0,fixed_feather,42,C:\Users\USER\Desktop\Articulo\Datasets\MESSIDOR2\fixed_feather\r224\IM003110.png,basename
APTOS,MESSIDOR2,IM003124.jpg,0,0,0.933139,0.01754675,0.0046362653,0.04365627,0.0010218018,0.933139,external_test,Dark,85.0,fixed_feather,42,C:\Users\USER\Desktop\Articulo\Datasets\MESSIDOR2\fixed_feather\r224\IM003124.png,basename
APTOS,MESSIDOR2,IM003125.jpg,0,0,0.9462843,0.024480937,0.004324473,0.024594298,0.00031601943,0.9462843,external_test,VeryDark,75.0,fixed_feather,42,C:\Users\USER\Desktop\Articulo\Datasets\MESSIDOR2\fixed_feather\r224\IM003125.png,basename
APTOS,MESSIDOR2,IM003146.jpg,1,0,0.92633414,0.022071308,0.009406983,0.0052658,0.03692173,0.92633414,external_test,Normal,126.0,fixed_feather,42,C:\Users\USER\Desktop\Articulo\Datasets\MESSIDOR2\fixed_feather\r224\IM003146.png,basename
APTOS,MESSIDOR2,IM003147.jpg,0,0,0.95486873,0.011432899,0.0031206214,0.006286703,0.024291055,0.95486873,external_test,Bright,133.0,fixed_feather,42,C:\Users\USER\Desktop\Articulo\Datasets\MESSIDOR2\fixed_feather\r224\IM003147.png,basename
APTOS,MESSIDOR2,IM003160.jpg,0,0,0.96987456,0.017190224,0.005410614,0.00719746,0.0003271691,0.96987456,external_test,VeryDark,80.0,fixed_feather,42,C:\Users\USER\Desktop\Articulo\Datasets\MESSIDOR2\fixed_feather\r224\IM003160.png,basename
APTOS,MESSIDOR2,IM003161.jpg,0,0,0.8544008,0.092405945,0.019805633,0.027013015,0.006374613,0.8544008,external_test,VeryDark,81.0,fixed_feather,42,C:\Users\USER\Desktop\Articulo\Datasets\MESSIDOR2\fixed_feather\r224\IM003161.png,basename
APTOS,MESSIDOR2,IM003175.jpg,0,0,0.496107,0.05108112,0.104256175,0.19352259,0.15503305,0.496107,external_test,Dark,86.0,fixed_feather,42,C:\Users\USER\Desktop\Articulo\Datasets\MESSIDOR2\fixed_feather\r224\IM003175.png,basename
APTOS,MESSIDOR2,IM003176.jpg,0,0,0.8770222,0.046078216,0.033404037,0.014027003,0.029468574,0.8770222,external_test,VeryDark,78.0,fixed_feather,42,C:\Users\USER\Desktop\Articulo\Datasets\MESSIDOR2\fixed_feather\r224\IM003176.png,basename
APTOS,MESSIDOR2,IM003207.jpg,0,0,0.88020205,0.04547581,0.036013417,0.035514086,0.0027946364,0.88020205,external_test,Dark,105.0,fixed_feather,42,C:\Users\USER\Desktop\Articulo\Datasets\MESSIDOR2\fixed_feather\r224\IM003207.png,basename
APTOS,MESSIDOR2,IM003208.jpg,0,0,0.75025076,0.033284143,0.19241259,0.011069082,0.01298343,0.75025076,external_test,ExtremelyDark,62.0,fixed_feather,42,C:\Users\USER\Desktop\Articulo\Datasets\MESSIDOR2\fixed_feather\r224\IM003208.png,basename
APTOS,MESSIDOR2,IM003214.jpg,0,0,0.92918247,0.041970365,0.003628947,0.024950616,0.0002675633,0.92918247,external_test,VeryDark,73.0,fixed_feather,42,C:\Users\USER\Desktop\Articulo\Datasets\MESSIDOR2\fixed_feather\r224\IM003214.png,basename
APTOS,MESSIDOR2,IM003215.jpg,0,0,0.8065236,0.13447763,0.02611514,0.03050264,0.0023810046,0.8065236,external_test,ExtremelyDark,58.0,fixed_feather,42,C:\Users\USER\Desktop\Articulo\Datasets\MESSIDOR2\fixed_feather\r224\IM003215.png,basename
APTOS,MESSIDOR2,IM003221.jpg,1,0,0.8550028,0.072141536,0.018519009,0.053270195,0.0010664245,0.8550028,external_test,VeryDark,70.0,fixed_feather,42,C:\Users\USER\Desktop\Articulo\Datasets\MESSIDOR2\fixed_feather\r224\IM003221.png,basename
APTOS,MESSIDOR2,IM003222.jpg,1,0,0.86789894,0.029720223,0.0015774413,0.10067419,0.00012926759,0.86789894,external_test,ExtremelyDark,64.0,fixed_feather,42,C:\Users\USER\Desktop\Articulo\Datasets\MESSIDOR2\fixed_feather\r224\IM003222.png,basename
APTOS,MESSIDOR2,IM003229.jpg,4,4,0.18028869,0.0016811657,0.0038879907,0.053046916,0.7610952,0.7610952,external_test,Dark,87.0,fixed_feather,42,C:\Users\USER\Desktop\Articulo\Datasets\MESSIDOR2\fixed_feather\r224\IM003229.png,basename
APTOS,MESSIDOR2,IM003230.jpg,4,0,0.70417875,0.0118688075,0.042006724,0.055386957,0.18655881,0.70417875,external_test,Dark,96.0,fixed_feather,42,C:\Users\USER\Desktop\Articulo\Datasets\MESSIDOR2\fixed_feather\r224\IM003230.png,basename
APTOS,MESSIDOR2,IM003243.jpg,0,0,0.6631953,0.22594285,0.053285554,0.054883666,0.0026926475,0.6631953,external_test,VeryDark,82.0,fixed_feather,42,C:\Users\USER\Desktop\Articulo\Datasets\MESSIDOR2\fixed_feather\r224\IM003243.png,basename
APTOS,MESSIDOR2,IM003244.jpg,0,0,0.9496569,0.014764993,0.00081728905,0.03463252,0.00012828004,0.9496569,external_test,VeryDark,79.0,fixed_feather,42,C:\Users\USER\Desktop\Articulo\Datasets\MESSIDOR2\fixed_feather\r224\IM003244.png,basename
APTOS,MESSIDOR2,IM003264.jpg,0,0,0.9099747,0.053137764,0.010845432,0.023374772,0.002667302,0.9099747,external_test,Dark,89.0,fixed_feather,42,C:\Users\USER\Desktop\Articulo\Datasets\MESSIDOR2\fixed_feather\r224\IM003264.png,basename
APTOS,MESSIDOR2,IM003265.jpg,0,0,0.9066302,0.049378403,0.0061376714,0.037007544,0.00084609794,0.9066302,external_test,Dark,90.0,fixed_feather,42,C:\Users\USER\Desktop\Articulo\Datasets\MESSIDOR2\fixed_feather\r224\IM003265.png,basename
APTOS,MESSIDOR2,IM003286.jpg,0,0,0.8777879,0.041810654,0.045951635,0.03143252,0.0030173585,0.8777879,external_test,ExtremelyDark,69.0,fixed_feather,42,C:\Users\USER\Desktop\Articulo\Datasets\MESSIDOR2\fixed_feather\r224\IM003286.png,basename
APTOS,MESSIDOR2,IM003287.jpg,0,0,0.9386215,0.027223194,0.014276205,0.01448282,0.00539627,0.9386215,external_test,ExtremelyDark,66.0,fixed_feather,42,C:\Users\USER\Desktop\Articulo\Datasets\MESSIDOR2\fixed_feather\r224\IM003287.png,basename
APTOS,MESSIDOR2,IM003323.jpg,0,0,0.9261215,0.046617642,0.0034289819,0.0229169,0.0009149651,0.9261215,external_test,Dark,91.0,fixed_feather,42,C:\Users\USER\Desktop\Articulo\Datasets\MESSIDOR2\fixed_feather\r224\IM003323.png,basename
APTOS,MESSIDOR2,IM003324.jpg,0,0,0.8694817,0.09429788,0.010652039,0.024378996,0.0011893731,0.8694817,external_test,VeryDark,73.0,fixed_feather,42,C:\Users\USER\Desktop\Articulo\Datasets\MESSIDOR2\fixed_feather\r224\IM003324.png,basename
APTOS,MESSIDOR2,IM003330.jpg,1,0,0.9400511,0.016809033,0.0018764461,0.038351472,0.0029118576,0.9400511,external_test,Dark,90.0,fixed_feather,42,C:\Users\USER\Desktop\Articulo\Datasets\MESSIDOR2\fixed_feather\r224\IM003330.png,basename
APTOS,MESSIDOR2,IM003331.jpg,0,0,0.8002787,0.078712314,0.008818737,0.110271975,0.0019182671,0.8002787,external_test,VeryDark,77.0,fixed_feather,42,C:\Users\USER\Desktop\Articulo\Datasets\MESSIDOR2\fixed_feather\r224\IM003331.png,basename
APTOS,MESSIDOR2,IM003337.jpg,0,0,0.8148409,0.1115782,0.013196011,0.058351837,0.0020330683,0.8148409,external_test,VeryDark,76.0,fixed_feather,42,C:\Users\USER\Desktop\Articulo\Datasets\MESSIDOR2\fixed_feather\r224\IM003337.png,basename
APTOS,MESSIDOR2,IM003338.jpg,0,0,0.8480564,0.08684946,0.004086425,0.059691384,0.0013164278,0.8480564,external_test,VeryDark,75.0,fixed_feather,42,C:\Users\USER\Desktop\Articulo\Datasets\MESSIDOR2\fixed_feather\r224\IM003338.png,basename
APTOS,MESSIDOR2,IM003359.jpg,4,0,0.6484826,0.110697374,0.12769933,0.081988454,0.03113225,0.6484826,external_test,Dark,106.0,fixed_feather,42,C:\Users\USER\Desktop\Articulo\Datasets\MESSIDOR2\fixed_feather\r224\IM003359.png,basename
APTOS,MESSIDOR2,IM003360.jpg,4,2,0.2440813,0.16026202,0.38768005,0.08738486,0.12059177,0.38768005,external_test,ExtremelyDark,61.0,fixed_feather,42,C:\Users\USER\Desktop\Articulo\Datasets\MESSIDOR2\fixed_feather\r224\IM003360.png,basename
APTOS,MESSIDOR2,IM003381.jpg,0,0,0.79952824,0.1103517,0.018554095,0.057843845,0.013722058,0.79952824,external_test,Dark,86.0,fixed_feather,42,C:\Users\USER\Desktop\Articulo\Datasets\MESSIDOR2\fixed_feather\r224\IM003381.png,basename
APTOS,MESSIDOR2,IM003382.jpg,0,0,0.8833701,0.061324634,0.009651166,0.04032462,0.0053295246,0.8833701,external_test,Dark,86.0,fixed_feather,42,C:\Users\USER\Desktop\Articulo\Datasets\MESSIDOR2\fixed_feather\r224\IM003382.png,basename
APTOS,MESSIDOR2,IM003390.jpg,0,0,0.95831233,0.01647511,0.002309972,0.022737091,0.0001655073,0.95831233,external_test,Dark,89.0,fixed_feather,42,C:\Users\USER\Desktop\Articulo\Datasets\MESSIDOR2\fixed_feather\r224\IM003390.png,basename
APTOS,MESSIDOR2,IM003391.jpg,0,0,0.8973263,0.055714447,0.021941297,0.02314264,0.001875306,0.8973263,external_test,Dark,90.0,fixed_feather,42,C:\Users\USER\Desktop\Articulo\Datasets\MESSIDOR2\fixed_feather\r224\IM003391.png,basename
APTOS,MESSIDOR2,IM003405.jpg,0,0,0.9383863,0.03467363,0.0067817895,0.01900287,0.0011554296,0.9383863,external_test,VeryDark,84.0,fixed_feather,42,C:\Users\USER\Desktop\Articulo\Datasets\MESSIDOR2\fixed_feather\r224\IM003405.png,basename
APTOS,MESSIDOR2,IM003406.jpg,0,0,0.94802684,0.03609438,0.0023691023,0.012202224,0.0013075055,0.94802684,external_test,VeryDark,83.0,fixed_feather,42,C:\Users\USER\Desktop\Articulo\Datasets\MESSIDOR2\fixed_feather\r224\IM003406.png,basename
APTOS,MESSIDOR2,IM003412.jpg,0,0,0.8075932,0.10036199,0.05942117,0.026880676,0.0057429885,0.8075932,external_test,Dark,103.0,fixed_feather,42,C:\Users\USER\Desktop\Articulo\Datasets\MESSIDOR2\fixed_feather\r224\IM003412.png,basename
APTOS,MESSIDOR2,IM003413.jpg,0,0,0.93320215,0.00071870355,0.0017996073,0.06173667,0.002542896,0.93320215,external_test,Normal,121.0,fixed_feather,42,C:\Users\USER\Desktop\Articulo\Datasets\MESSIDOR2\fixed_feather\r224\IM003413.png,basename
APTOS,MESSIDOR2,IM003423.jpg,0,0,0.5296073,0.060049757,0.040717926,0.36695066,0.0026743314,0.5296073,external_test,VeryDark,76.0,fixed_feather,42,C:\Users\USER\Desktop\Articulo\Datasets\MESSIDOR2\fixed_feather\r224\IM003423.png,basename
APTOS,MESSIDOR2,IM003424.jpg,0,0,0.7908322,0.061019666,0.033427767,0.11392366,0.00079667295,0.7908322,external_test,VeryDark,76.0,fixed_feather,42,C:\Users\USER\Desktop\Articulo\Datasets\MESSIDOR2\fixed_feather\r224\IM003424.png,basename
APTOS,MESSIDOR2,IM003430.jpg,2,0,0.92124647,0.033968277,0.013940027,0.029228687,0.0016166213,0.92124647,external_test,Dark,94.0,fixed_feather,42,C:\Users\USER\Desktop\Articulo\Datasets\MESSIDOR2\fixed_feather\r224\IM003430.png,basename
APTOS,MESSIDOR2,IM003431.jpg,2,0,0.8574547,0.040867303,0.009196699,0.08868708,0.0037941956,0.8574547,external_test,Dark,97.0,fixed_feather,42,C:\Users\USER\Desktop\Articulo\Datasets\MESSIDOR2\fixed_feather\r224\IM003431.png,basename
APTOS,MESSIDOR2,IM003453.jpg,0,0,0.93959445,0.04439323,0.0030840593,0.01184756,0.0010807845,0.93959445,external_test,VeryDark,75.0,fixed_feather,42,C:\Users\USER\Desktop\Articulo\Datasets\MESSIDOR2\fixed_feather\r224\IM003453.png,basename
APTOS,MESSIDOR2,IM003454.jpg,0,0,0.9080919,0.05787917,0.006224263,0.02494859,0.0028560373,0.9080919,external_test,VeryDark,77.0,fixed_feather,42,C:\Users\USER\Desktop\Articulo\Datasets\MESSIDOR2\fixed_feather\r224\IM003454.png,basename
APTOS,MESSIDOR2,IM003467.jpg,0,0,0.9547078,0.02664241,0.00863057,0.008344766,0.0016744914,0.9547078,external_test,Dark,97.0,fixed_feather,42,C:\Users\USER\Desktop\Articulo\Datasets\MESSIDOR2\fixed_feather\r224\IM003467.png,basename
APTOS,MESSIDOR2,IM003468.jpg,0,0,0.79397327,0.10565512,0.071844995,0.025648212,0.002878327,0.79397327,external_test,VeryDark,81.0,fixed_feather,42,C:\Users\USER\Desktop\Articulo\Datasets\MESSIDOR2\fixed_feather\r224\IM003468.png,basename
APTOS,MESSIDOR2,IM003474.jpg,0,0,0.8283069,0.10054941,0.033163752,0.031209638,0.006770238,0.8283069,external_test,Dark,87.0,fixed_feather,42,C:\Users\USER\Desktop\Articulo\Datasets\MESSIDOR2\fixed_feather\r224\IM003474.png,basename
APTOS,MESSIDOR2,IM003475.jpg,1,0,0.6983747,0.16984712,0.048899725,0.07696581,0.0059126182,0.6983747,external_test,Dark,106.0,fixed_feather,42,C:\Users\USER\Desktop\Articulo\Datasets\MESSIDOR2\fixed_feather\r224\IM003475.png,basename
APTOS,MESSIDOR2,IM003481.jpg,3,0,0.63257074,0.17045283,0.018529383,0.17546809,0.0029789263,0.63257074,external_test,Dark,91.0,fixed_feather,42,C:\Users\USER\Desktop\Articulo\Datasets\MESSIDOR2\fixed_feather\r224\IM003481.png,basename
APTOS,MESSIDOR2,IM003482.jpg,2,0,0.6610087,0.08611666,0.009268468,0.23760304,0.0060030874,0.6610087,external_test,Dark,94.0,fixed_feather,42,C:\Users\USER\Desktop\Articulo\Datasets\MESSIDOR2\fixed_feather\r224\IM003482.png,basename
APTOS,MESSIDOR2,IM003519.jpg,0,0,0.9217396,0.021151673,0.00853638,0.04773118,0.00084127113,0.9217396,external_test,VeryDark,83.0,fixed_feather,42,C:\Users\USER\Desktop\Articulo\Datasets\MESSIDOR2\fixed_feather\r224\IM003519.png,basename
APTOS,MESSIDOR2,IM003520.jpg,0,0,0.9455731,0.020873483,0.0068743695,0.026269248,0.000409897,0.9455731,external_test,VeryDark,71.0,fixed_feather,42,C:\Users\USER\Desktop\Articulo\Datasets\MESSIDOR2\fixed_feather\r224\IM003520.png,basename
APTOS,MESSIDOR2,IM003563.jpg,0,0,0.8433122,0.05914707,0.004449218,0.08706985,0.0060217152,0.8433122,external_test,Dark,104.0,fixed_feather,42,C:\Users\USER\Desktop\Articulo\Datasets\MESSIDOR2\fixed_feather\r224\IM003563.png,basename
APTOS,MESSIDOR2,IM003564.jpg,0,0,0.94960636,0.021226112,0.0022100979,0.025283108,0.0016742438,0.94960636,external_test,Dark,92.0,fixed_feather,42,C:\Users\USER\Desktop\Articulo\Datasets\MESSIDOR2\fixed_feather\r224\IM003564.png,basename
APTOS,MESSIDOR2,IM003570.jpg,0,0,0.80908686,0.083694644,0.016038047,0.07701734,0.0141631095,0.80908686,external_test,Dark,92.0,fixed_feather,42,C:\Users\USER\Desktop\Articulo\Datasets\MESSIDOR2\fixed_feather\r224\IM003570.png,basename
APTOS,MESSIDOR2,IM003571.jpg,0,0,0.9306523,0.046346948,0.0066634077,0.01255408,0.0037831503,0.9306523,external_test,Dark,90.0,fixed_feather,42,C:\Users\USER\Desktop\Articulo\Datasets\MESSIDOR2\fixed_feather\r224\IM003571.png,basename
APTOS,MESSIDOR2,IM003577.jpg,0,0,0.98965305,0.005954655,0.0007437486,0.0026310277,0.0010175722,0.98965305,external_test,Dark,94.0,fixed_feather,42,C:\Users\USER\Desktop\Articulo\Datasets\MESSIDOR2\fixed_feather\r224\IM003577.png,basename
APTOS,MESSIDOR2,IM003580.jpg,0,0,0.98895335,0.0028960381,0.0013820871,0.0065140333,0.00025453235,0.98895335,external_test,VeryDark,77.0,fixed_feather,42,C:\Users\USER\Desktop\Articulo\Datasets\MESSIDOR2\fixed_feather\r224\IM003580.png,basename
APTOS,MESSIDOR2,IM003595.jpg,0,0,0.84982884,0.092094876,0.023929266,0.031545233,0.0026017285,0.84982884,external_test,Dark,91.0,fixed_feather,42,C:\Users\USER\Desktop\Articulo\Datasets\MESSIDOR2\fixed_feather\r224\IM003595.png,basename
APTOS,MESSIDOR2,IM003596.jpg,0,0,0.8132337,0.10714423,0.015674464,0.060556665,0.0033909013,0.8132337,external_test,VeryDark,80.0,fixed_feather,42,C:\Users\USER\Desktop\Articulo\Datasets\MESSIDOR2\fixed_feather\r224\IM003596.png,basename
APTOS,MESSIDOR2,IM003602.jpg,1,0,0.8958716,0.049526475,0.009218038,0.041731313,0.0036526585,0.8958716,external_test,Dark,103.0,fixed_feather,42,C:\Users\USER\Desktop\Articulo\Datasets\MESSIDOR2\fixed_feather\r224\IM003602.png,basename
APTOS,MESSIDOR2,IM003603.jpg,1,0,0.8999363,0.06333277,0.013153464,0.0211479,0.0024294746,0.8999363,external_test,Dark,100.0,fixed_feather,42,C:\Users\USER\Desktop\Articulo\Datasets\MESSIDOR2\fixed_feather\r224\IM003603.png,basename
APTOS,MESSIDOR2,IM003625.jpg,0,0,0.9552344,0.028448941,0.0055871923,0.0053199865,0.005409387,0.9552344,external_test,Dark,99.0,fixed_feather,42,C:\Users\USER\Desktop\Articulo\Datasets\MESSIDOR2\fixed_feather\r224\IM003625.png,basename
APTOS,MESSIDOR2,IM003626.jpg,0,0,0.95661986,0.03095359,0.0040449486,0.008061095,0.00032056303,0.95661986,external_test,ExtremelyDark,57.0,fixed_feather,42,C:\Users\USER\Desktop\Articulo\Datasets\MESSIDOR2\fixed_feather\r224\IM003626.png,basename
APTOS,MESSIDOR2,IM003632.jpg,0,0,0.85192513,0.07475405,0.010289839,0.06097546,0.0020554953,0.85192513,external_test,Dark,95.0,fixed_feather,42,C:\Users\USER\Desktop\Articulo\Datasets\MESSIDOR2\fixed_feather\r224\IM003632.png,basename
APTOS,MESSIDOR2,IM003633.jpg,0,0,0.9033959,0.060717046,0.013215548,0.02101746,0.0016540018,0.9033959,external_test,VeryDark,74.0,fixed_feather,42,C:\Users\USER\Desktop\Articulo\Datasets\MESSIDOR2\fixed_feather\r224\IM003633.png,basename
APTOS,MESSIDOR2,IM003640.jpg,0,0,0.923609,0.030204711,0.017197497,0.020373877,0.008614874,0.923609,external_test,Dark,97.0,fixed_feather,42,C:\Users\USER\Desktop\Articulo\Datasets\MESSIDOR2\fixed_feather\r224\IM003640.png,basename
APTOS,MESSIDOR2,IM003641.jpg,0,0,0.8448105,0.061456364,0.020452715,0.050145064,0.02313538,0.8448105,external_test,VeryDark,82.0,fixed_feather,42,C:\Users\USER\Desktop\Articulo\Datasets\MESSIDOR2\fixed_feather\r224\IM003641.png,basename
APTOS,MESSIDOR2,IM003687.jpg,2,0,0.8396824,0.07549613,0.06371119,0.014934485,0.0061756517,0.8396824,external_test,Normal,121.0,fixed_feather,42,C:\Users\USER\Desktop\Articulo\Datasets\MESSIDOR2\fixed_feather\r224\IM003687.png,basename
APTOS,MESSIDOR2,IM003688.jpg,1,0,0.650293,0.082677506,0.23040791,0.025424585,0.011197043,0.650293,external_test,Normal,119.0,fixed_feather,42,C:\Users\USER\Desktop\Articulo\Datasets\MESSIDOR2\fixed_feather\r224\IM003688.png,basename
APTOS,MESSIDOR2,IM003694.jpg,0,0,0.8510546,0.06460387,0.009299025,0.072277285,0.0027652592,0.8510546,external_test,Normal,109.0,fixed_feather,42,C:\Users\USER\Desktop\Articulo\Datasets\MESSIDOR2\fixed_feather\r224\IM003694.png,basename
APTOS,MESSIDOR2,IM003695.jpg,0,0,0.94269276,0.026400987,0.0072614183,0.022982314,0.00066255935,0.94269276,external_test,Dark,106.0,fixed_feather,42,C:\Users\USER\Desktop\Articulo\Datasets\MESSIDOR2\fixed_feather\r224\IM003695.png,basename
APTOS,MESSIDOR2,IM003719.jpg,0,0,0.9446339,0.012803928,0.021948475,0.018920101,0.0016936207,0.9446339,external_test,Dark,88.0,fixed_feather,42,C:\Users\USER\Desktop\Articulo\Datasets\MESSIDOR2\fixed_feather\r224\IM003719.png,basename
APTOS,MESSIDOR2,IM003725.jpg,0,0,0.9452387,0.027694127,0.002676853,0.023037333,0.0013529707,0.9452387,external_test,Dark,97.0,fixed_feather,42,C:\Users\USER\Desktop\Articulo\Datasets\MESSIDOR2\fixed_feather\r224\IM003725.png,basename
APTOS,MESSIDOR2,IM003726.jpg,0,0,0.91296893,0.06545192,0.00770882,0.013296737,0.00057353766,0.91296893,external_test,VeryDark,80.0,fixed_feather,42,C:\Users\USER\Desktop\Articulo\Datasets\MESSIDOR2\fixed_feather\r224\IM003726.png,basename
APTOS,MESSIDOR2,IM003746.jpg,0,0,0.98462474,0.006932399,0.0006468263,0.007164619,0.00063136045,0.98462474,external_test,VeryDark,78.0,fixed_feather,42,C:\Users\USER\Desktop\Articulo\Datasets\MESSIDOR2\fixed_feather\r224\IM003746.png,basename
APTOS,MESSIDOR2,IM003747.jpg,0,0,0.97251296,0.01653748,0.004004621,0.005293411,0.0016516093,0.97251296,external_test,ExtremelyDark,53.0,fixed_feather,42,C:\Users\USER\Desktop\Articulo\Datasets\MESSIDOR2\fixed_feather\r224\IM003747.png,basename
APTOS,MESSIDOR2,IM003758.jpg,0,0,0.9647839,0.023012742,0.0054412433,0.005066262,0.0016958673,0.9647839,external_test,VeryDark,74.0,fixed_feather,42,C:\Users\USER\Desktop\Articulo\Datasets\MESSIDOR2\fixed_feather\r224\IM003758.png,basename
APTOS,MESSIDOR2,IM003759.jpg,0,0,0.98249304,0.011180936,0.0010936579,0.0045337733,0.00069846207,0.98249304,external_test,Dark,86.0,fixed_feather,42,C:\Users\USER\Desktop\Articulo\Datasets\MESSIDOR2\fixed_feather\r224\IM003759.png,basename
APTOS,MESSIDOR2,IM003765.jpg,0,0,0.94933105,0.028664587,0.00507775,0.016314777,0.0006117755,0.94933105,external_test,Dark,108.0,fixed_feather,42,C:\Users\USER\Desktop\Articulo\Datasets\MESSIDOR2\fixed_feather\r224\IM003765.png,basename
APTOS,MESSIDOR2,IM003766.jpg,0,0,0.94282657,0.030962989,0.008008391,0.016846182,0.0013559089,0.94282657,external_test,Dark,108.0,fixed_feather,42,C:\Users\USER\Desktop\Articulo\Datasets\MESSIDOR2\fixed_feather\r224\IM003766.png,basename
APTOS,MESSIDOR2,IM003772.jpg,2,0,0.86289114,0.096725896,0.010464802,0.025779458,0.0041388087,0.86289114,external_test,VeryDark,82.0,fixed_feather,42,C:\Users\USER\Desktop\Articulo\Datasets\MESSIDOR2\fixed_feather\r224\IM003772.png,basename
APTOS,MESSIDOR2,IM003773.jpg,1,0,0.9401401,0.01739761,0.007633906,0.027724301,0.0071040755,0.9401401,external_test,Dark,86.0,fixed_feather,42,C:\Users\USER\Desktop\Articulo\Datasets\MESSIDOR2\fixed_feather\r224\IM003773.png,basename
APTOS,MESSIDOR2,IM003787.jpg,0,0,0.7947495,0.12526427,0.03582521,0.031332187,0.012828857,0.7947495,external_test,ExtremelyDark,48.0,fixed_feather,42,C:\Users\USER\Desktop\Articulo\Datasets\MESSIDOR2\fixed_feather\r224\IM003787.png,basename
APTOS,MESSIDOR2,IM003788.jpg,0,0,0.82174194,0.13936378,0.011671396,0.015586683,0.0116361715,0.82174194,external_test,ExtremelyDark,47.0,fixed_feather,42,C:\Users\USER\Desktop\Articulo\Datasets\MESSIDOR2\fixed_feather\r224\IM003788.png,basename
APTOS,MESSIDOR2,IM003794.jpg,0,0,0.8432412,0.13309988,0.008913284,0.011365591,0.0033800309,0.8432412,external_test,Normal,109.0,fixed_feather,42,C:\Users\USER\Desktop\Articulo\Datasets\MESSIDOR2\fixed_feather\r224\IM003794.png,basename
APTOS,MESSIDOR2,IM003795.jpg,0,0,0.8955731,0.067823775,0.016471472,0.019350097,0.0007815414,0.8955731,external_test,Normal,110.0,fixed_feather,42,C:\Users\USER\Desktop\Articulo\Datasets\MESSIDOR2\fixed_feather\r224\IM003795.png,basename
APTOS,MESSIDOR2,IM003811.jpg,2,0,0.8973299,0.059521604,0.021821065,0.020919789,0.00040764466,0.8973299,external_test,VeryDark,82.0,fixed_feather,42,C:\Users\USER\Desktop\Articulo\Datasets\MESSIDOR2\fixed_feather\r224\IM003811.png,basename
APTOS,MESSIDOR2,IM003812.jpg,0,0,0.88264245,0.0940664,0.0051441323,0.017219767,0.0009273237,0.88264245,external_test,VeryDark,77.0,fixed_feather,42,C:\Users\USER\Desktop\Articulo\Datasets\MESSIDOR2\fixed_feather\r224\IM003812.png,basename
APTOS,MESSIDOR2,IM003826.jpg,0,0,0.9728105,0.013724859,0.0023012722,0.010169951,0.0009934823,0.9728105,external_test,Dark,88.0,fixed_feather,42,C:\Users\USER\Desktop\Articulo\Datasets\MESSIDOR2\fixed_feather\r224\IM003826.png,basename
APTOS,MESSIDOR2,IM003827.jpg,0,0,0.97171944,0.013817358,0.0043928293,0.009404172,0.00066622597,0.97171944,external_test,VeryDark,80.0,fixed_feather,42,C:\Users\USER\Desktop\Articulo\Datasets\MESSIDOR2\fixed_feather\r224\IM003827.png,basename
APTOS,MESSIDOR2,IM003840.jpg,0,0,0.96915686,0.023350699,0.0039856015,0.0018602745,0.0016464096,0.96915686,external_test,VeryDark,80.0,fixed_feather,42,C:\Users\USER\Desktop\Articulo\Datasets\MESSIDOR2\fixed_feather\r224\IM003840.png,basename
APTOS,MESSIDOR2,IM003841.jpg,0,0,0.9247334,0.061785053,0.0072769006,0.0025499891,0.0036545862,0.9247334,external_test,VeryDark,72.0,fixed_feather,42,C:\Users\USER\Desktop\Articulo\Datasets\MESSIDOR2\fixed_feather\r224\IM003841.png,basename
APTOS,MESSIDOR2,IM003856.jpg,0,0,0.88116425,0.056459703,0.016015423,0.04436647,0.0019940832,0.88116425,external_test,Dark,108.0,fixed_feather,42,C:\Users\USER\Desktop\Articulo\Datasets\MESSIDOR2\fixed_feather\r224\IM003856.png,basename
APTOS,MESSIDOR2,IM003857.jpg,0,0,0.91627073,0.04878386,0.009963013,0.024630154,0.00035230856,0.91627073,external_test,Dark,99.0,fixed_feather,42,C:\Users\USER\Desktop\Articulo\Datasets\MESSIDOR2\fixed_feather\r224\IM003857.png,basename
APTOS,MESSIDOR2,IM003878.jpg,0,0,0.92693734,0.032152377,0.0029822637,0.037243444,0.00068458414,0.92693734,external_test,VeryDark,74.0,fixed_feather,42,C:\Users\USER\Desktop\Articulo\Datasets\MESSIDOR2\fixed_feather\r224\IM003878.png,basename
APTOS,MESSIDOR2,IM003879.jpg,0,0,0.86919034,0.06951228,0.0033068452,0.057622798,0.00036774113,0.86919034,external_test,VeryDark,74.0,fixed_feather,42,C:\Users\USER\Desktop\Articulo\Datasets\MESSIDOR2\fixed_feather\r224\IM003879.png,basename
APTOS,MESSIDOR2,IM003893.jpg,0,0,0.98488855,0.0069595273,0.0008972524,0.0055700117,0.001684669,0.98488855,external_test,VeryDark,77.0,fixed_feather,42,C:\Users\USER\Desktop\Articulo\Datasets\MESSIDOR2\fixed_feather\r224\IM003893.png,basename
APTOS,MESSIDOR2,IM003894.jpg,0,0,0.98080504,0.008159995,0.0008606844,0.009246486,0.00092776347,0.98080504,external_test,VeryDark,70.0,fixed_feather,42,C:\Users\USER\Desktop\Articulo\Datasets\MESSIDOR2\fixed_feather\r224\IM003894.png,basename
APTOS,MESSIDOR2,IM003909.jpg,0,0,0.873971,0.049853615,0.026435621,0.046621133,0.0031187087,0.873971,external_test,Dark,97.0,fixed_feather,42,C:\Users\USER\Desktop\Articulo\Datasets\MESSIDOR2\fixed_feather\r224\IM003909.png,basename
APTOS,MESSIDOR2,IM003910.jpg,0,0,0.8958818,0.060890462,0.021225657,0.019425234,0.0025768466,0.8958818,external_test,Dark,93.0,fixed_feather,42,C:\Users\USER\Desktop\Articulo\Datasets\MESSIDOR2\fixed_feather\r224\IM003910.png,basename
APTOS,MESSIDOR2,IM003924.jpg,0,0,0.91910994,0.05314413,0.002638354,0.019285385,0.005822272,0.91910994,external_test,VeryDark,72.0,fixed_feather,42,C:\Users\USER\Desktop\Articulo\Datasets\MESSIDOR2\fixed_feather\r224\IM003924.png,basename
APTOS,MESSIDOR2,IM003925.jpg,0,0,0.94603735,0.030064208,0.0033913292,0.019951608,0.0005555314,0.94603735,external_test,VeryDark,74.0,fixed_feather,42,C:\Users\USER\Desktop\Articulo\Datasets\MESSIDOR2\fixed_feather\r224\IM003925.png,basename
APTOS,MESSIDOR2,IM003949.jpg,0,0,0.95073694,0.025813486,0.0029189552,0.020437742,9.277544e-05,0.95073694,external_test,Dark,95.0,fixed_feather,42,C:\Users\USER\Desktop\Articulo\Datasets\MESSIDOR2\fixed_feather\r224\IM003949.png,basename
APTOS,MESSIDOR2,IM003950.jpg,0,0,0.92717475,0.02017027,0.0371478,0.012551836,0.0029554537,0.92717475,external_test,ExtremelyDark,46.0,fixed_feather,42,C:\Users\USER\Desktop\Articulo\Datasets\MESSIDOR2\fixed_feather\r224\IM003950.png,basename
APTOS,MESSIDOR2,IM003968.jpg,0,0,0.96482277,0.01777751,0.0010644975,0.015955225,0.00038000484,0.96482277,external_test,ExtremelyDark,57.0,fixed_feather,42,C:\Users\USER\Desktop\Articulo\Datasets\MESSIDOR2\fixed_feather\r224\IM003968.png,basename
APTOS,MESSIDOR2,IM003969.jpg,0,0,0.90952283,0.046422612,0.010659044,0.020374961,0.0130205555,0.90952283,external_test,ExtremelyDark,69.0,fixed_feather,42,C:\Users\USER\Desktop\Articulo\Datasets\MESSIDOR2\fixed_feather\r224\IM003969.png,basename
APTOS,MESSIDOR2,IM003982.jpg,0,0,0.98854953,0.007577311,0.0017551775,0.0019288358,0.00018909566,0.98854953,external_test,Dark,96.0,fixed_feather,42,C:\Users\USER\Desktop\Articulo\Datasets\MESSIDOR2\fixed_feather\r224\IM003982.png,basename
APTOS,MESSIDOR2,IM003983.jpg,0,0,0.9744845,0.016312495,0.0022154956,0.0066834283,0.00030406105,0.9744845,external_test,VeryDark,82.0,fixed_feather,42,C:\Users\USER\Desktop\Articulo\Datasets\MESSIDOR2\fixed_feather\r224\IM003983.png,basename
APTOS,MESSIDOR2,IM003989.jpg,0,0,0.9585494,0.02106978,0.010979488,0.009158993,0.00024239355,0.9585494,external_test,VeryDark,77.0,fixed_feather,42,C:\Users\USER\Desktop\Articulo\Datasets\MESSIDOR2\fixed_feather\r224\IM003989.png,basename
APTOS,MESSIDOR2,IM003990.jpg,0,0,0.95717645,0.0097226035,0.00068725704,0.032276064,0.00013766589,0.95717645,external_test,VeryDark,71.0,fixed_feather,42,C:\Users\USER\Desktop\Articulo\Datasets\MESSIDOR2\fixed_feather\r224\IM003990.png,basename
APTOS,MESSIDOR2,IM004005.jpg,0,0,0.97249144,0.014910693,0.002295063,0.00976352,0.00053929776,0.97249144,external_test,ExtremelyDark,66.0,fixed_feather,42,C:\Users\USER\Desktop\Articulo\Datasets\MESSIDOR2\fixed_feather\r224\IM004005.png,basename
APTOS,MESSIDOR2,IM004006.jpg,0,0,0.9926092,0.0023595192,0.0016254457,0.003230654,0.00017521619,0.9926092,external_test,ExtremelyDark,53.0,fixed_feather,42,C:\Users\USER\Desktop\Articulo\Datasets\MESSIDOR2\fixed_feather\r224\IM004006.png,basename
APTOS,MESSIDOR2,IM004012.jpg,0,0,0.97434956,0.012882079,0.0053679836,0.006906392,0.0004940198,0.97434956,external_test,VeryDark,70.0,fixed_feather,42,C:\Users\USER\Desktop\Articulo\Datasets\MESSIDOR2\fixed_feather\r224\IM004012.png,basename
APTOS,MESSIDOR2,IM004013.jpg,0,0,0.9136581,0.056722593,0.009287748,0.017743723,0.0025878383,0.9136581,external_test,VeryDark,77.0,fixed_feather,42,C:\Users\USER\Desktop\Articulo\Datasets\MESSIDOR2\fixed_feather\r224\IM004013.png,basename
APTOS,MESSIDOR2,IM004027.jpg,0,0,0.93024045,0.027111746,0.03828976,0.00076775876,0.0035903235,0.93024045,external_test,Bright,139.0,fixed_feather,42,C:\Users\USER\Desktop\Articulo\Datasets\MESSIDOR2\fixed_feather\r224\IM004027.png,basename
APTOS,MESSIDOR2,IM004028.jpg,0,0,0.92033696,0.034820616,0.03975894,0.0011190964,0.003964497,0.92033696,external_test,Bright,139.0,fixed_feather,42,C:\Users\USER\Desktop\Articulo\Datasets\MESSIDOR2\fixed_feather\r224\IM004028.png,basename
APTOS,MESSIDOR2,IM004035.jpg,0,0,0.9041271,0.065131314,0.0078574475,0.020996923,0.0018872411,0.9041271,external_test,Dark,88.0,fixed_feather,42,C:\Users\USER\Desktop\Articulo\Datasets\MESSIDOR2\fixed_feather\r224\IM004035.png,basename
APTOS,MESSIDOR2,IM004036.jpg,0,0,0.9581383,0.016176904,0.0027969726,0.022498375,0.00038932965,0.9581383,external_test,ExtremelyDark,68.0,fixed_feather,42,C:\Users\USER\Desktop\Articulo\Datasets\MESSIDOR2\fixed_feather\r224\IM004036.png,basename
APTOS,MESSIDOR2,IM004052.jpg,2,3,0.35929522,0.041095316,0.054486737,0.5051218,0.04000088,0.5051218,external_test,ExtremelyDark,65.0,fixed_feather,42,C:\Users\USER\Desktop\Articulo\Datasets\MESSIDOR2\fixed_feather\r224\IM004052.png,basename
APTOS,MESSIDOR2,IM004053.jpg,2,3,0.29502204,0.0057175183,0.015998324,0.60010207,0.083160065,0.60010207,external_test,ExtremelyDark,61.0,fixed_feather,42,C:\Users\USER\Desktop\Articulo\Datasets\MESSIDOR2\fixed_feather\r224\IM004053.png,basename
APTOS,MESSIDOR2,IM004085.jpg,2,0,0.50628453,0.3191189,0.07596831,0.0970195,0.001608708,0.50628453,external_test,Dark,102.0,fixed_feather,42,C:\Users\USER\Desktop\Articulo\Datasets\MESSIDOR2\fixed_feather\r224\IM004085.png,basename
APTOS,MESSIDOR2,IM004086.jpg,1,0,0.7446684,0.12357189,0.031027917,0.099269025,0.0014626483,0.7446684,external_test,Normal,113.0,fixed_feather,42,C:\Users\USER\Desktop\Articulo\Datasets\MESSIDOR2\fixed_feather\r224\IM004086.png,basename
APTOS,MESSIDOR2,IM004092.jpg,0,0,0.9317144,0.027548445,0.009646252,0.030911209,0.00017966218,0.9317144,external_test,Dark,87.0,fixed_feather,42,C:\Users\USER\Desktop\Articulo\Datasets\MESSIDOR2\fixed_feather\r224\IM004092.png,basename
APTOS,MESSIDOR2,IM004093.jpg,0,0,0.8952238,0.045672387,0.0089094825,0.04944097,0.00075333583,0.8952238,external_test,Dark,86.0,fixed_feather,42,C:\Users\USER\Desktop\Articulo\Datasets\MESSIDOR2\fixed_feather\r224\IM004093.png,basename
APTOS,MESSIDOR2,IM004132.jpg,2,0,0.9294777,0.03469941,0.004473418,0.02960087,0.0017485482,0.9294777,external_test,Dark,87.0,fixed_feather,42,C:\Users\USER\Desktop\Articulo\Datasets\MESSIDOR2\fixed_feather\r224\IM004132.png,basename
APTOS,MESSIDOR2,IM004133.jpg,2,0,0.82683676,0.11587624,0.026104031,0.024331016,0.006852096,0.82683676,external_test,Dark,87.0,fixed_feather,42,C:\Users\USER\Desktop\Articulo\Datasets\MESSIDOR2\fixed_feather\r224\IM004133.png,basename
APTOS,MESSIDOR2,IM004154.jpg,0,0,0.9679614,0.020925585,0.00080624147,0.009126625,0.0011800778,0.9679614,external_test,VeryDark,82.0,fixed_feather,42,C:\Users\USER\Desktop\Articulo\Datasets\MESSIDOR2\fixed_feather\r224\IM004154.png,basename
APTOS,MESSIDOR2,IM004155.jpg,0,0,0.8885042,0.065999195,0.007737847,0.035879336,0.0018793755,0.8885042,external_test,VeryDark,83.0,fixed_feather,42,C:\Users\USER\Desktop\Articulo\Datasets\MESSIDOR2\fixed_feather\r224\IM004155.png,basename
APTOS,MESSIDOR2,IM004161.jpg,0,0,0.9527412,0.011375343,0.004118465,0.0311746,0.0005903373,0.9527412,external_test,Dark,106.0,fixed_feather,42,C:\Users\USER\Desktop\Articulo\Datasets\MESSIDOR2\fixed_feather\r224\IM004161.png,basename
APTOS,MESSIDOR2,IM004162.jpg,0,0,0.8546626,0.082691796,0.019339914,0.04212271,0.0011831045,0.8546626,external_test,Dark,88.0,fixed_feather,42,C:\Users\USER\Desktop\Articulo\Datasets\MESSIDOR2\fixed_feather\r224\IM004162.png,basename
APTOS,MESSIDOR2,IM004168.jpg,0,0,0.84422475,0.10566202,0.03449461,0.012146794,0.003471852,0.84422475,external_test,Dark,102.0,fixed_feather,42,C:\Users\USER\Desktop\Articulo\Datasets\MESSIDOR2\fixed_feather\r224\IM004168.png,basename
APTOS,MESSIDOR2,IM004169.jpg,0,0,0.94969904,0.032102484,0.010308389,0.004120861,0.0037692587,0.94969904,external_test,VeryDark,78.0,fixed_feather,42,C:\Users\USER\Desktop\Articulo\Datasets\MESSIDOR2\fixed_feather\r224\IM004169.png,basename
APTOS,MESSIDOR2,IM004177.jpg,0,0,0.9837624,0.008704188,0.0017652349,0.0056798696,8.830296e-05,0.9837624,external_test,VeryDark,82.0,fixed_feather,42,C:\Users\USER\Desktop\Articulo\Datasets\MESSIDOR2\fixed_feather\r224\IM004177.png,basename
APTOS,MESSIDOR2,IM004183.jpg,4,0,0.87488353,0.033436343,0.014742596,0.037975572,0.03896195,0.87488353,external_test,Dark,90.0,fixed_feather,42,C:\Users\USER\Desktop\Articulo\Datasets\MESSIDOR2\fixed_feather\r224\IM004183.png,basename
APTOS,MESSIDOR2,IM004184.jpg,1,0,0.8902851,0.07012952,0.010823475,0.02591393,0.0028479584,0.8902851,external_test,VeryDark,77.0,fixed_feather,42,C:\Users\USER\Desktop\Articulo\Datasets\MESSIDOR2\fixed_feather\r224\IM004184.png,basename
APTOS,MESSIDOR2,IM004191.jpg,0,0,0.9051291,0.059204098,0.011108085,0.014657449,0.009901293,0.9051291,external_test,Dark,99.0,fixed_feather,42,C:\Users\USER\Desktop\Articulo\Datasets\MESSIDOR2\fixed_feather\r224\IM004191.png,basename
APTOS,MESSIDOR2,IM004192.jpg,0,0,0.97741824,0.011113906,0.0006340003,0.010686621,0.00014730802,0.97741824,external_test,VeryDark,82.0,fixed_feather,42,C:\Users\USER\Desktop\Articulo\Datasets\MESSIDOR2\fixed_feather\r224\IM004192.png,basename
APTOS,MESSIDOR2,IM004207.jpg,2,0,0.90685254,0.0568093,0.010014491,0.024483511,0.0018402762,0.90685254,external_test,VeryDark,72.0,fixed_feather,42,C:\Users\USER\Desktop\Articulo\Datasets\MESSIDOR2\fixed_feather\r224\IM004207.png,basename
APTOS,MESSIDOR2,IM004208.jpg,2,0,0.95164424,0.024076026,0.013387871,0.009054196,0.0018376758,0.95164424,external_test,ExtremelyDark,61.0,fixed_feather,42,C:\Users\USER\Desktop\Articulo\Datasets\MESSIDOR2\fixed_feather\r224\IM004208.png,basename
APTOS,MESSIDOR2,IM004226.jpg,0,0,0.91134447,0.05505934,0.015995631,0.015361701,0.002238905,0.91134447,external_test,Dark,93.0,fixed_feather,42,C:\Users\USER\Desktop\Articulo\Datasets\MESSIDOR2\fixed_feather\r224\IM004226.png,basename
APTOS,MESSIDOR2,IM004227.jpg,0,0,0.8359978,0.13548233,0.014215472,0.0131411655,0.0011631338,0.8359978,external_test,VeryDark,74.0,fixed_feather,42,C:\Users\USER\Desktop\Articulo\Datasets\MESSIDOR2\fixed_feather\r224\IM004227.png,basename
APTOS,MESSIDOR2,IM004240.jpg,0,0,0.9583233,0.022682006,0.00296229,0.014171442,0.0018610074,0.9583233,external_test,Dark,96.0,fixed_feather,42,C:\Users\USER\Desktop\Articulo\Datasets\MESSIDOR2\fixed_feather\r224\IM004240.png,basename
APTOS,MESSIDOR2,IM004241.jpg,0,0,0.95692104,0.008004014,0.0044497475,0.026283424,0.0043417145,0.95692104,external_test,VeryDark,81.0,fixed_feather,42,C:\Users\USER\Desktop\Articulo\Datasets\MESSIDOR2\fixed_feather\r224\IM004241.png,basename
APTOS,MESSIDOR2,IM004251.jpg,0,0,0.78811073,0.12922852,0.057124715,0.022322819,0.0032133195,0.78811073,external_test,Dark,93.0,fixed_feather,42,C:\Users\USER\Desktop\Articulo\Datasets\MESSIDOR2\fixed_feather\r224\IM004251.png,basename
APTOS,MESSIDOR2,IM004252.jpg,0,0,0.5658132,0.16153242,0.16823488,0.096702546,0.0077169547,0.5658132,external_test,VeryDark,83.0,fixed_feather,42,C:\Users\USER\Desktop\Articulo\Datasets\MESSIDOR2\fixed_feather\r224\IM004252.png,basename
APTOS,MESSIDOR2,IM004261.jpg,0,0,0.89645,0.03971659,0.013058422,0.049959708,0.0008154197,0.89645,external_test,Dark,95.0,fixed_feather,42,C:\Users\USER\Desktop\Articulo\Datasets\MESSIDOR2\fixed_feather\r224\IM004261.png,basename
APTOS,MESSIDOR2,IM004262.jpg,0,0,0.89507836,0.056559198,0.0075078257,0.04031067,0.00054389075,0.89507836,external_test,Dark,91.0,fixed_feather,42,C:\Users\USER\Desktop\Articulo\Datasets\MESSIDOR2\fixed_feather\r224\IM004262.png,basename
APTOS,MESSIDOR2,IM004269.jpg,0,0,0.9896171,0.0037303509,0.00054979644,0.005654068,0.00044871404,0.9896171,external_test,Dark,93.0,fixed_feather,42,C:\Users\USER\Desktop\Articulo\Datasets\MESSIDOR2\fixed_feather\r224\IM004269.png,basename
APTOS,MESSIDOR2,IM004270.jpg,0,0,0.90953463,0.035064925,0.023629308,0.02512991,0.006641243,0.90953463,external_test,ExtremelyDark,69.0,fixed_feather,42,C:\Users\USER\Desktop\Articulo\Datasets\MESSIDOR2\fixed_feather\r224\IM004270.png,basename
APTOS,MESSIDOR2,IM004276.jpg,0,0,0.9645644,0.018044204,0.00532227,0.0064964355,0.0055726026,0.9645644,external_test,Dark,102.0,fixed_feather,42,C:\Users\USER\Desktop\Articulo\Datasets\MESSIDOR2\fixed_feather\r224\IM004276.png,basename
APTOS,MESSIDOR2,IM004277.jpg,0,0,0.76929647,0.10426738,0.06657644,0.032906275,0.026953394,0.76929647,external_test,Normal,111.0,fixed_feather,42,C:\Users\USER\Desktop\Articulo\Datasets\MESSIDOR2\fixed_feather\r224\IM004277.png,basename
APTOS,MESSIDOR2,IM004290.jpg,0,0,0.8907226,0.056162946,0.0151420655,0.029642265,0.008330142,0.8907226,external_test,Dark,100.0,fixed_feather,42,C:\Users\USER\Desktop\Articulo\Datasets\MESSIDOR2\fixed_feather\r224\IM004290.png,basename
APTOS,MESSIDOR2,IM004291.jpg,0,0,0.85315335,0.059356038,0.036530767,0.011162173,0.03979761,0.85315335,external_test,Dark,98.0,fixed_feather,42,C:\Users\USER\Desktop\Articulo\Datasets\MESSIDOR2\fixed_feather\r224\IM004291.png,basename
APTOS,MESSIDOR2,IM004297.jpg,0,0,0.9384491,0.025142182,0.016333153,0.017973498,0.0021020554,0.9384491,external_test,Dark,97.0,fixed_feather,42,C:\Users\USER\Desktop\Articulo\Datasets\MESSIDOR2\fixed_feather\r224\IM004297.png,basename
APTOS,MESSIDOR2,IM004298.jpg,0,0,0.85020673,0.087539025,0.047939964,0.009504117,0.004810161,0.85020673,external_test,Dark,101.0,fixed_feather,42,C:\Users\USER\Desktop\Articulo\Datasets\MESSIDOR2\fixed_feather\r224\IM004298.png,basename
APTOS,MESSIDOR2,IM004305.jpg,0,0,0.9693881,0.009350005,0.0051717735,0.007967933,0.008122193,0.9693881,external_test,VeryDark,81.0,fixed_feather,42,C:\Users\USER\Desktop\Articulo\Datasets\MESSIDOR2\fixed_feather\r224\IM004305.png,basename
APTOS,MESSIDOR2,IM004306.jpg,0,0,0.97629595,0.010028437,0.00074807205,0.012630587,0.00029692327,0.97629595,external_test,VeryDark,79.0,fixed_feather,42,C:\Users\USER\Desktop\Articulo\Datasets\MESSIDOR2\fixed_feather\r224\IM004306.png,basename
APTOS,MESSIDOR2,IM004312.jpg,0,0,0.9646145,0.012836203,0.004772577,0.017411428,0.00036521317,0.9646145,external_test,Dark,89.0,fixed_feather,42,C:\Users\USER\Desktop\Articulo\Datasets\MESSIDOR2\fixed_feather\r224\IM004312.png,basename
APTOS,MESSIDOR2,IM004313.jpg,0,0,0.9243806,0.03211446,0.0035738756,0.039463148,0.00046792105,0.9243806,external_test,Dark,87.0,fixed_feather,42,C:\Users\USER\Desktop\Articulo\Datasets\MESSIDOR2\fixed_feather\r224\IM004313.png,basename
APTOS,MESSIDOR2,IM004342.jpg,0,0,0.7528242,0.13764724,0.010196741,0.09709508,0.0022366866,0.7528242,external_test,Dark,90.0,fixed_feather,42,C:\Users\USER\Desktop\Articulo\Datasets\MESSIDOR2\fixed_feather\r224\IM004342.png,basename
APTOS,MESSIDOR2,IM004343.jpg,0,0,0.9149895,0.04515444,0.005498839,0.03348783,0.0008694069,0.9149895,external_test,Dark,91.0,fixed_feather,42,C:\Users\USER\Desktop\Articulo\Datasets\MESSIDOR2\fixed_feather\r224\IM004343.png,basename
APTOS,MESSIDOR2,IM004346.jpg,4,0,0.69002104,0.17206872,0.095837936,0.026458235,0.015614015,0.69002104,external_test,Dark,85.0,fixed_feather,42,C:\Users\USER\Desktop\Articulo\Datasets\MESSIDOR2\fixed_feather\r224\IM004346.png,basename
APTOS,MESSIDOR2,IM004347.jpg,2,0,0.9284651,0.030225541,0.005561408,0.027994795,0.007753178,0.9284651,external_test,VeryDark,83.0,fixed_feather,42,C:\Users\USER\Desktop\Articulo\Datasets\MESSIDOR2\fixed_feather\r224\IM004347.png,basename
APTOS,MESSIDOR2,IM004391.jpg,0,0,0.7717603,0.01789691,0.013131014,0.17723845,0.019973306,0.7717603,external_test,ExtremelyDark,60.0,fixed_feather,42,C:\Users\USER\Desktop\Articulo\Datasets\MESSIDOR2\fixed_feather\r224\IM004391.png,basename
APTOS,MESSIDOR2,IM004392.jpg,0,0,0.9666578,0.014782162,0.009348694,0.0068132025,0.0023981042,0.9666578,external_test,ExtremelyDark,50.0,fixed_feather,42,C:\Users\USER\Desktop\Articulo\Datasets\MESSIDOR2\fixed_feather\r224\IM004392.png,basename
APTOS,MESSIDOR2,IM004398.jpg,0,0,0.9258487,0.022895709,0.012748286,0.02419757,0.014309736,0.9258487,external_test,VeryDark,70.0,fixed_feather,42,C:\Users\USER\Desktop\Articulo\Datasets\MESSIDOR2\fixed_feather\r224\IM004398.png,basename
APTOS,MESSIDOR2,IM004399.jpg,0,0,0.96832305,0.017296012,0.003885197,0.009758744,0.00073686754,0.96832305,external_test,ExtremelyDark,64.0,fixed_feather,42,C:\Users\USER\Desktop\Articulo\Datasets\MESSIDOR2\fixed_feather\r224\IM004399.png,basename
APTOS,MESSIDOR2,IM004406.jpg,0,0,0.88301873,0.06852861,0.0039247503,0.043620642,0.0009073008,0.88301873,external_test,Dark,101.0,fixed_feather,42,C:\Users\USER\Desktop\Articulo\Datasets\MESSIDOR2\fixed_feather\r224\IM004406.png,basename
APTOS,MESSIDOR2,IM004407.jpg,0,0,0.89235014,0.06670527,0.019544596,0.01988711,0.0015129171,0.89235014,external_test,Dark,98.0,fixed_feather,42,C:\Users\USER\Desktop\Articulo\Datasets\MESSIDOR2\fixed_feather\r224\IM004407.png,basename
APTOS,MESSIDOR2,IM004423.jpg,0,0,0.95200986,0.021168819,0.01632748,0.0039921254,0.006501731,0.95200986,external_test,Normal,118.0,fixed_feather,42,C:\Users\USER\Desktop\Articulo\Datasets\MESSIDOR2\fixed_feather\r224\IM004423.png,basename
APTOS,MESSIDOR2,IM004424.jpg,0,0,0.9813162,0.004307314,0.002125429,0.011832039,0.00041905217,0.9813162,external_test,Dark,95.0,fixed_feather,42,C:\Users\USER\Desktop\Articulo\Datasets\MESSIDOR2\fixed_feather\r224\IM004424.png,basename
APTOS,MESSIDOR2,IM004439.jpg,0,0,0.7041316,0.19106244,0.011578755,0.08917685,0.004050377,0.7041316,external_test,VeryDark,75.0,fixed_feather,42,C:\Users\USER\Desktop\Articulo\Datasets\MESSIDOR2\fixed_feather\r224\IM004439.png,basename
APTOS,MESSIDOR2,IM004440.jpg,0,0,0.9068281,0.071030684,0.00589785,0.015776608,0.0004668191,0.9068281,external_test,ExtremelyDark,69.0,fixed_feather,42,C:\Users\USER\Desktop\Articulo\Datasets\MESSIDOR2\fixed_feather\r224\IM004440.png,basename
APTOS,MESSIDOR2,IM004461.jpg,0,0,0.96457624,0.014715643,0.007488108,0.006239183,0.0069808597,0.96457624,external_test,Normal,116.0,fixed_feather,42,C:\Users\USER\Desktop\Articulo\Datasets\MESSIDOR2\fixed_feather\r224\IM004461.png,basename
APTOS,MESSIDOR2,IM004462.jpg,0,0,0.9727427,0.014909058,0.007024376,0.0034377961,0.0018860714,0.9727427,external_test,Dark,94.0,fixed_feather,42,C:\Users\USER\Desktop\Articulo\Datasets\MESSIDOR2\fixed_feather\r224\IM004462.png,basename
APTOS,MESSIDOR2,IM004470.jpg,0,0,0.9881585,0.00362831,0.0015275901,0.00645951,0.00022610046,0.9881585,external_test,Normal,122.0,fixed_feather,42,C:\Users\USER\Desktop\Articulo\Datasets\MESSIDOR2\fixed_feather\r224\IM004470.png,basename
APTOS,MESSIDOR2,IM004471.jpg,0,0,0.9491071,0.026150236,0.0048018973,0.014709067,0.005231658,0.9491071,external_test,ExtremelyDark,54.0,fixed_feather,42,C:\Users\USER\Desktop\Articulo\Datasets\MESSIDOR2\fixed_feather\r224\IM004471.png,basename
APTOS,MESSIDOR2,IM004493.jpg,0,0,0.91307527,0.041861657,0.006246,0.035296313,0.0035208077,0.91307527,external_test,Dark,85.0,fixed_feather,42,C:\Users\USER\Desktop\Articulo\Datasets\MESSIDOR2\fixed_feather\r224\IM004493.png,basename
APTOS,MESSIDOR2,IM004494.jpg,0,0,0.8698972,0.08011923,0.008208427,0.03873999,0.0030352331,0.8698972,external_test,VeryDark,83.0,fixed_feather,42,C:\Users\USER\Desktop\Articulo\Datasets\MESSIDOR2\fixed_feather\r224\IM004494.png,basename
APTOS,MESSIDOR2,IM004507.jpg,2,0,0.98809844,0.0022332908,0.0007358795,0.008841454,9.0917e-05,0.98809844,external_test,Dark,86.0,fixed_feather,42,C:\Users\USER\Desktop\Articulo\Datasets\MESSIDOR2\fixed_feather\r224\IM004507.png,basename
APTOS,MESSIDOR2,IM004508.jpg,2,0,0.9759685,0.013832958,0.0023462723,0.007746399,0.000105701896,0.9759685,external_test,ExtremelyDark,61.0,fixed_feather,42,C:\Users\USER\Desktop\Articulo\Datasets\MESSIDOR2\fixed_feather\r224\IM004508.png,basename
APTOS,MESSIDOR2,IM004528.jpg,0,0,0.9477869,0.016846722,0.010759412,0.02423171,0.00037517736,0.9477869,external_test,Dark,94.0,fixed_feather,42,C:\Users\USER\Desktop\Articulo\Datasets\MESSIDOR2\fixed_feather\r224\IM004528.png,basename
APTOS,MESSIDOR2,IM004529.jpg,0,0,0.90339947,0.037061952,0.025129968,0.03330947,0.0010991083,0.90339947,external_test,Dark,91.0,fixed_feather,42,C:\Users\USER\Desktop\Articulo\Datasets\MESSIDOR2\fixed_feather\r224\IM004529.png,basename
APTOS,MESSIDOR2,IM004537.jpg,0,0,0.7728924,0.10637252,0.057678405,0.05805329,0.0050033797,0.7728924,external_test,Dark,91.0,fixed_feather,42,C:\Users\USER\Desktop\Articulo\Datasets\MESSIDOR2\fixed_feather\r224\IM004537.png,basename
APTOS,MESSIDOR2,IM004538.jpg,0,0,0.90425,0.043837454,0.011814575,0.038495533,0.0016024697,0.90425,external_test,Dark,90.0,fixed_feather,42,C:\Users\USER\Desktop\Articulo\Datasets\MESSIDOR2\fixed_feather\r224\IM004538.png,basename
APTOS,MESSIDOR2,IM004553.jpg,0,0,0.8501813,0.0878879,0.025472483,0.031451244,0.0050070263,0.8501813,external_test,VeryDark,82.0,fixed_feather,42,C:\Users\USER\Desktop\Articulo\Datasets\MESSIDOR2\fixed_feather\r224\IM004553.png,basename
APTOS,MESSIDOR2,IM004554.jpg,0,0,0.8564417,0.080884464,0.022388058,0.03936953,0.00091625727,0.8564417,external_test,VeryDark,78.0,fixed_feather,42,C:\Users\USER\Desktop\Articulo\Datasets\MESSIDOR2\fixed_feather\r224\IM004554.png,basename
APTOS,MESSIDOR2,IM004569.jpg,0,0,0.9757053,0.012930736,0.0032386116,0.0075301486,0.0005952252,0.9757053,external_test,Dark,87.0,fixed_feather,42,C:\Users\USER\Desktop\Articulo\Datasets\MESSIDOR2\fixed_feather\r224\IM004569.png,basename
APTOS,MESSIDOR2,IM004570.jpg,0,0,0.92328966,0.04340653,0.00467943,0.028089356,0.0005350275,0.92328966,external_test,Dark,85.0,fixed_feather,42,C:\Users\USER\Desktop\Articulo\Datasets\MESSIDOR2\fixed_feather\r224\IM004570.png,basename
APTOS,MESSIDOR2,IM004599.jpg,0,0,0.90330094,0.061530024,0.018866828,0.014782936,0.0015192784,0.90330094,external_test,Dark,94.0,fixed_feather,42,C:\Users\USER\Desktop\Articulo\Datasets\MESSIDOR2\fixed_feather\r224\IM004599.png,basename
APTOS,MESSIDOR2,IM004600.jpg,0,0,0.91190284,0.070245326,0.007941963,0.00857324,0.0013366854,0.91190284,external_test,ExtremelyDark,64.0,fixed_feather,42,C:\Users\USER\Desktop\Articulo\Datasets\MESSIDOR2\fixed_feather\r224\IM004600.png,basename
APTOS,MESSIDOR2,IM004606.jpg,0,0,0.95040274,0.030072117,0.0026516458,0.014473698,0.002399828,0.95040274,external_test,VeryDark,76.0,fixed_feather,42,C:\Users\USER\Desktop\Articulo\Datasets\MESSIDOR2\fixed_feather\r224\IM004606.png,basename
APTOS,MESSIDOR2,IM004607.jpg,0,0,0.9526751,0.03421971,0.0021177796,0.0093129305,0.0016745962,0.9526751,external_test,ExtremelyDark,59.0,fixed_feather,42,C:\Users\USER\Desktop\Articulo\Datasets\MESSIDOR2\fixed_feather\r224\IM004607.png,basename
APTOS,MESSIDOR2,IM004620.jpg,0,0,0.95772564,0.03364943,0.0013739754,0.0057272213,0.001523864,0.95772564,external_test,Dark,86.0,fixed_feather,42,C:\Users\USER\Desktop\Articulo\Datasets\MESSIDOR2\fixed_feather\r224\IM004620.png,basename
APTOS,MESSIDOR2,IM004621.jpg,0,0,0.9465502,0.04031776,0.0047114524,0.0061039077,0.0023166265,0.9465502,external_test,VeryDark,78.0,fixed_feather,42,C:\Users\USER\Desktop\Articulo\Datasets\MESSIDOR2\fixed_feather\r224\IM004621.png,basename
APTOS,MESSIDOR2,IM004638.jpg,0,0,0.9842865,0.008722602,0.0018452872,0.005054108,9.136654e-05,0.9842865,external_test,Dark,97.0,fixed_feather,42,C:\Users\USER\Desktop\Articulo\Datasets\MESSIDOR2\fixed_feather\r224\IM004638.png,basename
APTOS,MESSIDOR2,IM004639.jpg,0,0,0.924303,0.055342373,0.004621376,0.014030845,0.0017025128,0.924303,external_test,VeryDark,72.0,fixed_feather,42,C:\Users\USER\Desktop\Articulo\Datasets\MESSIDOR2\fixed_feather\r224\IM004639.png,basename
APTOS,MESSIDOR2,IM004645.jpg,0,0,0.91748095,0.038068477,0.020098206,0.023551935,0.0008004452,0.91748095,external_test,Dark,94.0,fixed_feather,42,C:\Users\USER\Desktop\Articulo\Datasets\MESSIDOR2\fixed_feather\r224\IM004645.png,basename
APTOS,MESSIDOR2,IM004646.jpg,0,0,0.76078796,0.09948474,0.093276896,0.043574233,0.0028760273,0.76078796,external_test,ExtremelyDark,67.0,fixed_feather,42,C:\Users\USER\Desktop\Articulo\Datasets\MESSIDOR2\fixed_feather\r224\IM004646.png,basename
APTOS,MESSIDOR2,IM004653.jpg,0,0,0.97176737,0.00982648,0.011665734,0.006184043,0.0005563431,0.97176737,external_test,Dark,108.0,fixed_feather,42,C:\Users\USER\Desktop\Articulo\Datasets\MESSIDOR2\fixed_feather\r224\IM004653.png,basename
APTOS,MESSIDOR2,IM004654.jpg,0,0,0.9145523,0.045194328,0.013892902,0.025133912,0.0012266478,0.9145523,external_test,VeryDark,82.0,fixed_feather,42,C:\Users\USER\Desktop\Articulo\Datasets\MESSIDOR2\fixed_feather\r224\IM004654.png,basename
APTOS,MESSIDOR2,IM004668.jpg,0,0,0.9481633,0.021061245,0.0014659641,0.028962981,0.00034660473,0.9481633,external_test,ExtremelyDark,66.0,fixed_feather,42,C:\Users\USER\Desktop\Articulo\Datasets\MESSIDOR2\fixed_feather\r224\IM004668.png,basename
APTOS,MESSIDOR2,IM004669.jpg,0,0,0.963745,0.016138397,0.0010889434,0.018593298,0.00043445913,0.963745,external_test,ExtremelyDark,65.0,fixed_feather,42,C:\Users\USER\Desktop\Articulo\Datasets\MESSIDOR2\fixed_feather\r224\IM004669.png,basename
APTOS,MESSIDOR2,IM004685.jpg,0,0,0.78815687,0.10379484,0.043218106,0.056801498,0.00802871,0.78815687,external_test,VeryDark,82.0,fixed_feather,42,C:\Users\USER\Desktop\Articulo\Datasets\MESSIDOR2\fixed_feather\r224\IM004685.png,basename
APTOS,MESSIDOR2,IM004686.jpg,0,0,0.7780231,0.07064309,0.07696263,0.05307678,0.021294512,0.7780231,external_test,VeryDark,81.0,fixed_feather,42,C:\Users\USER\Desktop\Articulo\Datasets\MESSIDOR2\fixed_feather\r224\IM004686.png,basename
APTOS,MESSIDOR2,IM004737.jpg,0,0,0.5666367,0.2848291,0.0935781,0.03763725,0.017318826,0.5666367,external_test,VeryDark,80.0,fixed_feather,42,C:\Users\USER\Desktop\Articulo\Datasets\MESSIDOR2\fixed_feather\r224\IM004737.png,basename
APTOS,MESSIDOR2,IM004739.jpg,0,0,0.8593326,0.10129232,0.023022063,0.011968891,0.004384105,0.8593326,external_test,VeryDark,83.0,fixed_feather,42,C:\Users\USER\Desktop\Articulo\Datasets\MESSIDOR2\fixed_feather\r224\IM004739.png,basename
APTOS,MESSIDOR2,IM004747.jpg,0,0,0.91660714,0.049643416,0.02597368,0.0058081923,0.0019675444,0.91660714,external_test,Dark,101.0,fixed_feather,42,C:\Users\USER\Desktop\Articulo\Datasets\MESSIDOR2\fixed_feather\r224\IM004747.png,basename
APTOS,MESSIDOR2,IM004748.jpg,0,0,0.93428105,0.036688466,0.019852964,0.0045771217,0.004600425,0.93428105,external_test,Dark,88.0,fixed_feather,42,C:\Users\USER\Desktop\Articulo\Datasets\MESSIDOR2\fixed_feather\r224\IM004748.png,basename
APTOS,MESSIDOR2,IM004764.jpg,0,0,0.96383095,0.025181798,0.0022343104,0.0077648875,0.0009881277,0.96383095,external_test,Dark,86.0,fixed_feather,42,C:\Users\USER\Desktop\Articulo\Datasets\MESSIDOR2\fixed_feather\r224\IM004764.png,basename
APTOS,MESSIDOR2,IM004765.jpg,0,0,0.9507337,0.029130727,0.006765104,0.009116021,0.0042543653,0.9507337,external_test,VeryDark,73.0,fixed_feather,42,C:\Users\USER\Desktop\Articulo\Datasets\MESSIDOR2\fixed_feather\r224\IM004765.png,basename
APTOS,MESSIDOR2,IM004782.jpg,0,0,0.9827765,0.007452834,0.0038367142,0.001862308,0.0040715686,0.9827765,external_test,Bright,131.0,fixed_feather,42,C:\Users\USER\Desktop\Articulo\Datasets\MESSIDOR2\fixed_feather\r224\IM004782.png,basename
APTOS,MESSIDOR2,IM004783.jpg,0,0,0.9912702,0.005258228,0.0014284618,0.00141988,0.0006232539,0.9912702,external_test,Normal,110.0,fixed_feather,42,C:\Users\USER\Desktop\Articulo\Datasets\MESSIDOR2\fixed_feather\r224\IM004783.png,basename
APTOS,MESSIDOR2,IM004797.jpg,1,0,0.9333716,0.025124088,0.016108386,0.01864564,0.006750352,0.9333716,external_test,Dark,93.0,fixed_feather,42,C:\Users\USER\Desktop\Articulo\Datasets\MESSIDOR2\fixed_feather\r224\IM004797.png,basename
APTOS,MESSIDOR2,IM004798.jpg,0,0,0.96959394,0.011627738,0.0036733975,0.0136262635,0.0014786706,0.96959394,external_test,Dark,104.0,fixed_feather,42,C:\Users\USER\Desktop\Articulo\Datasets\MESSIDOR2\fixed_feather\r224\IM004798.png,basename
APTOS,MESSIDOR2,IM004805.jpg,0,0,0.9145904,0.0455752,0.014867285,0.01926806,0.0056990413,0.9145904,external_test,VeryDark,71.0,fixed_feather,42,C:\Users\USER\Desktop\Articulo\Datasets\MESSIDOR2\fixed_feather\r224\IM004805.png,basename
APTOS,MESSIDOR2,IM004806.jpg,0,0,0.9278394,0.03854231,0.020353455,0.012891949,0.0003728252,0.9278394,external_test,ExtremelyDark,62.0,fixed_feather,42,C:\Users\USER\Desktop\Articulo\Datasets\MESSIDOR2\fixed_feather\r224\IM004806.png,basename
APTOS,MESSIDOR2,IM004811.jpg,1,0,0.90498275,0.036387052,0.00960852,0.045905016,0.0031165867,0.90498275,external_test,VeryDark,71.0,fixed_feather,42,C:\Users\USER\Desktop\Articulo\Datasets\MESSIDOR2\fixed_feather\r224\IM004811.png,basename
APTOS,MESSIDOR2,IM004812.jpg,2,0,0.83906925,0.09619783,0.007321661,0.055390928,0.002020418,0.83906925,external_test,VeryDark,77.0,fixed_feather,42,C:\Users\USER\Desktop\Articulo\Datasets\MESSIDOR2\fixed_feather\r224\IM004812.png,basename
APTOS,MESSIDOR2,IM004831.jpg,0,0,0.8918385,0.07374644,0.0077246693,0.025969181,0.0007212024,0.8918385,external_test,Dark,97.0,fixed_feather,42,C:\Users\USER\Desktop\Articulo\Datasets\MESSIDOR2\fixed_feather\r224\IM004831.png,basename
APTOS,MESSIDOR2,IM004832.jpg,0,0,0.86966085,0.025554812,0.040288627,0.023872567,0.04062305,0.86966085,external_test,ExtremelyDark,57.0,fixed_feather,42,C:\Users\USER\Desktop\Articulo\Datasets\MESSIDOR2\fixed_feather\r224\IM004832.png,basename
